{
    "display": {
        "title": {
            "text": "a_soulspark",
            "color": "aqua"
        },
        "description": {
            "text": "Datapack lover",
            "color": "yellow"
        },
        "icon": {
            "item": "minecraft:player_head",
            "nbt": "{SkullOwner: 'eddzer'}"
        },
        "show_toast": false,
        "announce_to_chat": false
    },
    "parent": "global:root",
    "criteria": {
        "trigger": {
            "trigger": "minecraft:tick"
        }
    }
}
