{
  "criteria": {
    "requirement": {
      "trigger": "minecraft:tick",
      "conditions": {
        "player": [
          {
            "condition": "minecraft:alternative",
            "terms": [
              {
                "condition": "minecraft:entity_scores",
                "entity": "this",
                "scores": {
                  "fo.m_wheat": {
                    "min": 1,
                    "max": 10000
                  }
                }
              },
              {
                "condition": "minecraft:entity_scores",
                "entity": "this",
                "scores": {
                  "fo.m_carrots": {
                    "min": 1,
                    "max": 10000
                  }
                }
              },
              {
                "condition": "minecraft:entity_scores",
                "entity": "this",
                "scores": {
                  "fo.m_potatoes": {
                    "min": 1,
                    "max": 10000
                  }
                }
              },
              {
                "condition": "minecraft:entity_scores",
                "entity": "this",
                "scores": {
                  "fo.m_beetroots": {
                    "min": 1,
                    "max": 10000
                  }
                }
              },
              {
                "condition": "minecraft:entity_scores",
                "entity": "this",
                "scores": {
                  "fo.m_wart": {
                    "min": 1,
                    "max": 10000
                  }
                }
              }
            ]
          }
        ]
      }
    }
  },
  "rewards": {
    "function": "farming_orbs:on_crop_mined"
  }
}
