{
  "type": "minecraft:custom",
  "generator": {
    "type": "minecraft:noise",
    "seed": -1464245863,
    "biome_source": {
      "type": "minecraft:multi_noise",
      "seed": -1464245863,
      "altitude_noise": {
        "firstOctave": -7,
        "amplitudes": [
          1,
          1
        ]
      },
      "temperature_noise": {
        "firstOctave": -7,
        "amplitudes": [
          1,
          1
        ]
      },
      "humidity_noise": {
        "firstOctave": -7,
        "amplitudes": [
          1,
          1
        ]
      },
      "weirdness_noise": {
        "firstOctave": -7,
        "amplitudes": [
          1,
          1
        ]
      },
      "biomes": [
        {
          "biome": "minecraft:basalt_badlands",
          "parameters": {
            "altitude": 0.1,
            "temperature": 0.7,
            "humidity": 0.2,
            "weirdness": 0.1,
            "offset": 0
          }
        },
        {
          "biome": "minecraft:poisonous_plains",
          "parameters": {
            "altitude": 0.1,
            "temperature": 0.3,
            "humidity": 0.3,
            "weirdness": 0.9,
            "offset": 0.6
          }
        },
        {
          "biome": "minecraft:fire_forest",
          "parameters": {
            "altitude": 0.1,
            "temperature": 1,
            "humidity": 0.1,
            "weirdness": 0.3,
            "offset": 0.4
          }
        },
        {
          "biome": "minecraft:dead_sea",
          "parameters": {
            "altitude": 0,
            "temperature": 0.5,
            "humidity": 0,
            "weirdness": 0,
            "offset": 0.1
          }
        },
        {
          "biome": "minecraft:cakeland",
          "parameters": {
            "altitude": 0.1,
            "temperature": 0.1,
            "humidity": 0.5,
            "weirdness": 1,
            "offset": 0.9
          }
        },
        {
          "biome": "minecraft:autumn_hills",
          "parameters": {
            "altitude": 0.2,
            "temperature": 0.5,
            "humidity": 0.5,
            "weirdness": 0.4,
            "offset": 0.5
          }
        },
        {
          "biome": "minecraft:illusional_forest",
          "parameters": {
            "altitude": 0.3,
            "temperature": 0.9,
            "humidity": 0.9,
            "weirdness": 0.1,
            "offset": 0.3
          }
        }
      ]
    },
    "settings": "minecraft:gilded"
  }
}