{
  "surface_builder": "minecraft:basalt_deltas",
  "depth": 0.1,
  "scale": 0,
  "temperature": 0,
  "downfall": 0.3,
  "precipitation": "snow",
  "temperature_modifier": "frozen",
  "category": "icy",
  "player_spawn_friendly": false,
  "effects": {
    "sky_color": 3355443,
    "fog_color": 12632256,
    "water_color": 8421504,
    "water_fog_color": 8421504,
    "grass_color": 5395026,
    "particle": {
      "options": {
        "type": "minecraft:white_ash"
      },
      "probability": 0.118093334
    }
  },
  "starts": [
    "minecraft:ruined_portal_nether"
  ],
  "spawners": {
    "monster": [
      {
        "type": "minecraft:magma_cube",
        "weight": 100,
        "minCount": 2,
        "maxCount": 5
      }
    ],
    "creature": [
      {
        "type": "minecraft:strider",
        "weight": 60,
        "minCount": 1,
        "maxCount": 2
      }
    ],
    "ambient": [],
    "water_creature": [],
    "water_ambient": [],
    "misc": []
  },
  "spawn_costs": {},
  "carvers": {},
  "features": [
    [],
    [
      "minecraft:snow_ore"
    ],
    [
      "minecraft:lake_water",
      "minecraft:lake_water",
      "minecraft:ice_patch"
    ],
    [
      "minecraft:iceberg_packed",
      "minecraft:iceberg_blue"
    ],
    [
      "minecraft:small_basalt_columns",
      "minecraft:basalt_pillar",
      "minecraft:large_basalt_columns"
    ],
    [
      "minecraft:ice_spike"
    ],
    [],
    [
      "minecraft:basalt_blobs",
      "minecraft:blackstone_blobs",
      "minecraft:patch_fire",
      "minecraft:patch_soul_fire",
      "minecraft:glowstone_extra",
      "minecraft:glowstone",
      "minecraft:brown_mushroom_nether",
      "minecraft:red_mushroom_nether"
    ],
    []
  ]
}