{
  "surface_builder": "minecraft:fire_surface",
  "depth": 0.1,
  "scale": 0,
  "temperature": 2,
  "downfall": 0,
  "precipitation": "none",
  "category": "nether",
  "effects": {
    "sky_color": 3276800,
    "fog_color": 9830400,
    "water_color": 3343107,
    "water_fog_color": 3343107,
    "ambient_sound": "minecraft:ambient.crimson_forest.loop",
    "mood_sound": {
      "sound": "minecraft:ambient.crimson_forest.mood",
      "tick_delay": 6000,
      "block_search_extent": 8,
      "offset": 2
    },
    "additions_sound": {
      "sound": "minecraft:ambient.crimson_forest.additions",
      "tick_chance": 0.0111
    },
    "music": {
      "sound": "minecraft:music.nether.crimson_forest",
      "min_delay": 12000,
      "max_delay": 24000,
      "replace_current_music": false
    },
    "particle": {
      "options": {
        "type": "minecraft:crimson_spore"
      },
      "probability": 0.025
    }
  },
  "starts": [],
  "spawners": {
    "monster": [
      {
        "type": "minecraft:magma_cube",
        "weight": 2,
        "minCount": 2,
        "maxCount": 4
      },
      {
        "type": "minecraft:piglin_brute",
        "weight": 1,
        "minCount": 1,
        "maxCount": 1
      },
      {
        "type": "minecraft:blaze",
        "weight": 5,
        "minCount": 3,
        "maxCount": 4
      }
    ],
    "creature": [
      {
        "type": "minecraft:strider",
        "weight": 60,
        "minCount": 1,
        "maxCount": 2
      }
    ],
    "ambient": [],
    "water_creature": [],
    "water_ambient": [],
    "misc": []
  },
  "spawn_costs": {},
  "carvers": {
    "air": [
      "minecraft:nether_cave"
    ]
  },
  "features": [
    [],
    [],
    [],
    [],
    [],
    [],
    [],
    [
      "minecraft:spring_open",
      "minecraft:patch_fire",
      "minecraft:glowstone_extra",
      "minecraft:glowstone",
      "minecraft:ore_magma",
      "minecraft:spring_closed",
      "minecraft:ore_gravel_nether",
      "minecraft:ore_blackstone",
      "minecraft:ore_gold_nether",
      "minecraft:ore_quartz_nether"
    ],
    [
      "minecraft:spring_lava",
      "minecraft:red_mushroom_normal",
      "minecraft:red_mushroom_giant",
      "minecraft:weeping_vines",
      "minecraft:crimson_fungi",
      "minecraft:fire_vegetation",
      "minecraft:patch_nether_wart"
    ]
  ]
}