{
  "surface_builder": "minecraft:grass",
  "depth": 0.2,
  "scale": 0,
  "temperature": 0.9,
  "downfall": 1,
  "precipitation": "rain",
  "category": "mushroom",
  "player_spawn_friendly": false,
  "effects": {
    "sky_color": 8388863,
    "fog_color": 13762770,
    "water_color": 8388736,
    "water_fog_color": 8388736,
    "grass_color": 9568694,
    "foliage_color": 4849738,
    "mood_sound": {
      "sound": "minecraft:ambient.cave",
      "tick_delay": 6000,
      "block_search_extent": 8,
      "offset": 2
    }
  },
  "starts": [
    "minecraft:mineshaft",
    "minecraft:stronghold",
    "minecraft:ruined_portal"
  ],
  "spawners": {
    "monster": [],
    "creature": [
      {
        "type": "minecraft:mooshroom",
        "weight": 8,
        "minCount": 4,
        "maxCount": 8
      },
      {
        "type": "minecraft:mooshroom",
        "weight": 1,
        "minCount": 4,
        "maxCount": 8
      }
    ],
    "ambient": [
      {
        "type": "minecraft:bat",
        "weight": 10,
        "minCount": 8,
        "maxCount": 8
      }
    ],
    "water_creature": [],
    "water_ambient": [],
    "misc": []
  },
  "spawn_costs": {},
  "carvers": {
    "air": [
      "minecraft:cave",
      "minecraft:canyon"
    ]
  },
  "features": [
    [],
    [
      "minecraft:lake_water",
      "minecraft:lake_lava"
    ],
    [],
    [
      "minecraft:monster_room"
    ],
    [],
    [],
    [
      "minecraft:ore_dirt",
      "minecraft:ore_gravel",
      "minecraft:ore_granite",
      "minecraft:ore_diorite",
      "minecraft:ore_andesite",
      "minecraft:ore_coal",
      "minecraft:ore_iron",
      "minecraft:ore_gold",
      "minecraft:ore_redstone",
      "minecraft:ore_diamond",
      "minecraft:ore_lapis",
      "minecraft:ore_lapis",
      "minecraft:disk_clay",
      "minecraft:disk_gravel"
    ],
    [
      "minecraft:crying_ore"
    ],
    [
      "minecraft:mushroom_field_vegetation",
      "minecraft:brown_mushroom_taiga",
      "minecraft:red_mushroom_taiga",
      "minecraft:brown_mushroom_normal",
      "minecraft:red_mushroom_normal",
      "minecraft:patch_sugar_cane",
      "minecraft:patch_pumpkin",
      "minecraft:spring_water",
      "minecraft:spring_lava"
    ],
    [
      "minecraft:freeze_top_layer"
    ]
  ]
}