{
    "providers": [

        {
            "type": "bitmap", "file": "minecraft:item/netherite_chestplate.png","ascent": 12,"height": 16,
            "chars": ["1"]
        },{
            "type": "bitmap", "file": "minecraft:item/diamond_chestplate.png","ascent": 12,"height": 16,
            "chars": ["2"]
        },{
            "type": "bitmap", "file": "minecraft:item/iron_chestplate.png","ascent": 12,"height": 16,
            "chars": ["3"]
        },{
            "type": "bitmap", "file": "minecraft:item/golden_chestplate.png","ascent": 12,"height": 16,
            "chars": ["4"]
        },{
            "type": "bitmap", "file": "minecraft:item/leather_chestplate.png","ascent": 12,"height": 16,
            "chars": ["5"]
        },{
            "type": "bitmap", "file": "minecraft:item/chainmail_chestplate.png","ascent": 12,"height": 16,
            "chars": ["6"]
        }, {
            "type": "bitmap", "file": "minecraft:item/elytra.png","ascent": 12,"height": 16,
            "chars": ["7"]
        }, {
            "type": "bitmap", "file": "minecraft:item/broken_elytra.png","ascent": 12,"height": 16,
            "chars": ["8"]
        }

    ]
}