{
    "providers": [
        {
            "type": "bitmap", "file": "minecraft:item/netherite_boots.png","ascent": 12,"height": 16,
            "chars": ["1"]
        },{
            "type": "bitmap", "file": "minecraft:item/diamond_boots.png","ascent": 12,"height": 16,
            "chars": ["2"]
        },{
            "type": "bitmap", "file": "minecraft:item/iron_boots.png","ascent": 12,"height": 16,
            "chars": ["3"]
        },{
            "type": "bitmap", "file": "minecraft:item/golden_boots.png","ascent": 12,"height": 16,
            "chars": ["4"]
        },{
            "type": "bitmap", "file": "minecraft:item/leather_boots.png","ascent": 12,"height": 16,
            "chars": ["5"]
        },{
            "type": "bitmap", "file": "minecraft:item/chainmail_boots.png","ascent": 12,"height": 16,
            "chars": ["6"]
        }

    ]
}