{
    "providers": [
        {
            "type": "bitmap", "file": "minecraft:item/netherite_helmet.png","ascent": 12,"height": 16,
            "chars": ["1"]
        },{
            "type": "bitmap", "file": "minecraft:item/diamond_helmet.png","ascent": 12,"height": 16,
            "chars": ["2"]
        },{
            "type": "bitmap", "file": "minecraft:item/iron_helmet.png","ascent": 12,"height": 16,
            "chars": ["3"]
        },{
            "type": "bitmap", "file": "minecraft:item/golden_helmet.png","ascent": 12,"height": 16,
            "chars": ["4"]
        },{
            "type": "bitmap", "file": "minecraft:item/leather_helmet.png","ascent": 12,"height": 16,
            "chars": ["5"]
        },{
            "type": "bitmap", "file": "minecraft:item/chainmail_helmet.png","ascent": 12,"height": 16,
            "chars": ["6"]
        },{
            "type": "bitmap", "file": "minecraft:item/turtle_helmet.png","ascent": 12,"height": 16,
            "chars": ["7"]
        }
    ]
}