{
    "providers": [
        {
            "type": "bitmap", "file": "minecraft:item/netherite_leggings.png","ascent": 12,"height": 16,
            "chars": ["1"]
        },{
            "type": "bitmap", "file": "minecraft:item/diamond_leggings.png","ascent": 12,"height": 16,
            "chars": ["2"]
        },{
            "type": "bitmap", "file": "minecraft:item/iron_leggings.png","ascent": 12,"height": 16,
            "chars": ["3"]
        },{
            "type": "bitmap", "file": "minecraft:item/golden_leggings.png","ascent": 12,"height": 16,
            "chars": ["4"]
        },{
            "type": "bitmap", "file": "minecraft:item/leather_leggings.png","ascent": 12,"height": 16,
            "chars": ["5"]
        },{
            "type": "bitmap", "file": "minecraft:item/chainmail_leggings.png","ascent": 12,"height": 16,
            "chars": ["6"]
        }

    ]
}