{
  "pools": [
    {
      "rolls": 1,
      "entries": [
        {
          "type": "minecraft:item",
          "name": "minecraft:map",
          "functions": [
            {
              "function": "minecraft:exploration_map",
              "destination": "village",
              "decoration": "target_point",
              "skip_existing_chunks": true
            },
			{
                  "function": "minecraft:set_name",
                  "name": "Raid Plan Map",
                  "entity": "this"
            }
          ]
        }
      ]
    },
	    {
      "rolls": 1,
      "entries": [
	 {
              "type": "minecraft:item",
              "name": "minecraft:map",
              "functions": [
                {
                  "function": "minecraft:exploration_map",
                  "destination": "mineshaft",
                  "decoration": "target_x",
                  "skip_existing_chunks": true
                },
                {
                  "function": "minecraft:set_name",
                  "name": "Underground Explorer Map",
                  "entity": "this"
                }
              ]
            }
		]
	},
	    {
      "rolls": 1,
      "entries": [
            {
              "type": "minecraft:item",
              "name": "minecraft:map",
              "functions": [
                {
                  "function": "minecraft:exploration_map",
                  "destination": "desert_pyramid",
                  "decoration": "red_marker",
                  "skip_existing_chunks": true
                },
                {
                  "function": "minecraft:set_name",
                  "name": "Explorer Map",
                  "entity": "this"
                }
              ]
            }
		]
	},
	    {
      "rolls": 1,
      "entries": [
            {
              "type": "minecraft:item",
              "name": "minecraft:map",
              "functions": [
                {
                  "function": "minecraft:exploration_map",
                  "destination": "jungle_pyramid",
                  "decoration": "red_marker",
                  "zoom": 2,
                  "skip_existing_chunks": true
                },
                {
                  "function": "minecraft:set_name",
                  "name": "Explorer Map",
                  "entity": "this"
                }
              ]
            }
		]
	},
	    {
      "rolls": 1,
      "entries": [
            {
              "type": "minecraft:item",
              "name": "minecraft:map",
              "functions": [
                {
                  "function": "minecraft:exploration_map",
                  "destination": "igloo",
                  "decoration": "red_marker",
                  "skip_existing_chunks": true
                },
                {
                  "function": "minecraft:set_name",
                  "name": "Explorer Map",
                  "entity": "this"
                }
              ]
            }
		]
	}
  ]
}