{"predicate":{"equipment":{"mainhand":{"item":"minecraft:minecraft:bow"}}},"condition":"minecraft:entity_properties","entity":"this"}{"predicate":{"equipment":{"mainhand":{"item":"minecraft:minecraft:crossbow"}}},"condition":"minecraft:entity_properties","entity":"this"}{"predicate":{"equipment":{"mainhand":{"item":"minecraft:minecraft:trident"}}},"condition":"minecraft:entity_properties","entity":"this"}{"predicate":{"equipment":{"mainhand":{"item":"minecraft:minecraft:shield"}}},"condition":"minecraft:entity_properties","entity":"this"}{"predicate":{"equipment":{"mainhand":{"item":"minecraft:minecraft:shears"}}},"condition":"minecraft:entity_properties","entity":"this"}{"predicate":{"equipment":{"mainhand":{"item":"minecraft:minecraft:carrot_on_a_stick"}}},"condition":"minecraft:entity_properties","entity":"this"}{"predicate":{"equipment":{"mainhand":{"item":"minecraft:minecraft:warped_fungus_on_a_stick"}}},"condition":"minecraft:entity_properties","entity":"this"}{"predicate":{"equipment":{"mainhand":{"item":"minecraft:minecraft:flint_and_steel"}}},"condition":"minecraft:entity_properties","entity":"this"}{"predicate":{"equipment":{"mainhand":{"item":"minecraft:minecraft:fishing_rod"}}},"condition":"minecraft:entity_properties","entity":"this"}{"predicate":{"equipment":{"mainhand":{"item":"minecraft:minecraft:wooden_pickaxe"}}},"condition":"minecraft:entity_properties","entity":"this"}{"predicate":{"equipment":{"mainhand":{"item":"minecraft:minecraft:wooden_axe"}}},"condition":"minecraft:entity_properties","entity":"this"}{"predicate":{"equipment":{"mainhand":{"item":"minecraft:minecraft:wooden_sword"}}},"condition":"minecraft:entity_properties","entity":"this"}{"predicate":{"equipment":{"mainhand":{"item":"minecraft:minecraft:wooden_shovel"}}},"condition":"minecraft:entity_properties","entity":"this"}{"predicate":{"equipment":{"mainhand":{"item":"minecraft:minecraft:wooden_hoe"}}},"condition":"minecraft:entity_properties","entity":"this"}{"predicate":{"equipment":{"mainhand":{"item":"minecraft:minecraft:stone_pickaxe"}}},"condition":"minecraft:entity_properties","entity":"this"}{"predicate":{"equipment":{"mainhand":{"item":"minecraft:minecraft:stone_axe"}}},"condition":"minecraft:entity_properties","entity":"this"}{"predicate":{"equipment":{"mainhand":{"item":"minecraft:minecraft:stone_sword"}}},"condition":"minecraft:entity_properties","entity":"this"}{"predicate":{"equipment":{"mainhand":{"item":"minecraft:minecraft:stone_shovel"}}},"condition":"minecraft:entity_properties","entity":"this"}{"predicate":{"equipment":{"mainhand":{"item":"minecraft:minecraft:stone_hoe"}}},"condition":"minecraft:entity_properties","entity":"this"}{"predicate":{"equipment":{"mainhand":{"item":"minecraft:minecraft:iron_pickaxe"}}},"condition":"minecraft:entity_properties","entity":"this"}{"predicate":{"equipment":{"mainhand":{"item":"minecraft:minecraft:iron_axe"}}},"condition":"minecraft:entity_properties","entity":"this"}{"predicate":{"equipment":{"mainhand":{"item":"minecraft:minecraft:iron_sword"}}},"condition":"minecraft:entity_properties","entity":"this"}{"predicate":{"equipment":{"mainhand":{"item":"minecraft:minecraft:iron_shovel"}}},"condition":"minecraft:entity_properties","entity":"this"}{"predicate":{"equipment":{"mainhand":{"item":"minecraft:minecraft:iron_hoe"}}},"condition":"minecraft:entity_properties","entity":"this"}{"predicate":{"equipment":{"mainhand":{"item":"minecraft:minecraft:golden_pickaxe"}}},"condition":"minecraft:entity_properties","entity":"this"}{"predicate":{"equipment":{"mainhand":{"item":"minecraft:minecraft:golden_axe"}}},"condition":"minecraft:entity_properties","entity":"this"}{"predicate":{"equipment":{"mainhand":{"item":"minecraft:minecraft:golden_sword"}}},"condition":"minecraft:entity_properties","entity":"this"}{"predicate":{"equipment":{"mainhand":{"item":"minecraft:minecraft:golden_shovel"}}},"condition":"minecraft:entity_properties","entity":"this"}{"predicate":{"equipment":{"mainhand":{"item":"minecraft:minecraft:golden_hoe"}}},"condition":"minecraft:entity_properties","entity":"this"}{"predicate":{"equipment":{"mainhand":{"item":"minecraft:minecraft:diamond_pickaxe"}}},"condition":"minecraft:entity_properties","entity":"this"}{"predicate":{"equipment":{"mainhand":{"item":"minecraft:minecraft:diamond_axe"}}},"condition":"minecraft:entity_properties","entity":"this"}{"predicate":{"equipment":{"mainhand":{"item":"minecraft:minecraft:diamond_sword"}}},"condition":"minecraft:entity_properties","entity":"this"}{"predicate":{"equipment":{"mainhand":{"item":"minecraft:minecraft:diamond_shovel"}}},"condition":"minecraft:entity_properties","entity":"this"}{"predicate":{"equipment":{"mainhand":{"item":"minecraft:minecraft:diamond_hoe"}}},"condition":"minecraft:entity_properties","entity":"this"}{"predicate":{"equipment":{"mainhand":{"item":"minecraft:minecraft:netherite_sword"}}},"condition":"minecraft:entity_properties","entity":"this"}{"predicate":{"equipment":{"mainhand":{"item":"minecraft:minecraft:netherite_axe"}}},"condition":"minecraft:entity_properties","entity":"this"}{"predicate":{"equipment":{"mainhand":{"item":"minecraft:minecraft:netherite_hoe"}}},"condition":"minecraft:entity_properties","entity":"this"}{"predicate":{"equipment":{"mainhand":{"item":"minecraft:minecraft:netherite_shovel"}}},"condition":"minecraft:entity_properties","entity":"this"}{"predicate":{"equipment":{"mainhand":{"item":"minecraft:minecraft:netherite_pickaxe"}}},"condition":"minecraft:entity_properties","entity":"this"}{"predicate":{"equipment":{"mainhand":{"item":"minecraft:minecraft:netherite_chestplate"}}},"condition":"minecraft:entity_properties","entity":"this"}{"predicate":{"equipment":{"mainhand":{"item":"minecraft:minecraft:diamond_chestplate"}}},"condition":"minecraft:entity_properties","entity":"this"}{"predicate":{"equipment":{"mainhand":{"item":"minecraft:minecraft:iron_chestplate"}}},"condition":"minecraft:entity_properties","entity":"this"}{"predicate":{"equipment":{"mainhand":{"item":"minecraft:minecraft:chainmail_chestplate"}}},"condition":"minecraft:entity_properties","entity":"this"}{"predicate":{"equipment":{"mainhand":{"item":"minecraft:minecraft:golden_chestplate"}}},"condition":"minecraft:entity_properties","entity":"this"}{"predicate":{"equipment":{"mainhand":{"item":"minecraft:minecraft:leather_chestplate"}}},"condition":"minecraft:entity_properties","entity":"this"}{"predicate":{"equipment":{"mainhand":{"item":"minecraft:minecraft:elytra"}}},"condition":"minecraft:entity_properties","entity":"this"}{"predicate":{"equipment":{"mainhand":{"item":"minecraft:minecraft:diamond_boots"}}},"condition":"minecraft:entity_properties","entity":"this"}{"predicate":{"equipment":{"mainhand":{"item":"minecraft:minecraft:iron_boots"}}},"condition":"minecraft:entity_properties","entity":"this"}{"predicate":{"equipment":{"mainhand":{"item":"minecraft:minecraft:chainmail_boots"}}},"condition":"minecraft:entity_properties","entity":"this"}{"predicate":{"equipment":{"mainhand":{"item":"minecraft:minecraft:golden_boots"}}},"condition":"minecraft:entity_properties","entity":"this"}{"predicate":{"equipment":{"mainhand":{"item":"minecraft:minecraft:leather_boots"}}},"condition":"minecraft:entity_properties","entity":"this"}{"predicate":{"equipment":{"mainhand":{"item":"minecraft:minecraft:netherite_boots"}}},"condition":"minecraft:entity_properties","entity":"this"}{"predicate":{"equipment":{"mainhand":{"item":"minecraft:minecraft:diamond_leggings"}}},"condition":"minecraft:entity_properties","entity":"this"}{"predicate":{"equipment":{"mainhand":{"item":"minecraft:minecraft:iron_leggings"}}},"condition":"minecraft:entity_properties","entity":"this"}{"predicate":{"equipment":{"mainhand":{"item":"minecraft:minecraft:chainmail_leggings"}}},"condition":"minecraft:entity_properties","entity":"this"}{"predicate":{"equipment":{"mainhand":{"item":"minecraft:minecraft:golden_leggings"}}},"condition":"minecraft:entity_properties","entity":"this"}{"predicate":{"equipment":{"mainhand":{"item":"minecraft:minecraft:leather_leggings"}}},"condition":"minecraft:entity_properties","entity":"this"}{"predicate":{"equipment":{"mainhand":{"item":"minecraft:minecraft:netherite_leggings"}}},"condition":"minecraft:entity_properties","entity":"this"}{"predicate":{"equipment":{"mainhand":{"item":"minecraft:minecraft:diamond_helmet"}}},"condition":"minecraft:entity_properties","entity":"this"}{"predicate":{"equipment":{"mainhand":{"item":"minecraft:minecraft:iron_helmet"}}},"condition":"minecraft:entity_properties","entity":"this"}{"predicate":{"equipment":{"mainhand":{"item":"minecraft:minecraft:chainmail_helmet"}}},"condition":"minecraft:entity_properties","entity":"this"}{"predicate":{"equipment":{"mainhand":{"item":"minecraft:minecraft:golden_helmet"}}},"condition":"minecraft:entity_properties","entity":"this"}{"predicate":{"equipment":{"mainhand":{"item":"minecraft:minecraft:leather_helmet"}}},"condition":"minecraft:entity_properties","entity":"this"}{"predicate":{"equipment":{"mainhand":{"item":"minecraft:minecraft:turtle_helmet"}}},"condition":"minecraft:entity_properties","entity":"this"}{"predicate":{"equipment":{"mainhand":{"item":"minecraft:minecraft:netherite_helmet"}}},"condition":"minecraft:entity_properties","entity":"this"}