{
    "__comment": "This is technodono's datapack... If you are planning on stealing this datapack DON'T!",
    "display": {
        "title": {
            "text": "More fruitful loot"
        },
        "description": {
            "text": "Adds more to vanilla structure loot tables and any missing items i think should be in there"
        },
        "icon": {
            "item": "minecraft:chest"
        },
        "frame": "task",
        "show_toast": false,
        "announce_to_chat": false,
        "hidden": false
    },
    "criteria": {
        "Loot": {
            "trigger": "minecraft:impossible"
        }
    },
    "parent": "fruitful_loot:root"
}