{
    "__comment": "This is technodono's datapack... If you are planning on stealing this datapack DON'T!",
    "display": {
        "title": {
            "text": "More fruitful loot + addons",
            "color": "gold",
            "italic": true,
            "underlined": true
        },
        "description": {
            "text": "Any pack related to more fruitful loot will appear here"
        },
        "icon": {
            "item": "minecraft:structure_void"
        },
        "frame": "task",
        "show_toast": false,
        "announce_to_chat": false,
        "hidden": false,
        "background": "minecraft:textures/block/mossy_stone_bricks.png"
    },
    "criteria": {
        "Tick": {
            "trigger": "minecraft:tick"
        }
    }
}