{
  "config": {
    "feature": {
      "config": {
        "state_provider": {
          "entries": [
            {
              "weight": 87,
              "data": {
                "Name": "minecraft:crimson_roots"
              }
            },
            {
              "weight": 11,
              "data": {
                "Name": "minecraft:crimson_fungus"
              }
            },
            {
              "weight": 11,
              "data": {
                "Name": "minecraft:red_mushroom"
              }
            }
          ],
          "type": "minecraft:weighted_state_provider"
        }
      },
	  "type": "minecraft:nether_forest_vegetation",
      "name": "minecraft:nether_forest_vegetation"
    },
    "decorator": {
      "config": {
        "count": 6
      },
      "type": "minecraft:count_multilayer"
    }
  },
  "type": "minecraft:decorated"
}