{
  "config": {
    "max_water_depth": 0,
    "ignore_vines": false,
    "heightmap": "OCEAN_FLOOR",
    "minimum_size": {
      "limit": 1,
      "lower_size": 1,
      "upper_size": 2,
      "type": "minecraft:two_layers_feature_size"
    },
    "decorators": [
      {
        "type": "minecraft:trunk_vine"
      },
      {
        "type": "minecraft:leave_vine"
      }
    ],
    "trunk_provider": {
      "state": {
        "Properties": {
          "axis": "y"
        },
        "Name": "minecraft:jungle_log"
      },
      "type": "minecraft:simple_state_provider"
    },
    "leaves_provider": {
      "state": {
        "Properties": {
          "persistent": "false",
          "distance": "7"
        },
        "Name": "minecraft:jungle_leaves"
      },
      "type": "minecraft:simple_state_provider"
    },
    "foliage_placer": {
      "radius": 5,
      "offset": 0,
      "height": 10,
      "type": "minecraft:acacia_foliage_placer"
    },
    "trunk_placer": {
      "base_height": 10,
      "height_rand_a": 2,
      "height_rand_b": 19,
      "type": "minecraft:mega_jungle_trunk_placer"
    }
  },
  "type": "minecraft:tree"
}