{
  "type": "minecraft:decorated",
  "config": {
    "decorator": {
      "type": "minecraft:count_multilayer",
      "config": {
        "count": 6
      }
    },
    "feature": {
      "type": "minecraft:nether_forest_vegetation",
	  "name": "minecraft:nether_forest_vegetation",
      "config": {
        "state_provider": {
          "type": "minecraft:weighted_state_provider",
          "entries": [
            {
              "weight": 87,
              "data": {
                "Name": "minecraft:nether_wart",
                "Properties": {
                  "age": "0"
                }
              }
            },
            {
              "weight": 30,
              "data": {
                "Name": "minecraft:nether_wart",
                "Properties": {
                  "age": "1"
                }
              }
            },
            {
              "weight": 20,
              "data": {
                "Name": "minecraft:nether_wart",
                "Properties": {
                  "age": "2"
                }
              }
            },
            {
              "weight": 11,
              "data": {
                "Name": "minecraft:nether_wart",
                "Properties": {
                  "age": "3"
                }
              }
            }
          ]
        }
      }
    }
  }
}