{
  "type": "minecraft:decorated",
  "config": {
    "decorator": {
      "type": "minecraft:chance",
      "config": {
        "chance": 1
      }
    },
    "feature": {
      "type": "minecraft:decorated",
      "config": {
        "decorator": {
          "type": "minecraft:decorated",
          "config": {
            "outer": {
              "type": "minecraft:square",
              "config": {}
            },
            "inner": {
              "type": "minecraft:heightmap_spread_double",
              "config": {}
            }
          }
        },
        "feature": {
          "type": "minecraft:random_patch",
          "config": {
            "can_replace": false,
            "project": false,
            "need_water": false,
            "xspread": 27,
            "yspread": 20,
            "zspread": 27,
            "tries": 128,
            "state_provider": {
              "type": "minecraft:weighted_state_provider",
              "entries": [
                {
                  "weight": 5,
                  "data": {
                    "Name": "minecraft:pumpkin"
                  }
                },
                {
                  "weight": 3,
                  "data": {
                    "Name": "minecraft:carved_pumpkin",
                    "Properties": {
                      "facing": "north"
                    }
                  }
                },
                {
                  "weight": 1,
                  "data": {
                    "Name": "minecraft:jack_o_lantern",
                    "Properties": {
                      "facing": "north"
                    }
                  }
                }
              ]
            },
            "block_placer": {
              "type": "minecraft:simple_block_placer"
            },
            "whitelist": [
              {
                "Name": "minecraft:grass_block",
                "Properties": {
                  "snowy": "false"
                }
              }
            ],
            "blacklist": []
          }
        }
      }
    }
  }
}