{
  "type": "minecraft:tree",
  "config": {
    "max_water_depth": 0,
    "ignore_vines": true,
    "heightmap": "MOTION_BLOCKING",
    "minimum_size": {
      "type": "minecraft:two_layers_feature_size",
      "min_clipped_height": 4,
      "limit": 0,
      "lower_size": 0,
      "upper_size": 0
    },
    "trunk_provider": {
      "type": "minecraft:simple_state_provider",
      "state": {
        "Name": "minecraft:bone_block",
        "Properties": {
          "axis": "y"
        }
      }
    },
    "leaves_provider": {
      "type": "minecraft:simple_state_provider",
      "state": {
        "Name": "minecraft:pink_glazed_terracotta",
        "Properties": {
          "persistent": "false",
          "distance": "7",
          "facing": "east"
        }
      }
    },
    "trunk_placer": {
      "type": "minecraft:fancy_trunk_placer",
      "base_height": 3,
      "height_rand_a": 11,
      "height_rand_b": 0
    },
    "foliage_placer": {
      "type": "minecraft:fancy_foliage_placer",
      "radius": 2,
      "offset": 4,
      "height": 4
    },
    "decorators": []
  }
}