{
    "__comment": "This is technodono's datapack... If you are planning on stealing this datapack DON'T!",
    "display": {
        "title": {
            "text": "Relics & Ruins"
        },
        "description": {
            "text": "Adds relics found in strucutres which have abilites when held"
        },
        "icon": {
            "item": "minecraft:stone_shovel",
            "nbt": "{CustomModelData:1567, display:{Name:'[{\"text\":\"Verdegris Shovel\",\"italic\":false,\"color\":\"#66ff99\"}]',Lore:['[{\"text\":\"Grants you these abilities:\",\"italic\":false}]','[{\"text\":\"Fossil finder\",\"italic\":false,\"color\":\"gray\"}]']}}"
        },
        "frame": "task",
        "show_toast": false,
        "announce_to_chat": false,
        "hidden": false
    },
    "criteria": {
        "Relics": {
            "trigger": "minecraft:impossible"
        }
    },
    "parent": "fruitful_loot:root"
}