{
	"credit": "Made with Blockbench",
	"parent": "block/block",
	"textures": {
		"particle": "block/chain",
		"all": "block/chain"
	},
	"elements": [
		{
			"from": [7.5, 3, 8.5],
			"to": [8.5, 7, 9.5],
			"shade": false,
			"rotation": {"angle": 45, "axis": "y", "origin": [8, 8, 8]},
			"faces": {
				"north": {"uv": [3, 3, 4, 7], "texture": "#all"},
				"east": {"uv": [3, 3, 4, 7], "texture": "#all"},
				"south": {"uv": [3, 3, 4, 7], "texture": "#all"},
				"west": {"uv": [3, 3, 4, 7], "texture": "#all"},
				"up": {"uv": [3, 3, 4, 4], "texture": "#all"},
				"down": {"uv": [3, 6, 4, 7], "texture": "#all"}
			}
		},
		{
			"from": [7.5, 3, 6.5],
			"to": [8.5, 7, 7.5],
			"shade": false,
			"rotation": {"angle": 45, "axis": "y", "origin": [8, 8, 8]},
			"faces": {
				"north": {"uv": [5, 3, 6, 7], "texture": "#all"},
				"east": {"uv": [5, 3, 6, 7], "texture": "#all"},
				"south": {"uv": [5, 3, 6, 7], "texture": "#all"},
				"west": {"uv": [5, 3, 6, 7], "texture": "#all"},
				"up": {"uv": [5, 3, 6, 4], "texture": "#all"},
				"down": {"uv": [5, 6, 6, 7], "texture": "#all"}
			}
		},
		{
			"from": [7.5, 6, 7.5],
			"to": [8.5, 7, 8.5],
			"shade": false,
			"rotation": {"angle": 45, "axis": "y", "origin": [8, 8, 8]},
			"faces": {
				"north": {"uv": [4, 3, 5, 4], "texture": "#all"},
				"east": {"uv": [4, 3, 5, 4], "texture": "#all"},
				"south": {"uv": [4, 3, 5, 4], "texture": "#all"},
				"west": {"uv": [4, 3, 5, 4], "texture": "#all"},
				"up": {"uv": [4, 3, 5, 4], "texture": "#all"},
				"down": {"uv": [4, 3, 5, 4], "texture": "#all"}
			}
		},
		{
			"from": [7.5, 3, 7.5],
			"to": [8.5, 4, 8.5],
			"shade": false,
			"rotation": {"angle": 45, "axis": "y", "origin": [8, 8, 8]},
			"faces": {
				"north": {"uv": [4, 3, 5, 4], "texture": "#all"},
				"east": {"uv": [4, 3, 5, 4], "texture": "#all"},
				"south": {"uv": [4, 3, 5, 4], "texture": "#all"},
				"west": {"uv": [4, 3, 5, 4], "texture": "#all"},
				"up": {"uv": [4, 3, 5, 4], "texture": "#all"},
				"down": {"uv": [4, 3, 5, 4], "texture": "#all"}
			}
		},
		{
			"from": [7.5, 9, 8.5],
			"to": [8.5, 13, 9.5],
			"shade": false,
			"rotation": {"angle": 45, "axis": "y", "origin": [8, 8, 8]},
			"faces": {
				"north": {"uv": [3, 3, 4, 7], "texture": "#all"},
				"east": {"uv": [3, 3, 4, 7], "texture": "#all"},
				"south": {"uv": [3, 3, 4, 7], "texture": "#all"},
				"west": {"uv": [3, 3, 4, 7], "texture": "#all"},
				"up": {"uv": [3, 3, 4, 4], "texture": "#all"},
				"down": {"uv": [3, 6, 4, 7], "texture": "#all"}
			}
		},
		{
			"from": [7.5, 9, 6.5],
			"to": [8.5, 13, 7.5],
			"shade": false,
			"rotation": {"angle": 45, "axis": "y", "origin": [8, 8, 8]},
			"faces": {
				"north": {"uv": [5, 3, 6, 7], "texture": "#all"},
				"east": {"uv": [5, 3, 6, 7], "texture": "#all"},
				"south": {"uv": [5, 3, 6, 7], "texture": "#all"},
				"west": {"uv": [5, 3, 6, 7], "texture": "#all"},
				"up": {"uv": [5, 3, 6, 4], "texture": "#all"},
				"down": {"uv": [5, 6, 6, 7], "texture": "#all"}
			}
		},
		{
			"from": [7.5, 12, 7.5],
			"to": [8.5, 13, 8.5],
			"shade": false,
			"rotation": {"angle": 45, "axis": "y", "origin": [8, 8, 8]},
			"faces": {
				"north": {"uv": [1, 3, 2, 4], "texture": "#all"},
				"east": {"uv": [1, 3, 2, 4], "texture": "#all"},
				"south": {"uv": [1, 3, 2, 4], "texture": "#all"},
				"west": {"uv": [1, 3, 2, 4], "texture": "#all"},
				"up": {"uv": [1, 3, 2, 4], "texture": "#all"},
				"down": {"uv": [1, 3, 2, 4], "texture": "#all"}
			}
		},
		{
			"from": [7.5, 9, 7.5],
			"to": [8.5, 10, 8.5],
			"shade": false,
			"rotation": {"angle": 45, "axis": "y", "origin": [8, 8, 8]},
			"faces": {
				"north": {"uv": [4, 3, 5, 4], "texture": "#all"},
				"east": {"uv": [4, 3, 5, 4], "texture": "#all"},
				"south": {"uv": [4, 3, 5, 4], "texture": "#all"},
				"west": {"uv": [4, 3, 5, 4], "texture": "#all"},
				"up": {"uv": [4, 3, 5, 4], "texture": "#all"},
				"down": {"uv": [4, 3, 5, 4], "texture": "#all"}
			}
		},
		{
			"from": [6.5, 6, 7.5],
			"to": [7.5, 10, 8.5],
			"shade": false,
			"rotation": {"angle": 45, "axis": "y", "origin": [8, 8, 8]},
			"faces": {
				"north": {"uv": [3, 3, 4, 7], "texture": "#all"},
				"east": {"uv": [3, 3, 4, 7], "texture": "#all"},
				"south": {"uv": [3, 3, 4, 7], "texture": "#all"},
				"west": {"uv": [3, 3, 4, 7], "texture": "#all"},
				"up": {"uv": [3, 3, 4, 4], "rotation": 90, "texture": "#all"},
				"down": {"uv": [3, 6, 4, 7], "rotation": 270, "texture": "#all"}
			}
		},
		{
			"from": [8.5, 6, 7.5],
			"to": [9.5, 10, 8.5],
			"shade": false,
			"rotation": {"angle": 45, "axis": "y", "origin": [8, 8, 8]},
			"faces": {
				"north": {"uv": [5, 3, 6, 7], "texture": "#all"},
				"east": {"uv": [5, 3, 6, 7], "texture": "#all"},
				"south": {"uv": [5, 3, 6, 7], "texture": "#all"},
				"west": {"uv": [5, 3, 6, 7], "texture": "#all"},
				"up": {"uv": [5, 3, 6, 4], "rotation": 90, "texture": "#all"},
				"down": {"uv": [5, 6, 6, 7], "rotation": 270, "texture": "#all"}
			}
		},
		{
			"from": [7.5, 9, 7.5],
			"to": [8.5, 10, 8.5],
			"shade": false,
			"rotation": {"angle": 45, "axis": "y", "origin": [8, 8, 8]},
			"faces": {
				"north": {"uv": [4, 3, 5, 4], "texture": "#all"},
				"east": {"uv": [4, 3, 5, 4], "texture": "#all"},
				"south": {"uv": [4, 3, 5, 4], "texture": "#all"},
				"west": {"uv": [4, 3, 5, 4], "texture": "#all"},
				"up": {"uv": [4, 3, 5, 4], "rotation": 90, "texture": "#all"},
				"down": {"uv": [4, 3, 5, 4], "rotation": 270, "texture": "#all"}
			}
		},
		{
			"from": [7.5, 6, 7.5],
			"to": [8.5, 7, 8.5],
			"shade": false,
			"rotation": {"angle": 45, "axis": "y", "origin": [8, 8, 8]},
			"faces": {
				"north": {"uv": [4, 3, 5, 4], "texture": "#all"},
				"east": {"uv": [4, 3, 5, 4], "texture": "#all"},
				"south": {"uv": [4, 3, 5, 4], "texture": "#all"},
				"west": {"uv": [4, 3, 5, 4], "texture": "#all"},
				"up": {"uv": [4, 3, 5, 4], "rotation": 90, "texture": "#all"},
				"down": {"uv": [4, 3, 5, 4], "rotation": 270, "texture": "#all"}
			}
		},
		{
			"from": [6.5, 12, 7.5],
			"to": [7.5, 15, 8.5],
			"shade": false,
			"rotation": {"angle": 45, "axis": "y", "origin": [8, 8, 8]},
			"faces": {
				"north": {"uv": [0, 1, 1, 4], "texture": "#all"},
				"east": {"uv": [0, 1, 1, 4], "texture": "#all"},
				"south": {"uv": [0, 1, 1, 4], "texture": "#all"},
				"west": {"uv": [0, 1, 1, 4], "texture": "#all"},
				"up": {"uv": [0, 1, 1, 2], "texture": "#all"},
				"down": {"uv": [0, 3, 1, 4], "texture": "#all"}
			}
		},
		{
			"from": [8.5, 12, 7.5],
			"to": [9.5, 15, 8.5],
			"shade": false,
			"rotation": {"angle": 45, "axis": "y", "origin": [8, 8, 8]},
			"faces": {
				"north": {"uv": [2, 1, 3, 4], "texture": "#all"},
				"east": {"uv": [2, 1, 3, 4], "texture": "#all"},
				"south": {"uv": [2, 1, 3, 4], "texture": "#all"},
				"west": {"uv": [2, 1, 3, 4], "texture": "#all"},
				"up": {"uv": [2, 1, 3, 2], "texture": "#all"},
				"down": {"uv": [2, 3, 3, 4], "texture": "#all"}
			}
		},
		{
			"from": [7.5, 14, 7.5],
			"to": [8.5, 15, 8.5],
			"shade": false,
			"rotation": {"angle": 45, "axis": "y", "origin": [8, 8, 8]},
			"faces": {
				"north": {"uv": [4, 1, 5, 2], "texture": "#all"},
				"east": {"uv": [4, 1, 5, 2], "texture": "#all"},
				"south": {"uv": [4, 1, 5, 2], "texture": "#all"},
				"west": {"uv": [4, 1, 5, 2], "texture": "#all"},
				"up": {"uv": [4, 1, 5, 2], "texture": "#all"},
				"down": {"uv": [4, 1, 5, 2], "texture": "#all"}
			}
		},
		{
			"from": [7.5, 12, 7.5],
			"to": [8.5, 13, 8.5],
			"shade": false,
			"rotation": {"angle": 45, "axis": "y", "origin": [8, 8, 8]},
			"faces": {
				"north": {"uv": [4, 3, 5, 4], "texture": "#all"},
				"east": {"uv": [4, 3, 5, 4], "texture": "#all"},
				"south": {"uv": [4, 3, 5, 4], "texture": "#all"},
				"west": {"uv": [4, 3, 5, 4], "texture": "#all"},
				"up": {"uv": [4, 3, 5, 4], "rotation": 90, "texture": "#all"},
				"down": {"uv": [4, 3, 5, 4], "rotation": 270, "texture": "#all"}
			}
		},
		{
			"from": [6.5, 1, 7.5],
			"to": [7.5, 4, 8.5],
			"shade": false,
			"rotation": {"angle": 45, "axis": "y", "origin": [8, 8, 8]},
			"faces": {
				"north": {"uv": [0, 1, 1, 4], "texture": "#all"},
				"east": {"uv": [0, 1, 1, 4], "texture": "#all"},
				"south": {"uv": [0, 1, 1, 4], "texture": "#all"},
				"west": {"uv": [0, 1, 1, 4], "texture": "#all"},
				"up": {"uv": [0, 1, 1, 2], "texture": "#all"},
				"down": {"uv": [0, 3, 1, 4], "texture": "#all"}
			}
		},
		{
			"from": [8.5, 1, 7.5],
			"to": [9.5, 4, 8.5],
			"shade": false,
			"rotation": {"angle": 45, "axis": "y", "origin": [8, 8, 8]},
			"faces": {
				"north": {"uv": [2, 1, 3, 4], "texture": "#all"},
				"east": {"uv": [2, 1, 3, 4], "texture": "#all"},
				"south": {"uv": [2, 1, 3, 4], "texture": "#all"},
				"west": {"uv": [2, 1, 3, 4], "texture": "#all"},
				"up": {"uv": [2, 1, 3, 2], "texture": "#all"},
				"down": {"uv": [2, 3, 3, 4], "texture": "#all"}
			}
		},
		{
			"from": [7.5, 3, 7.5],
			"to": [8.5, 4, 8.5],
			"shade": false,
			"rotation": {"angle": 45, "axis": "y", "origin": [8, 8, 8]},
			"faces": {
				"north": {"uv": [1, 1, 2, 2], "texture": "#all"},
				"east": {"uv": [1, 1, 2, 2], "texture": "#all"},
				"south": {"uv": [1, 1, 2, 2], "texture": "#all"},
				"west": {"uv": [1, 1, 2, 2], "texture": "#all"},
				"up": {"uv": [1, 1, 2, 2], "texture": "#all"},
				"down": {"uv": [1, 1, 2, 2], "texture": "#all"}
			}
		},
		{
			"from": [7.5, 1, 7.5],
			"to": [8.5, 2, 8.5],
			"shade": false,
			"rotation": {"angle": 45, "axis": "y", "origin": [8, 8, 8]},
			"faces": {
				"north": {"uv": [4, 14, 5, 15], "rotation": 90, "texture": "#all"},
				"east": {"uv": [4, 14, 5, 15], "rotation": 90, "texture": "#all"},
				"south": {"uv": [4, 14, 5, 15], "rotation": 90, "texture": "#all"},
				"west": {"uv": [4, 14, 5, 15], "rotation": 90, "texture": "#all"},
				"up": {"uv": [4, 14, 5, 15], "rotation": 90, "texture": "#all"},
				"down": {"uv": [4, 14, 5, 15], "rotation": 90, "texture": "#all"}
			}
		},
		{
			"from": [7.5, 0, 8.5],
			"to": [8.5, 2, 9.5],
			"shade": false,
			"rotation": {"angle": 45, "axis": "y", "origin": [8, 8, 8]},
			"faces": {
				"north": {"uv": [3, 14, 4, 16], "texture": "#all"},
				"east": {"uv": [3, 14, 4, 16], "texture": "#all"},
				"south": {"uv": [3, 14, 4, 16], "texture": "#all"},
				"west": {"uv": [3, 14, 4, 16], "texture": "#all"},
				"up": {"uv": [3, 14, 4, 15], "texture": "#all"},
				"down": {"uv": [3, 15, 4, 16], "texture": "#all"}
			}
		},
		{
			"from": [7.5, 0, 6.5],
			"to": [8.5, 2, 7.5],
			"shade": false,
			"rotation": {"angle": 45, "axis": "y", "origin": [8, 8, 8]},
			"faces": {
				"north": {"uv": [5, 14, 6, 16], "texture": "#all"},
				"east": {"uv": [5, 14, 6, 16], "texture": "#all"},
				"south": {"uv": [5, 14, 6, 16], "texture": "#all"},
				"west": {"uv": [5, 14, 6, 16], "texture": "#all"},
				"up": {"uv": [5, 14, 6, 15], "texture": "#all"},
				"down": {"uv": [5, 15, 6, 16], "texture": "#all"}
			}
		},
		{
			"from": [7.5, 1, 7.5],
			"to": [8.5, 2, 8.5],
			"shade": false,
			"rotation": {"angle": 45, "axis": "y", "origin": [8, 8, 8]},
			"faces": {
				"north": {"uv": [1, 1, 2, 2], "texture": "#all"},
				"east": {"uv": [1, 1, 2, 2], "texture": "#all"},
				"south": {"uv": [1, 1, 2, 2], "texture": "#all"},
				"west": {"uv": [1, 1, 2, 2], "texture": "#all"},
				"up": {"uv": [1, 1, 2, 2], "rotation": 270, "texture": "#all"},
				"down": {"uv": [1, 1, 2, 2], "rotation": 90, "texture": "#all"}
			}
		},
		{
			"from": [6.5, 14, 7.5],
			"to": [7.5, 16, 8.5],
			"shade": false,
			"rotation": {"angle": -45, "axis": "y", "origin": [8, 8, 8]},
			"faces": {
				"north": {"uv": [5, 0, 6, 2], "texture": "#all"},
				"east": {"uv": [5, 0, 6, 2], "texture": "#all"},
				"south": {"uv": [5, 0, 6, 2], "texture": "#all"},
				"west": {"uv": [5, 0, 6, 2], "texture": "#all"},
				"up": {"uv": [5, 0, 6, 1], "texture": "#all"},
				"down": {"uv": [5, 1, 6, 2], "texture": "#all"}
			}
		},
		{
			"from": [8.5, 14, 7.5],
			"to": [9.5, 16, 8.5],
			"shade": false,
			"rotation": {"angle": -45, "axis": "y", "origin": [8, 8, 8]},
			"faces": {
				"north": {"uv": [3, 0, 4, 2], "texture": "#all"},
				"east": {"uv": [3, 0, 4, 2], "texture": "#all"},
				"south": {"uv": [3, 0, 4, 2], "texture": "#all"},
				"west": {"uv": [3, 0, 4, 2], "texture": "#all"},
				"up": {"uv": [3, 0, 4, 1], "texture": "#all"},
				"down": {"uv": [3, 1, 4, 2], "texture": "#all"}
			}
		}
	],
	"groups": [
		{
			"name": "chain large",
			"origin": [8, 8, 8],
			"children": [0, 1, 2, 3]
		},
		{
			"name": "chain large",
			"origin": [8, 8, 8],
			"children": [4, 5, 6, 7]
		},
		{
			"name": "chain large",
			"origin": [8, 8, 8],
			"children": [8, 9, 10, 11]
		},
		{
			"name": "small chain",
			"origin": [8, 8, 8],
			"children": [12, 13, 14, 15]
		},
		{
			"name": "small chain",
			"origin": [8, 8, 8],
			"children": [16, 17, 18, 19]
		},
		{
			"name": "small chain",
			"origin": [8, 8, 8],
			"children": [20, 21, 22]
		},
		{
			"name": "small chain",
			"origin": [8, 8, 8],
			"children": [23, 24]
		}
	]
}