{
	"credit": "Made with Blockbench, By Technodono",
	"parent": "crimson_fungi",
	"textures": {
		"1": "redshrooms/texture_1",
		"2": "redshrooms/texture_2",
		"3": "redshrooms/texture_3",
		"4": "redshrooms/texture_4",
		"5": "redshrooms/texture_5",
		"6": "redshrooms/texture_6",
		"particle": "redshrooms/texture_0"
	},
	"elements": [
		{
			"from": [7, 0, 7],
			"to": [9, 11, 9],
			"faces": {
				"north": {"uv": [0, 0, 2, 11], "texture": "#1"},
				"east": {"uv": [0, 0, 2, 11], "texture": "#1"},
				"south": {"uv": [14, 0, 16, 11], "texture": "#1"},
				"west": {"uv": [4, 0, 6, 11], "texture": "#1"},
				"up": {"uv": [2, 0, 4, 2], "texture": "#1"},
				"down": {"uv": [2, 0, 4, 2], "texture": "#1"}
			}
		},
		{
			"from": [5, 6, 4],
			"to": [7, 7, 5],
			"rotation": {"angle": 0, "axis": "y", "origin": [8, 3, 7]},
			"faces": {
				"north": {"uv": [0, 0, 2, 1], "texture": "#2"},
				"east": {"uv": [0, 0, 1, 1], "texture": "#2"},
				"south": {"uv": [0, 0, 2, 1], "texture": "#2"},
				"west": {"uv": [0, 0, 1, 1], "texture": "#2"},
				"up": {"uv": [0, 0, 1, 2], "rotation": 270, "texture": "#2"},
				"down": {"uv": [0, 0, 1, 2], "rotation": 90, "texture": "#2"}
			}
		},
		{
			"from": [9, 6, 11],
			"to": [11, 7, 12],
			"rotation": {"angle": 0, "axis": "y", "origin": [9, 3, 8]},
			"faces": {
				"north": {"uv": [0, 0, 2, 1], "texture": "#2"},
				"east": {"uv": [0, 0, 1, 1], "texture": "#2"},
				"south": {"uv": [0, 0, 2, 1], "texture": "#2"},
				"west": {"uv": [0, 0, 1, 1], "texture": "#2"},
				"up": {"uv": [0, 0, 1, 2], "rotation": 90, "texture": "#2"},
				"down": {"uv": [0, 0, 1, 2], "rotation": 270, "texture": "#2"}
			}
		},
		{
			"from": [11, 6, 5],
			"to": [12, 7, 7],
			"rotation": {"angle": 0, "axis": "y", "origin": [8, 3, 7]},
			"faces": {
				"north": {"uv": [0, 0, 1, 1], "texture": "#2"},
				"east": {"uv": [0, 0, 2, 1], "texture": "#2"},
				"south": {"uv": [0, 0, 1, 1], "texture": "#2"},
				"west": {"uv": [0, 0, 2, 1], "texture": "#2"},
				"up": {"uv": [0, 0, 1, 2], "texture": "#2"},
				"down": {"uv": [0, 0, 1, 2], "texture": "#2"}
			}
		},
		{
			"from": [4, 6, 9],
			"to": [5, 7, 11],
			"rotation": {"angle": 0, "axis": "y", "origin": [9, 3, 8]},
			"faces": {
				"north": {"uv": [0, 0, 1, 1], "texture": "#2"},
				"east": {"uv": [0, 0, 2, 1], "texture": "#2"},
				"south": {"uv": [0, 0, 1, 1], "texture": "#2"},
				"west": {"uv": [0, 0, 2, 1], "texture": "#2"},
				"up": {"uv": [0, 0, 1, 2], "rotation": 180, "texture": "#2"},
				"down": {"uv": [0, 0, 1, 2], "rotation": 180, "texture": "#2"}
			}
		},
		{
			"from": [3, 6, 7],
			"to": [4, 7, 9],
			"rotation": {"angle": 0, "axis": "y", "origin": [7, 3, 8]},
			"faces": {
				"north": {"uv": [0, 0, 1, 1], "texture": "#2"},
				"east": {"uv": [0, 0, 2, 1], "texture": "#2"},
				"south": {"uv": [0, 0, 1, 1], "texture": "#2"},
				"west": {"uv": [0, 0, 2, 1], "texture": "#2"},
				"up": {"uv": [0, 0, 1, 2], "rotation": 180, "texture": "#2"},
				"down": {"uv": [0, 0, 1, 2], "rotation": 180, "texture": "#2"}
			}
		},
		{
			"from": [12, 6, 7],
			"to": [13, 7, 9],
			"rotation": {"angle": 0, "axis": "y", "origin": [9, 3, 8]},
			"faces": {
				"north": {"uv": [0, 0, 1, 1], "texture": "#2"},
				"east": {"uv": [0, 0, 2, 1], "texture": "#2"},
				"south": {"uv": [0, 0, 1, 1], "texture": "#2"},
				"west": {"uv": [0, 0, 2, 1], "texture": "#2"},
				"up": {"uv": [0, 0, 1, 2], "texture": "#2"},
				"down": {"uv": [0, 0, 1, 2], "texture": "#2"}
			}
		},
		{
			"from": [7, 6, 3],
			"to": [9, 7, 4],
			"rotation": {"angle": 0, "axis": "y", "origin": [8, 3, 7]},
			"faces": {
				"north": {"uv": [0, 0, 2, 1], "texture": "#2"},
				"east": {"uv": [0, 0, 1, 1], "texture": "#2"},
				"south": {"uv": [0, 0, 2, 1], "texture": "#2"},
				"west": {"uv": [0, 0, 1, 1], "texture": "#2"},
				"up": {"uv": [0, 0, 1, 2], "rotation": 270, "texture": "#2"},
				"down": {"uv": [0, 0, 1, 2], "rotation": 90, "texture": "#2"}
			}
		},
		{
			"from": [7, 6, 12],
			"to": [9, 7, 13],
			"rotation": {"angle": 0, "axis": "y", "origin": [9, 3, 8]},
			"faces": {
				"north": {"uv": [0, 0, 2, 1], "texture": "#2"},
				"east": {"uv": [0, 0, 1, 1], "texture": "#2"},
				"south": {"uv": [0, 0, 2, 1], "texture": "#2"},
				"west": {"uv": [0, 0, 1, 1], "texture": "#2"},
				"up": {"uv": [0, 0, 1, 2], "rotation": 90, "texture": "#2"},
				"down": {"uv": [0, 0, 1, 2], "rotation": 270, "texture": "#2"}
			}
		},
		{
			"from": [4, 6, 5],
			"to": [5, 7, 7],
			"rotation": {"angle": 0, "axis": "y", "origin": [7, 3, 8]},
			"faces": {
				"north": {"uv": [0, 0, 1, 1], "texture": "#2"},
				"east": {"uv": [0, 0, 2, 1], "texture": "#2"},
				"south": {"uv": [0, 0, 1, 1], "texture": "#2"},
				"west": {"uv": [0, 0, 2, 1], "texture": "#2"},
				"up": {"uv": [0, 0, 1, 2], "rotation": 180, "texture": "#2"},
				"down": {"uv": [0, 0, 1, 2], "rotation": 180, "texture": "#2"}
			}
		},
		{
			"from": [11, 6, 9],
			"to": [12, 7, 11],
			"rotation": {"angle": 0, "axis": "y", "origin": [9, 3, 8]},
			"faces": {
				"north": {"uv": [0, 0, 1, 1], "texture": "#2"},
				"east": {"uv": [0, 0, 2, 1], "texture": "#2"},
				"south": {"uv": [0, 0, 1, 1], "texture": "#2"},
				"west": {"uv": [0, 0, 2, 1], "texture": "#2"},
				"up": {"uv": [0, 0, 1, 2], "texture": "#2"},
				"down": {"uv": [0, 0, 1, 2], "texture": "#2"}
			}
		},
		{
			"from": [9, 6, 4],
			"to": [11, 7, 5],
			"rotation": {"angle": 0, "axis": "y", "origin": [8, 3, 7]},
			"faces": {
				"north": {"uv": [0, 0, 2, 1], "texture": "#2"},
				"east": {"uv": [0, 0, 1, 1], "texture": "#2"},
				"south": {"uv": [0, 0, 2, 1], "texture": "#2"},
				"west": {"uv": [0, 0, 1, 1], "texture": "#2"},
				"up": {"uv": [0, 0, 1, 2], "rotation": 270, "texture": "#2"},
				"down": {"uv": [0, 0, 1, 2], "rotation": 90, "texture": "#2"}
			}
		},
		{
			"from": [5, 6, 11],
			"to": [7, 7, 12],
			"rotation": {"angle": 0, "axis": "y", "origin": [9, 3, 8]},
			"faces": {
				"north": {"uv": [0, 0, 2, 1], "texture": "#2"},
				"east": {"uv": [0, 0, 1, 1], "texture": "#2"},
				"south": {"uv": [0, 0, 2, 1], "texture": "#2"},
				"west": {"uv": [0, 0, 1, 1], "texture": "#2"},
				"up": {"uv": [0, 0, 1, 2], "rotation": 90, "texture": "#2"},
				"down": {"uv": [0, 0, 1, 2], "rotation": 270, "texture": "#2"}
			}
		},
		{
			"from": [5, 7, 10],
			"to": [7, 8, 11],
			"faces": {
				"north": {"uv": [0, 0, 2, 1], "texture": "#3"},
				"east": {"uv": [0, 0, 1, 1], "texture": "#3"},
				"south": {"uv": [0, 0, 2, 1], "texture": "#3"},
				"west": {"uv": [0, 0, 1, 1], "texture": "#3"},
				"up": {"uv": [0, 0, 1, 2], "rotation": 90, "texture": "#3"},
				"down": {"uv": [0, 0, 1, 2], "rotation": 270, "texture": "#3"}
			}
		},
		{
			"from": [5, 7, 9],
			"to": [6, 8, 10],
			"faces": {
				"north": {"uv": [0, 0, 1, 1], "texture": "#3"},
				"east": {"uv": [0, 0, 1, 1], "texture": "#3"},
				"south": {"uv": [0, 0, 1, 1], "texture": "#3"},
				"west": {"uv": [0, 0, 1, 1], "texture": "#3"},
				"up": {"uv": [0, 0, 1, 1], "rotation": 180, "texture": "#3"},
				"down": {"uv": [0, 0, 1, 1], "rotation": 180, "texture": "#3"}
			}
		},
		{
			"from": [6, 7, 5],
			"to": [7, 8, 6],
			"faces": {
				"north": {"uv": [0, 0, 1, 1], "texture": "#3"},
				"east": {"uv": [0, 0, 1, 1], "texture": "#3"},
				"south": {"uv": [0, 0, 1, 1], "texture": "#3"},
				"west": {"uv": [0, 0, 1, 1], "texture": "#3"},
				"up": {"uv": [0, 0, 1, 1], "rotation": 270, "texture": "#3"},
				"down": {"uv": [0, 0, 1, 1], "rotation": 90, "texture": "#3"}
			}
		},
		{
			"from": [10, 7, 6],
			"to": [11, 8, 7],
			"faces": {
				"north": {"uv": [0, 0, 1, 1], "texture": "#3"},
				"east": {"uv": [0, 0, 1, 1], "texture": "#3"},
				"south": {"uv": [0, 0, 1, 1], "texture": "#3"},
				"west": {"uv": [0, 0, 1, 1], "texture": "#3"},
				"up": {"uv": [0, 0, 1, 1], "texture": "#3"},
				"down": {"uv": [0, 0, 1, 1], "texture": "#3"}
			}
		},
		{
			"from": [9, 7, 10],
			"to": [10, 8, 11],
			"faces": {
				"north": {"uv": [0, 0, 1, 1], "texture": "#3"},
				"east": {"uv": [0, 0, 1, 1], "texture": "#3"},
				"south": {"uv": [0, 0, 1, 1], "texture": "#3"},
				"west": {"uv": [0, 0, 1, 1], "texture": "#3"},
				"up": {"uv": [0, 0, 1, 1], "rotation": 90, "texture": "#3"},
				"down": {"uv": [0, 0, 1, 1], "rotation": 270, "texture": "#3"}
			}
		},
		{
			"from": [5, 7, 5],
			"to": [6, 8, 7],
			"faces": {
				"north": {"uv": [0, 0, 1, 1], "texture": "#3"},
				"east": {"uv": [0, 0, 2, 1], "texture": "#3"},
				"south": {"uv": [0, 0, 1, 1], "texture": "#3"},
				"west": {"uv": [0, 0, 2, 1], "texture": "#3"},
				"up": {"uv": [0, 0, 1, 2], "rotation": 180, "texture": "#3"},
				"down": {"uv": [0, 0, 1, 2], "rotation": 180, "texture": "#3"}
			}
		},
		{
			"from": [9, 7, 5],
			"to": [11, 8, 6],
			"faces": {
				"north": {"uv": [0, 0, 2, 1], "texture": "#3"},
				"east": {"uv": [0, 0, 1, 1], "texture": "#3"},
				"south": {"uv": [0, 0, 2, 1], "texture": "#3"},
				"west": {"uv": [0, 0, 1, 1], "texture": "#3"},
				"up": {"uv": [0, 0, 1, 2], "rotation": 270, "texture": "#3"},
				"down": {"uv": [0, 0, 1, 2], "rotation": 90, "texture": "#3"}
			}
		},
		{
			"from": [10, 7, 9],
			"to": [11, 8, 11],
			"faces": {
				"north": {"uv": [0, 0, 1, 1], "texture": "#3"},
				"east": {"uv": [0, 0, 2, 1], "texture": "#3"},
				"south": {"uv": [0, 0, 1, 1], "texture": "#3"},
				"west": {"uv": [0, 0, 2, 1], "texture": "#3"},
				"up": {"uv": [0, 0, 1, 2], "texture": "#3"},
				"down": {"uv": [0, 0, 1, 2], "texture": "#3"}
			}
		},
		{
			"from": [7, 7, 11],
			"to": [9, 8, 12],
			"faces": {
				"north": {"uv": [0, 0, 2, 1], "texture": "#3"},
				"east": {"uv": [0, 0, 1, 1], "texture": "#3"},
				"south": {"uv": [0, 0, 2, 1], "texture": "#3"},
				"west": {"uv": [0, 0, 1, 1], "texture": "#3"},
				"up": {"uv": [0, 0, 1, 2], "rotation": 90, "texture": "#3"},
				"down": {"uv": [0, 0, 1, 2], "rotation": 270, "texture": "#3"}
			}
		},
		{
			"from": [4, 7, 7],
			"to": [5, 8, 9],
			"faces": {
				"north": {"uv": [0, 0, 1, 1], "texture": "#3"},
				"east": {"uv": [0, 0, 2, 1], "texture": "#3"},
				"south": {"uv": [0, 0, 1, 1], "texture": "#3"},
				"west": {"uv": [0, 0, 2, 1], "texture": "#3"},
				"up": {"uv": [0, 0, 1, 2], "rotation": 180, "texture": "#3"},
				"down": {"uv": [0, 0, 1, 2], "rotation": 180, "texture": "#3"}
			}
		},
		{
			"from": [7, 7, 4],
			"to": [9, 8, 5],
			"faces": {
				"north": {"uv": [0, 0, 2, 1], "texture": "#3"},
				"east": {"uv": [0, 0, 1, 1], "texture": "#3"},
				"south": {"uv": [0, 0, 2, 1], "texture": "#3"},
				"west": {"uv": [0, 0, 1, 1], "texture": "#3"},
				"up": {"uv": [0, 0, 1, 2], "rotation": 270, "texture": "#3"},
				"down": {"uv": [0, 0, 1, 2], "rotation": 90, "texture": "#3"}
			}
		},
		{
			"from": [11, 7, 7],
			"to": [12, 8, 9],
			"faces": {
				"north": {"uv": [0, 0, 1, 1], "texture": "#3"},
				"east": {"uv": [0, 0, 2, 1], "texture": "#3"},
				"south": {"uv": [0, 0, 1, 1], "texture": "#3"},
				"west": {"uv": [0, 0, 2, 1], "texture": "#3"},
				"up": {"uv": [0, 0, 1, 2], "texture": "#3"},
				"down": {"uv": [0, 0, 1, 2], "texture": "#3"}
			}
		},
		{
			"from": [9, 8, 9],
			"to": [10, 11, 10],
			"faces": {
				"north": {"uv": [0, 0, 1, 3], "texture": "#4"},
				"east": {"uv": [0, 0, 1, 3], "texture": "#4"},
				"south": {"uv": [0, 0, 1, 3], "texture": "#4"},
				"west": {"uv": [0, 0, 1, 3], "texture": "#4"},
				"up": {"uv": [0, 0, 1, 1], "texture": "#4"},
				"down": {"uv": [0, 0, 1, 1], "texture": "#4"}
			}
		},
		{
			"from": [7, 8, 10],
			"to": [9, 11, 11],
			"faces": {
				"north": {"uv": [0, 0, 2, 3], "texture": "#4"},
				"east": {"uv": [0, 0, 1, 3], "texture": "#4"},
				"south": {"uv": [0, 0, 2, 3], "texture": "#4"},
				"west": {"uv": [0, 0, 1, 3], "texture": "#4"},
				"up": {"uv": [0, 0, 1, 2], "rotation": 90, "texture": "#4"},
				"down": {"uv": [0, 0, 1, 2], "rotation": 270, "texture": "#4"}
			}
		},
		{
			"from": [6, 8, 9],
			"to": [7, 11, 10],
			"faces": {
				"north": {"uv": [0, 0, 1, 3], "texture": "#4"},
				"east": {"uv": [0, 0, 1, 3], "texture": "#4"},
				"south": {"uv": [0, 0, 1, 3], "texture": "#4"},
				"west": {"uv": [0, 0, 1, 3], "texture": "#4"},
				"up": {"uv": [0, 0, 1, 1], "rotation": 90, "texture": "#4"},
				"down": {"uv": [0, 0, 1, 1], "rotation": 270, "texture": "#4"}
			}
		},
		{
			"from": [5, 8, 7],
			"to": [6, 11, 9],
			"faces": {
				"north": {"uv": [0, 0, 1, 3], "texture": "#4"},
				"east": {"uv": [0, 0, 2, 3], "texture": "#4"},
				"south": {"uv": [0, 0, 1, 3], "texture": "#4"},
				"west": {"uv": [0, 0, 2, 3], "texture": "#4"},
				"up": {"uv": [0, 0, 1, 2], "rotation": 180, "texture": "#4"},
				"down": {"uv": [0, 0, 1, 2], "rotation": 180, "texture": "#4"}
			}
		},
		{
			"from": [7, 8, 5],
			"to": [9, 11, 6],
			"faces": {
				"north": {"uv": [0, 0, 2, 3], "texture": "#4"},
				"east": {"uv": [0, 0, 1, 3], "texture": "#4"},
				"south": {"uv": [0, 0, 2, 3], "texture": "#4"},
				"west": {"uv": [0, 0, 1, 3], "texture": "#4"},
				"up": {"uv": [0, 0, 1, 2], "rotation": 270, "texture": "#4"},
				"down": {"uv": [0, 0, 1, 2], "rotation": 90, "texture": "#4"}
			}
		},
		{
			"from": [6, 8, 6],
			"to": [7, 11, 7],
			"faces": {
				"north": {"uv": [0, 0, 1, 3], "texture": "#4"},
				"east": {"uv": [0, 0, 1, 3], "texture": "#4"},
				"south": {"uv": [0, 0, 1, 3], "texture": "#4"},
				"west": {"uv": [0, 0, 1, 3], "texture": "#4"},
				"up": {"uv": [0, 0, 1, 1], "rotation": 180, "texture": "#4"},
				"down": {"uv": [0, 0, 1, 1], "rotation": 180, "texture": "#4"}
			}
		},
		{
			"from": [9, 8, 6],
			"to": [10, 11, 7],
			"faces": {
				"north": {"uv": [0, 0, 1, 3], "texture": "#4"},
				"east": {"uv": [0, 0, 1, 3], "texture": "#4"},
				"south": {"uv": [0, 0, 1, 3], "texture": "#4"},
				"west": {"uv": [0, 0, 1, 3], "texture": "#4"},
				"up": {"uv": [0, 0, 1, 1], "rotation": 270, "texture": "#4"},
				"down": {"uv": [0, 0, 1, 1], "rotation": 90, "texture": "#4"}
			}
		},
		{
			"from": [10, 8, 7],
			"to": [11, 11, 9],
			"faces": {
				"north": {"uv": [0, 0, 1, 3], "texture": "#4"},
				"east": {"uv": [0, 0, 2, 3], "texture": "#4"},
				"south": {"uv": [0, 0, 1, 3], "texture": "#4"},
				"west": {"uv": [0, 0, 2, 3], "texture": "#4"},
				"up": {"uv": [0, 0, 1, 2], "texture": "#4"},
				"down": {"uv": [0, 0, 1, 2], "texture": "#4"}
			}
		},
		{
			"from": [7, 11, 6],
			"to": [9, 12, 7],
			"faces": {
				"north": {"uv": [0, 0, 2, 1], "texture": "#5"},
				"east": {"uv": [0, 0, 1, 1], "texture": "#5"},
				"south": {"uv": [0, 0, 2, 1], "texture": "#5"},
				"west": {"uv": [0, 0, 1, 1], "texture": "#5"},
				"up": {"uv": [0, 0, 2, 1], "texture": "#5"},
				"down": {"uv": [0, 0, 2, 1], "texture": "#5"}
			}
		},
		{
			"from": [6, 11, 7],
			"to": [10, 12, 9],
			"faces": {
				"north": {"uv": [0, 0, 4, 1], "texture": "#5"},
				"east": {"uv": [0, 0, 2, 1], "texture": "#5"},
				"south": {"uv": [0, 0, 4, 1], "texture": "#5"},
				"west": {"uv": [0, 0, 2, 1], "texture": "#5"},
				"up": {"uv": [0, 0, 4, 2], "texture": "#5"},
				"down": {"uv": [0, 0, 4, 2], "texture": "#5"}
			}
		},
		{
			"from": [7, 11, 9],
			"to": [9, 12, 10],
			"faces": {
				"north": {"uv": [0, 0, 2, 1], "texture": "#5"},
				"east": {"uv": [0, 0, 1, 1], "texture": "#5"},
				"south": {"uv": [0, 0, 2, 1], "texture": "#5"},
				"west": {"uv": [0, 0, 1, 1], "texture": "#5"},
				"up": {"uv": [0, 0, 2, 1], "texture": "#5"},
				"down": {"uv": [0, 0, 2, 1], "texture": "#5"}
			}
		},
		{
			"from": [4.9, 8.5, 7.7],
			"to": [5, 9.5, 8.7],
			"faces": {
				"north": {"uv": [0, 0, 1, 2], "rotation": 180, "texture": "#6"},
				"east": {"uv": [0, 0, 1, 2], "rotation": 270, "texture": "#6"},
				"south": {"uv": [0, 0, 1, 2], "texture": "#6"},
				"west": {"uv": [0, 0, 2, 2], "rotation": 90, "texture": "#6"},
				"up": {"uv": [0, 0, 1, 2], "rotation": 180, "texture": "#6"},
				"down": {"uv": [0, 0, 1, 2], "texture": "#6"}
			}
		},
		{
			"from": [8.5, 12, 7.7],
			"to": [9.5, 12.1, 8.7],
			"faces": {
				"north": {"uv": [0, 0, 1, 2], "rotation": 90, "texture": "#6"},
				"east": {"uv": [0, 0, 1, 2], "rotation": 270, "texture": "#6"},
				"south": {"uv": [0, 0, 1, 2], "rotation": 90, "texture": "#6"},
				"west": {"uv": [0, 0, 1, 2], "rotation": 90, "texture": "#6"},
				"up": {"uv": [0, 0, 2, 2], "rotation": 180, "texture": "#6"},
				"down": {"uv": [0, 0, 1, 2], "texture": "#6"}
			}
		},
		{
			"from": [7.8, 12, 6.5],
			"to": [8.3, 12.1, 7],
			"faces": {
				"north": {"uv": [0, 0, 1, 2], "rotation": 90, "texture": "#6"},
				"east": {"uv": [0, 0, 1, 2], "rotation": 90, "texture": "#6"},
				"south": {"uv": [0, 0, 1, 2], "rotation": 270, "texture": "#6"},
				"west": {"uv": [0, 0, 1, 2], "rotation": 90, "texture": "#6"},
				"up": {"uv": [0, 0, 2, 2], "rotation": 270, "texture": "#6"},
				"down": {"uv": [0, 0, 1, 2], "rotation": 270, "texture": "#6"}
			}
		},
		{
			"from": [6.8, 12, 8.5],
			"to": [7, 12.1, 8.7],
			"faces": {
				"north": {"uv": [0, 0, 1, 2], "rotation": 90, "texture": "#6"},
				"east": {"uv": [0, 0, 1, 2], "rotation": 90, "texture": "#6"},
				"south": {"uv": [0, 0, 1, 2], "rotation": 270, "texture": "#6"},
				"west": {"uv": [0, 0, 1, 2], "rotation": 90, "texture": "#6"},
				"up": {"uv": [0, 0, 1, 2], "rotation": 270, "texture": "#6"},
				"down": {"uv": [0, 0, 1, 2], "rotation": 270, "texture": "#6"}
			}
		},
		{
			"from": [7, 9, 11],
			"to": [7.6, 9.6, 11.1],
			"faces": {
				"north": {"uv": [0, 0, 1, 2], "texture": "#6"},
				"east": {"uv": [0, 0, 1, 2], "texture": "#6"},
				"south": {"uv": [0, 0, 2, 2], "texture": "#6"},
				"west": {"uv": [0, 0, 1, 2], "texture": "#6"},
				"up": {"uv": [0, 0, 1, 2], "rotation": 270, "texture": "#6"},
				"down": {"uv": [0, 0, 1, 2], "rotation": 90, "texture": "#6"}
			}
		},
		{
			"from": [11, 8.5, 8],
			"to": [11.1, 9.4, 8.9],
			"faces": {
				"north": {"uv": [0, 0, 1, 2], "texture": "#6"},
				"east": {"uv": [0, 0, 2, 2], "rotation": 90, "texture": "#6"},
				"south": {"uv": [0, 0, 1, 2], "rotation": 180, "texture": "#6"},
				"west": {"uv": [0, 0, 1, 2], "rotation": 270, "texture": "#6"},
				"up": {"uv": [0, 0, 1, 2], "texture": "#6"},
				"down": {"uv": [0, 0, 1, 2], "rotation": 180, "texture": "#6"}
			}
		},
		{
			"from": [7.5, 8, 4.9],
			"to": [8.3, 8.8, 5],
			"faces": {
				"north": {"uv": [0, 0, 2, 2], "texture": "#6"},
				"east": {"uv": [0, 0, 1, 2], "texture": "#6"},
				"south": {"uv": [0, 0, 1, 2], "texture": "#6"},
				"west": {"uv": [0, 0, 1, 2], "texture": "#6"},
				"up": {"uv": [0, 0, 1, 2], "rotation": 90, "texture": "#6"},
				"down": {"uv": [0, 0, 1, 2], "rotation": 270, "texture": "#6"}
			}
		},
		{
			"from": [5.9, 8.5, 9.2],
			"to": [6, 9, 9.7],
			"faces": {
				"north": {"uv": [0, 0, 1, 2], "rotation": 180, "texture": "#6"},
				"east": {"uv": [0, 0, 1, 2], "rotation": 180, "texture": "#6"},
				"south": {"uv": [0, 0, 1, 2], "rotation": 180, "texture": "#6"},
				"west": {"uv": [0, 0, 2, 2], "rotation": 180, "texture": "#6"},
				"up": {"uv": [0, 0, 1, 2], "texture": "#6"},
				"down": {"uv": [0, 0, 1, 2], "texture": "#6"}
			}
		},
		{
			"from": [10.2, 9.5, 9],
			"to": [10.7, 10, 9.1],
			"faces": {
				"north": {"uv": [0, 0, 1, 2], "rotation": 180, "texture": "#6"},
				"east": {"uv": [0, 0, 1, 2], "rotation": 180, "texture": "#6"},
				"south": {"uv": [0, 0, 2, 2], "rotation": 180, "texture": "#6"},
				"west": {"uv": [0, 0, 1, 2], "rotation": 180, "texture": "#6"},
				"up": {"uv": [0, 0, 1, 2], "rotation": 270, "texture": "#6"},
				"down": {"uv": [0, 0, 1, 2], "rotation": 90, "texture": "#6"}
			}
		},
		{
			"from": [10, 8.5, 6.3],
			"to": [10.1, 9, 6.8],
			"faces": {
				"north": {"uv": [0, 0, 1, 2], "rotation": 180, "texture": "#6"},
				"east": {"uv": [0, 0, 2, 2], "rotation": 180, "texture": "#6"},
				"south": {"uv": [0, 0, 1, 2], "rotation": 180, "texture": "#6"},
				"west": {"uv": [0, 0, 1, 2], "rotation": 180, "texture": "#6"},
				"up": {"uv": [0, 0, 1, 2], "rotation": 180, "texture": "#6"},
				"down": {"uv": [0, 0, 1, 2], "rotation": 180, "texture": "#6"}
			}
		},
		{
			"from": [6.3, 8.5, 5.9],
			"to": [6.8, 9, 6],
			"faces": {
				"north": {"uv": [0, 0, 2, 2], "rotation": 180, "texture": "#6"},
				"east": {"uv": [0, 0, 1, 2], "rotation": 180, "texture": "#6"},
				"south": {"uv": [0, 0, 1, 2], "rotation": 180, "texture": "#6"},
				"west": {"uv": [0, 0, 1, 2], "rotation": 180, "texture": "#6"},
				"up": {"uv": [0, 0, 1, 2], "rotation": 90, "texture": "#6"},
				"down": {"uv": [0, 0, 1, 2], "rotation": 270, "texture": "#6"}
			}
		},
		{
			"from": [6.2, 10.5, 10],
			"to": [6.4, 10.7, 10.1],
			"faces": {
				"north": {"uv": [0, 0, 1, 2], "rotation": 180, "texture": "#6"},
				"east": {"uv": [0, 0, 1, 2], "rotation": 180, "texture": "#6"},
				"south": {"uv": [0, 0, 1, 2], "rotation": 180, "texture": "#6"},
				"west": {"uv": [0, 0, 1, 2], "rotation": 180, "texture": "#6"},
				"up": {"uv": [0, 0, 1, 2], "rotation": 270, "texture": "#6"},
				"down": {"uv": [0, 0, 1, 2], "rotation": 90, "texture": "#6"}
			}
		},
		{
			"from": [10, 10.5, 9.3],
			"to": [10.1, 11, 9.8],
			"faces": {
				"north": {"uv": [0, 0, 1, 2], "rotation": 180, "texture": "#6"},
				"east": {"uv": [0, 0, 2, 2], "rotation": 180, "texture": "#6"},
				"south": {"uv": [0, 0, 1, 2], "rotation": 180, "texture": "#6"},
				"west": {"uv": [0, 0, 1, 2], "rotation": 180, "texture": "#6"},
				"up": {"uv": [0, 0, 1, 2], "rotation": 180, "texture": "#6"},
				"down": {"uv": [0, 0, 1, 2], "rotation": 180, "texture": "#6"}
			}
		},
		{
			"from": [9.3, 10.5, 5.9],
			"to": [9.7, 10.9, 6],
			"faces": {
				"north": {"uv": [0, 0, 2, 2], "rotation": 180, "texture": "#6"},
				"east": {"uv": [0, 0, 1, 2], "rotation": 180, "texture": "#6"},
				"south": {"uv": [0, 0, 1, 2], "rotation": 180, "texture": "#6"},
				"west": {"uv": [0, 0, 1, 2], "rotation": 180, "texture": "#6"},
				"up": {"uv": [0, 0, 1, 2], "rotation": 90, "texture": "#6"},
				"down": {"uv": [0, 0, 1, 2], "rotation": 270, "texture": "#6"}
			}
		},
		{
			"from": [5.9, 10.5, 6.2],
			"to": [6, 10.8, 6.5],
			"faces": {
				"north": {"uv": [0, 0, 1, 2], "rotation": 180, "texture": "#6"},
				"east": {"uv": [0, 0, 1, 2], "rotation": 180, "texture": "#6"},
				"south": {"uv": [0, 0, 1, 2], "rotation": 180, "texture": "#6"},
				"west": {"uv": [0, 0, 2, 2], "rotation": 180, "texture": "#6"},
				"up": {"uv": [0, 0, 1, 2], "texture": "#6"},
				"down": {"uv": [0, 0, 1, 2], "texture": "#6"}
			}
		},
		{
			"from": [5.2, 7.4, 11],
			"to": [5.7, 7.9, 11.1],
			"faces": {
				"north": {"uv": [0, 0, 1, 2], "rotation": 180, "texture": "#6"},
				"east": {"uv": [0, 0, 1, 2], "rotation": 180, "texture": "#6"},
				"south": {"uv": [0, 0, 2, 2], "rotation": 180, "texture": "#6"},
				"west": {"uv": [0, 0, 1, 2], "rotation": 180, "texture": "#6"},
				"up": {"uv": [0, 0, 1, 2], "rotation": 270, "texture": "#6"},
				"down": {"uv": [0, 0, 1, 2], "rotation": 90, "texture": "#6"}
			}
		},
		{
			"from": [9, 8.4, 10.3],
			"to": [9.1, 8.9, 10.8],
			"faces": {
				"north": {"uv": [0, 0, 1, 2], "rotation": 180, "texture": "#6"},
				"east": {"uv": [0, 0, 2, 2], "rotation": 180, "texture": "#6"},
				"south": {"uv": [0, 0, 1, 2], "rotation": 180, "texture": "#6"},
				"west": {"uv": [0, 0, 1, 2], "rotation": 180, "texture": "#6"},
				"up": {"uv": [0, 0, 1, 2], "rotation": 180, "texture": "#6"},
				"down": {"uv": [0, 0, 1, 2], "rotation": 180, "texture": "#6"}
			}
		},
		{
			"from": [7.1, 9.3, 4.9],
			"to": [7.6, 9.8, 5],
			"faces": {
				"north": {"uv": [0, 0, 2, 2], "rotation": 270, "texture": "#6"},
				"east": {"uv": [0, 0, 1, 2], "rotation": 180, "texture": "#6"},
				"south": {"uv": [0, 0, 1, 2], "rotation": 90, "texture": "#6"},
				"west": {"uv": [0, 0, 1, 2], "texture": "#6"},
				"up": {"uv": [0, 0, 1, 2], "rotation": 90, "texture": "#6"},
				"down": {"uv": [0, 0, 1, 2], "rotation": 90, "texture": "#6"}
			}
		},
		{
			"from": [6.9, 11.3, 9.5],
			"to": [7, 11.8, 10],
			"faces": {
				"north": {"uv": [0, 0, 1, 2], "rotation": 180, "texture": "#6"},
				"east": {"uv": [0, 0, 1, 2], "rotation": 90, "texture": "#6"},
				"south": {"uv": [0, 0, 1, 2], "texture": "#6"},
				"west": {"uv": [0, 0, 2, 2], "rotation": 270, "texture": "#6"},
				"up": {"uv": [0, 0, 1, 2], "texture": "#6"},
				"down": {"uv": [0, 0, 1, 2], "rotation": 180, "texture": "#6"}
			}
		},
		{
			"from": [9.5, 9.3, 10],
			"to": [10, 9.8, 10.1],
			"faces": {
				"north": {"uv": [0, 0, 1, 2], "rotation": 90, "texture": "#6"},
				"east": {"uv": [0, 0, 1, 2], "texture": "#6"},
				"south": {"uv": [0, 0, 2, 2], "rotation": 270, "texture": "#6"},
				"west": {"uv": [0, 0, 1, 2], "rotation": 180, "texture": "#6"},
				"up": {"uv": [0, 0, 1, 2], "rotation": 270, "texture": "#6"},
				"down": {"uv": [0, 0, 1, 2], "rotation": 270, "texture": "#6"}
			}
		},
		{
			"from": [9, 11.3, 6],
			"to": [9.1, 11.8, 6.5],
			"faces": {
				"north": {"uv": [0, 0, 1, 2], "texture": "#6"},
				"east": {"uv": [0, 0, 2, 2], "rotation": 270, "texture": "#6"},
				"south": {"uv": [0, 0, 1, 2], "rotation": 180, "texture": "#6"},
				"west": {"uv": [0, 0, 1, 2], "rotation": 90, "texture": "#6"},
				"up": {"uv": [0, 0, 1, 2], "rotation": 180, "texture": "#6"},
				"down": {"uv": [0, 0, 1, 2], "texture": "#6"}
			}
		},
		{
			"from": [7, 11.3, 5.9],
			"to": [7.5, 11.8, 6],
			"faces": {
				"north": {"uv": [0, 0, 2, 2], "rotation": 270, "texture": "#6"},
				"east": {"uv": [0, 0, 1, 2], "rotation": 180, "texture": "#6"},
				"south": {"uv": [0, 0, 1, 2], "rotation": 90, "texture": "#6"},
				"west": {"uv": [0, 0, 1, 2], "texture": "#6"},
				"up": {"uv": [0, 0, 1, 2], "rotation": 90, "texture": "#6"},
				"down": {"uv": [0, 0, 1, 2], "rotation": 90, "texture": "#6"}
			}
		}
	],
	"groups": [0,
		{
			"name": "Ring",
			"origin": [9, 8, 8],
			"children": [1, 2, 3, 4, 5, 6, 7, 8, 9, 10, 11, 12]
		},
		{
			"name": "Ringmid",
			"origin": [8, 8, 8],
			"children": [13, 14, 15, 16, 17, 18, 19, 20, 21, 22, 23, 24]
		},
		{
			"name": "tube",
			"origin": [8, 8, 8],
			"children": [25, 26, 27, 28, 29, 30, 31, 32]
		},
		{
			"name": "top",
			"origin": [8, 8, 8],
			"children": [33, 34, 35]
		},
		{
			"name": "Mushroom spores",
			"origin": [8, 8, 8],
			"children": [36, 37, 38, 39, 40, 41, 42, 43, 44, 45, 46, 47, 48, 49, 50, 51, 52, 53, 54, 55, 56, 57]
		}
	]
}