{
	"credit": "Made with Blockbench, By tehcnodono",
	"textures": {
		"1": "wartstg0/texture_1",
		"2": "wartstg0/texture_2",
		"3": "wartstg0/texture_3",
		"4": "wartstg0/texture_4",
		"5": "wartstg0/texture_5",
		"particle": "wartstg0/texture_0"
	},
	"elements": [
		{
			"from": [1, 3, 2],
			"to": [2, 5, 5],
			"faces": {
				"north": {"uv": [0, 0, 1, 2], "texture": "#5"},
				"east": {"uv": [0, 0, 3, 2], "texture": "#5"},
				"south": {"uv": [0, 0, 1, 2], "texture": "#5"},
				"west": {"uv": [0, 0, 3, 2], "texture": "#5"},
				"up": {"uv": [0, 0, 1, 3], "texture": "#5"},
				"down": {"uv": [0, 0, 1, 3], "texture": "#5"}
			}
		},
		{
			"from": [2, 3, 5],
			"to": [5, 5, 6],
			"faces": {
				"north": {"uv": [0, 0, 3, 2], "texture": "#3"},
				"east": {"uv": [0, 0, 1, 2], "texture": "#3"},
				"south": {"uv": [0, 0, 3, 2], "texture": "#3"},
				"west": {"uv": [0, 0, 1, 2], "texture": "#3"},
				"up": {"uv": [0, 0, 1, 3], "rotation": 270, "texture": "#3"},
				"down": {"uv": [0, 0, 1, 3], "rotation": 90, "texture": "#3"}
			}
		},
		{
			"from": [2, 5, 2],
			"to": [5, 6, 5],
			"faces": {
				"north": {"uv": [0, 0, 3, 1], "texture": "#4"},
				"east": {"uv": [0, 0, 3, 1], "texture": "#4"},
				"south": {"uv": [0, 0, 3, 1], "texture": "#4"},
				"west": {"uv": [0, 0, 3, 1], "texture": "#4"},
				"up": {"uv": [0, 0, 3, 3], "texture": "#4"},
				"down": {"uv": [0, 0, 3, 3], "texture": "#4"}
			}
		},
		{
			"from": [2, 3, 1],
			"to": [5, 5, 2],
			"faces": {
				"north": {"uv": [0, 0, 3, 2], "texture": "#3"},
				"east": {"uv": [0, 0, 1, 2], "texture": "#3"},
				"south": {"uv": [0, 0, 3, 2], "texture": "#3"},
				"west": {"uv": [0, 0, 1, 2], "texture": "#3"},
				"up": {"uv": [0, 0, 1, 3], "rotation": 270, "texture": "#3"},
				"down": {"uv": [0, 0, 1, 3], "rotation": 90, "texture": "#3"}
			}
		},
		{
			"from": [5, 3, 2],
			"to": [6, 5, 5],
			"faces": {
				"north": {"uv": [0, 0, 1, 2], "texture": "#2"},
				"east": {"uv": [0, 0, 3, 2], "texture": "#2"},
				"south": {"uv": [0, 0, 1, 2], "texture": "#2"},
				"west": {"uv": [0, 0, 3, 2], "texture": "#2"},
				"up": {"uv": [0, 0, 1, 3], "texture": "#2"},
				"down": {"uv": [0, 0, 1, 3], "texture": "#2"}
			}
		},
		{
			"from": [2.5, 0, 2.5],
			"to": [4.5, 5, 4.5],
			"faces": {
				"north": {"uv": [0, 0, 2, 5], "texture": "#1"},
				"east": {"uv": [0, 0, 2, 5], "texture": "#1"},
				"south": {"uv": [0, 0, 2, 5], "texture": "#1"},
				"west": {"uv": [0, 0, 2, 5], "texture": "#1"},
				"up": {"uv": [0, 0, 2, 2], "texture": "#1"},
				"down": {"uv": [0, 0, 2, 2], "texture": "#1"}
			}
		},
		{
			"from": [4, 2, 10],
			"to": [5, 4, 13],
			"rotation": {"angle": 0, "axis": "y", "origin": [11, 7, 15]},
			"faces": {
				"north": {"uv": [0, 0, 1, 2], "texture": "#4"},
				"east": {"uv": [0, 0, 3, 2], "texture": "#4"},
				"south": {"uv": [0, 0, 1, 2], "texture": "#4"},
				"west": {"uv": [0, 0, 3, 2], "texture": "#4"},
				"up": {"uv": [0, 0, 1, 3], "texture": "#4"},
				"down": {"uv": [0, 0, 1, 3], "texture": "#4"}
			}
		},
		{
			"from": [5, 2, 13],
			"to": [8, 4, 14],
			"rotation": {"angle": 0, "axis": "y", "origin": [11, 7, 15]},
			"faces": {
				"north": {"uv": [0, 0, 3, 2], "texture": "#5"},
				"east": {"uv": [0, 0, 1, 2], "texture": "#5"},
				"south": {"uv": [0, 0, 3, 2], "texture": "#5"},
				"west": {"uv": [0, 0, 1, 2], "texture": "#5"},
				"up": {"uv": [0, 0, 1, 3], "rotation": 270, "texture": "#5"},
				"down": {"uv": [0, 0, 1, 3], "rotation": 90, "texture": "#5"}
			}
		},
		{
			"from": [5, 4, 10],
			"to": [8, 5, 13],
			"rotation": {"angle": 0, "axis": "y", "origin": [11, 7, 15]},
			"faces": {
				"north": {"uv": [0, 0, 3, 1], "texture": "#5"},
				"east": {"uv": [0, 0, 3, 1], "texture": "#5"},
				"south": {"uv": [0, 0, 3, 1], "texture": "#5"},
				"west": {"uv": [0, 0, 3, 1], "texture": "#5"},
				"up": {"uv": [0, 0, 3, 3], "texture": "#5"},
				"down": {"uv": [0, 0, 3, 3], "texture": "#5"}
			}
		},
		{
			"from": [5, 2, 9],
			"to": [8, 4, 10],
			"rotation": {"angle": 0, "axis": "y", "origin": [11, 7, 15]},
			"faces": {
				"north": {"uv": [0, 0, 3, 2], "texture": "#2"},
				"east": {"uv": [0, 0, 1, 2], "texture": "#2"},
				"south": {"uv": [0, 0, 3, 2], "texture": "#2"},
				"west": {"uv": [0, 0, 1, 2], "texture": "#2"},
				"up": {"uv": [0, 0, 1, 3], "rotation": 270, "texture": "#2"},
				"down": {"uv": [0, 0, 1, 3], "rotation": 90, "texture": "#2"}
			}
		},
		{
			"from": [8, 2, 10],
			"to": [9, 4, 13],
			"rotation": {"angle": 0, "axis": "y", "origin": [11, 7, 15]},
			"faces": {
				"north": {"uv": [0, 0, 1, 2], "texture": "#3"},
				"east": {"uv": [0, 0, 3, 2], "texture": "#3"},
				"south": {"uv": [0, 0, 1, 2], "texture": "#3"},
				"west": {"uv": [0, 0, 3, 2], "texture": "#3"},
				"up": {"uv": [0, 0, 1, 3], "texture": "#3"},
				"down": {"uv": [0, 0, 1, 3], "texture": "#3"}
			}
		},
		{
			"from": [5.5, 0, 10.5],
			"to": [7.5, 4, 12.5],
			"faces": {
				"north": {"uv": [0, 0, 2, 4], "texture": "#1"},
				"east": {"uv": [0, 0, 2, 4], "texture": "#1"},
				"south": {"uv": [0, 0, 2, 4], "texture": "#1"},
				"west": {"uv": [0, 0, 2, 4], "texture": "#1"},
				"up": {"uv": [0, 0, 2, 2], "texture": "#1"},
				"down": {"uv": [0, 0, 2, 2], "texture": "#1"}
			}
		},
		{
			"from": [11.5, 0, 1],
			"to": [12.5, 1, 1.5],
			"rotation": {"angle": 0, "axis": "y", "origin": [13, 5, 3]},
			"faces": {
				"north": {"uv": [0, 0, 1, 1], "texture": "#2"},
				"east": {"uv": [0, 0, 0.5, 1], "texture": "#2"},
				"south": {"uv": [0, 0, 1, 1], "texture": "#2"},
				"west": {"uv": [0, 0, 0.5, 1], "texture": "#2"},
				"up": {"uv": [0, 0, 0.5, 1], "rotation": 270, "texture": "#2"},
				"down": {"uv": [0, 0, 0.5, 1], "rotation": 90, "texture": "#2"}
			}
		},
		{
			"from": [12.5, 0, 1.5],
			"to": [13, 1, 2.5],
			"rotation": {"angle": 0, "axis": "y", "origin": [13, 5, 3]},
			"faces": {
				"north": {"uv": [0, 0, 0.5, 1], "texture": "#3"},
				"east": {"uv": [0, 0, 1, 1], "texture": "#3"},
				"south": {"uv": [0, 0, 0.5, 1], "texture": "#3"},
				"west": {"uv": [0, 0, 1, 1], "texture": "#3"},
				"up": {"uv": [0, 0, 0.5, 1], "texture": "#3"},
				"down": {"uv": [0, 0, 0.5, 1], "texture": "#3"}
			}
		},
		{
			"from": [11.5, 0, 2.5],
			"to": [12.5, 1, 3],
			"rotation": {"angle": 0, "axis": "y", "origin": [13, 5, 3]},
			"faces": {
				"north": {"uv": [0, 0, 1, 1], "texture": "#2"},
				"east": {"uv": [0, 0, 0.5, 1], "texture": "#2"},
				"south": {"uv": [0, 0, 1, 1], "texture": "#2"},
				"west": {"uv": [0, 0, 0.5, 1], "texture": "#2"},
				"up": {"uv": [0, 0, 0.5, 1], "rotation": 270, "texture": "#2"},
				"down": {"uv": [0, 0, 0.5, 1], "rotation": 90, "texture": "#2"}
			}
		},
		{
			"from": [11.5, 0, 1.5],
			"to": [12.5, 1.5, 2.5],
			"rotation": {"angle": 0, "axis": "y", "origin": [11, 6, -4]},
			"faces": {
				"north": {"uv": [0, 0, 1, 1.5], "texture": "#5"},
				"east": {"uv": [0, 0, 1, 1.5], "texture": "#5"},
				"south": {"uv": [0, 0, 1, 1.5], "texture": "#5"},
				"west": {"uv": [0, 0, 1, 1.5], "texture": "#5"},
				"up": {"uv": [0, 0, 1, 1], "texture": "#5"},
				"down": {"uv": [0, 0, 1, 1], "texture": "#5"}
			}
		},
		{
			"from": [11, 0, 1.5],
			"to": [11.5, 1, 2.5],
			"rotation": {"angle": 0, "axis": "y", "origin": [13, 5, 3]},
			"faces": {
				"north": {"uv": [0, 0, 0.5, 1], "texture": "#5"},
				"east": {"uv": [0, 0, 1, 1], "texture": "#5"},
				"south": {"uv": [0, 0, 0.5, 1], "texture": "#5"},
				"west": {"uv": [0, 0, 1, 1], "texture": "#5"},
				"up": {"uv": [0, 0, 0.5, 1], "texture": "#5"},
				"down": {"uv": [0, 0, 0.5, 1], "texture": "#5"}
			}
		},
		{
			"from": [7.5, 2, 2],
			"to": [9.5, 3, 2.5],
			"rotation": {"angle": 0, "axis": "y", "origin": [9, 7, 4]},
			"faces": {
				"north": {"uv": [0, 0, 2, 1], "texture": "#4"},
				"east": {"uv": [0, 0, 0.5, 1], "texture": "#4"},
				"south": {"uv": [0, 0, 2, 1], "texture": "#4"},
				"west": {"uv": [0, 0, 0.5, 1], "texture": "#4"},
				"up": {"uv": [0, 0, 0.5, 2], "rotation": 270, "texture": "#4"},
				"down": {"uv": [0, 0, 0.5, 2], "rotation": 90, "texture": "#4"}
			}
		},
		{
			"from": [9.5, 2, 2.5],
			"to": [10, 3, 4.5],
			"rotation": {"angle": 0, "axis": "y", "origin": [9, 7, 4]},
			"faces": {
				"north": {"uv": [0, 0, 0.5, 1], "texture": "#2"},
				"east": {"uv": [0, 0, 2, 1], "texture": "#2"},
				"south": {"uv": [0, 0, 0.5, 1], "texture": "#2"},
				"west": {"uv": [0, 0, 2, 1], "texture": "#2"},
				"up": {"uv": [0, 0, 0.5, 2], "texture": "#2"},
				"down": {"uv": [0, 0, 0.5, 2], "texture": "#2"}
			}
		},
		{
			"from": [7.5, 2, 4.5],
			"to": [9.5, 3, 5],
			"rotation": {"angle": 0, "axis": "y", "origin": [9, 7, 4]},
			"faces": {
				"north": {"uv": [0, 0, 2, 1], "texture": "#5"},
				"east": {"uv": [0, 0, 0.5, 1], "texture": "#5"},
				"south": {"uv": [0, 0, 2, 1], "texture": "#5"},
				"west": {"uv": [0, 0, 0.5, 1], "texture": "#5"},
				"up": {"uv": [0, 0, 0.5, 2], "rotation": 270, "texture": "#5"},
				"down": {"uv": [0, 0, 0.5, 2], "rotation": 90, "texture": "#5"}
			}
		},
		{
			"from": [7.5, 3, 2.5],
			"to": [9.5, 3.5, 4.5],
			"rotation": {"angle": 0, "axis": "y", "origin": [7, 8, -3]},
			"faces": {
				"north": {"uv": [0, 0, 2, 0.5], "texture": "#5"},
				"east": {"uv": [0, 0, 2, 0.5], "texture": "#5"},
				"south": {"uv": [0, 0, 2, 0.5], "texture": "#5"},
				"west": {"uv": [0, 0, 2, 0.5], "texture": "#5"},
				"up": {"uv": [0, 0, 2, 2], "texture": "#5"},
				"down": {"uv": [0, 0, 2, 2], "texture": "#5"}
			}
		},
		{
			"from": [7, 2, 2.5],
			"to": [7.5, 3, 4.5],
			"rotation": {"angle": 0, "axis": "y", "origin": [9, 7, 4]},
			"faces": {
				"north": {"uv": [0, 0, 0.5, 1], "texture": "#3"},
				"east": {"uv": [0, 0, 2, 1], "texture": "#3"},
				"south": {"uv": [0, 0, 0.5, 1], "texture": "#3"},
				"west": {"uv": [0, 0, 2, 1], "texture": "#3"},
				"up": {"uv": [0, 0, 0.5, 2], "texture": "#3"},
				"down": {"uv": [0, 0, 0.5, 2], "texture": "#3"}
			}
		},
		{
			"from": [8, 0, 3],
			"to": [9, 3, 4],
			"faces": {
				"north": {"uv": [0, 0, 1, 3], "texture": "#1"},
				"east": {"uv": [0, 0, 1, 3], "texture": "#1"},
				"south": {"uv": [0, 0, 1, 3], "texture": "#1"},
				"west": {"uv": [0, 0, 1, 3], "texture": "#1"},
				"up": {"uv": [0, 0, 1, 1], "texture": "#1"},
				"down": {"uv": [0, 0, 1, 1], "texture": "#1"}
			}
		},
		{
			"from": [11.5, 1, 6],
			"to": [13.5, 2, 6.5],
			"rotation": {"angle": 0, "axis": "y", "origin": [13, 6, 8]},
			"faces": {
				"north": {"uv": [0, 0, 2, 1], "texture": "#5"},
				"east": {"uv": [0, 0, 0.5, 1], "texture": "#5"},
				"south": {"uv": [0, 0, 2, 1], "texture": "#5"},
				"west": {"uv": [0, 0, 0.5, 1], "texture": "#5"},
				"up": {"uv": [0, 0, 0.5, 2], "rotation": 270, "texture": "#5"},
				"down": {"uv": [0, 0, 0.5, 2], "rotation": 90, "texture": "#5"}
			}
		},
		{
			"from": [13.5, 1, 6.5],
			"to": [14, 2, 8.5],
			"rotation": {"angle": 0, "axis": "y", "origin": [13, 6, 8]},
			"faces": {
				"north": {"uv": [0, 0, 0.5, 1], "texture": "#4"},
				"east": {"uv": [0, 0, 2, 1], "texture": "#4"},
				"south": {"uv": [0, 0, 0.5, 1], "texture": "#4"},
				"west": {"uv": [0, 0, 2, 1], "texture": "#4"},
				"up": {"uv": [0, 0, 0.5, 2], "texture": "#4"},
				"down": {"uv": [0, 0, 0.5, 2], "texture": "#4"}
			}
		},
		{
			"from": [11.5, 1, 8.5],
			"to": [13.5, 2, 9],
			"rotation": {"angle": 0, "axis": "y", "origin": [13, 6, 8]},
			"faces": {
				"north": {"uv": [0, 0, 2, 1], "texture": "#3"},
				"east": {"uv": [0, 0, 0.5, 1], "texture": "#3"},
				"south": {"uv": [0, 0, 2, 1], "texture": "#3"},
				"west": {"uv": [0, 0, 0.5, 1], "texture": "#3"},
				"up": {"uv": [0, 0, 0.5, 2], "rotation": 270, "texture": "#3"},
				"down": {"uv": [0, 0, 0.5, 2], "rotation": 90, "texture": "#3"}
			}
		},
		{
			"from": [11.5, 2, 6.5],
			"to": [13.5, 2.5, 8.5],
			"rotation": {"angle": 0, "axis": "y", "origin": [11, 7, 1]},
			"faces": {
				"north": {"uv": [0, 0, 2, 0.5], "texture": "#4"},
				"east": {"uv": [0, 0, 2, 0.5], "texture": "#4"},
				"south": {"uv": [0, 0, 2, 0.5], "texture": "#4"},
				"west": {"uv": [0, 0, 2, 0.5], "texture": "#4"},
				"up": {"uv": [0, 0, 2, 2], "texture": "#4"},
				"down": {"uv": [0, 0, 2, 2], "texture": "#4"}
			}
		},
		{
			"from": [11, 1, 6.5],
			"to": [11.5, 2, 8.5],
			"rotation": {"angle": 0, "axis": "y", "origin": [13, 6, 8]},
			"faces": {
				"north": {"uv": [0, 0, 0.5, 1], "texture": "#4"},
				"east": {"uv": [0, 0, 2, 1], "texture": "#4"},
				"south": {"uv": [0, 0, 0.5, 1], "texture": "#4"},
				"west": {"uv": [0, 0, 2, 1], "texture": "#4"},
				"up": {"uv": [0, 0, 0.5, 2], "texture": "#4"},
				"down": {"uv": [0, 0, 0.5, 2], "texture": "#4"}
			}
		},
		{
			"from": [12, 0, 7],
			"to": [13, 2, 8],
			"faces": {
				"north": {"uv": [0, 0, 1, 2], "texture": "#1"},
				"east": {"uv": [0, 0, 1, 2], "texture": "#1"},
				"south": {"uv": [0, 0, 1, 2], "texture": "#1"},
				"west": {"uv": [0, 0, 1, 2], "texture": "#1"},
				"up": {"uv": [0, 0, 1, 1], "texture": "#1"},
				"down": {"uv": [0, 0, 1, 1], "texture": "#1"}
			}
		},
		{
			"from": [9.5, 2, 13],
			"to": [11.5, 3, 13.5],
			"rotation": {"angle": 0, "axis": "y", "origin": [11, 7, 15]},
			"faces": {
				"north": {"uv": [0, 0, 2, 1], "texture": "#3"},
				"east": {"uv": [0, 0, 0.5, 1], "texture": "#3"},
				"south": {"uv": [0, 0, 2, 1], "texture": "#3"},
				"west": {"uv": [0, 0, 0.5, 1], "texture": "#3"},
				"up": {"uv": [0, 0, 0.5, 2], "rotation": 270, "texture": "#3"},
				"down": {"uv": [0, 0, 0.5, 2], "rotation": 90, "texture": "#3"}
			}
		},
		{
			"from": [11.5, 2, 13.5],
			"to": [12, 3, 15.5],
			"rotation": {"angle": 0, "axis": "y", "origin": [11, 7, 15]},
			"faces": {
				"north": {"uv": [0, 0, 0.5, 1], "texture": "#4"},
				"east": {"uv": [0, 0, 2, 1], "texture": "#4"},
				"south": {"uv": [0, 0, 0.5, 1], "texture": "#4"},
				"west": {"uv": [0, 0, 2, 1], "texture": "#4"},
				"up": {"uv": [0, 0, 0.5, 2], "texture": "#4"},
				"down": {"uv": [0, 0, 0.5, 2], "texture": "#4"}
			}
		},
		{
			"from": [9.5, 2, 15.5],
			"to": [11.5, 3, 16],
			"rotation": {"angle": 0, "axis": "y", "origin": [11, 7, 15]},
			"faces": {
				"north": {"uv": [0, 0, 2, 1], "texture": "#5"},
				"east": {"uv": [0, 0, 0.5, 1], "texture": "#5"},
				"south": {"uv": [0, 0, 2, 1], "texture": "#5"},
				"west": {"uv": [0, 0, 0.5, 1], "texture": "#5"},
				"up": {"uv": [0, 0, 0.5, 2], "rotation": 270, "texture": "#5"},
				"down": {"uv": [0, 0, 0.5, 2], "rotation": 90, "texture": "#5"}
			}
		},
		{
			"from": [9.5, 3, 13.5],
			"to": [11.5, 3.5, 15.5],
			"rotation": {"angle": 0, "axis": "y", "origin": [9, 8, 8]},
			"faces": {
				"north": {"uv": [0, 0, 2, 0.5], "texture": "#5"},
				"east": {"uv": [0, 0, 2, 0.5], "texture": "#5"},
				"south": {"uv": [0, 0, 2, 0.5], "texture": "#5"},
				"west": {"uv": [0, 0, 2, 0.5], "texture": "#5"},
				"up": {"uv": [0, 0, 2, 2], "texture": "#5"},
				"down": {"uv": [0, 0, 2, 2], "texture": "#5"}
			}
		},
		{
			"from": [9, 2, 13.5],
			"to": [9.5, 3, 15.5],
			"rotation": {"angle": 0, "axis": "y", "origin": [11, 7, 15]},
			"faces": {
				"north": {"uv": [0, 0, 0.5, 1], "texture": "#2"},
				"east": {"uv": [0, 0, 2, 1], "texture": "#2"},
				"south": {"uv": [0, 0, 0.5, 1], "texture": "#2"},
				"west": {"uv": [0, 0, 2, 1], "texture": "#2"},
				"up": {"uv": [0, 0, 0.5, 2], "texture": "#2"},
				"down": {"uv": [0, 0, 0.5, 2], "texture": "#2"}
			}
		},
		{
			"from": [10, 0, 14],
			"to": [11, 3, 15],
			"rotation": {"angle": 0, "axis": "y", "origin": [9, 8, 8]},
			"faces": {
				"north": {"uv": [0, 0, 1, 3], "texture": "#1"},
				"east": {"uv": [0, 0, 1, 3], "texture": "#1"},
				"south": {"uv": [0, 0, 1, 3], "texture": "#1"},
				"west": {"uv": [0, 0, 1, 3], "texture": "#1"},
				"up": {"uv": [0, 0, 1, 1], "texture": "#1"},
				"down": {"uv": [0, 0, 1, 1], "texture": "#1"}
			}
		},
		{
			"from": [3.5, 0, 12],
			"to": [4.5, 1, 12.5],
			"rotation": {"angle": 0, "axis": "y", "origin": [5, 5, 14]},
			"faces": {
				"north": {"uv": [0, 0, 1, 1], "texture": "#2"},
				"east": {"uv": [0, 0, 0.5, 1], "texture": "#2"},
				"south": {"uv": [0, 0, 1, 1], "texture": "#2"},
				"west": {"uv": [0, 0, 0.5, 1], "texture": "#2"},
				"up": {"uv": [0, 0, 0.5, 1], "rotation": 270, "texture": "#2"},
				"down": {"uv": [0, 0, 0.5, 1], "rotation": 90, "texture": "#2"}
			}
		},
		{
			"from": [4.5, 0, 12.5],
			"to": [5, 1, 13.5],
			"rotation": {"angle": 0, "axis": "y", "origin": [5, 5, 14]},
			"faces": {
				"north": {"uv": [0, 0, 0.5, 1], "texture": "#4"},
				"east": {"uv": [0, 0, 1, 1], "texture": "#4"},
				"south": {"uv": [0, 0, 0.5, 1], "texture": "#4"},
				"west": {"uv": [0, 0, 1, 1], "texture": "#4"},
				"up": {"uv": [0, 0, 0.5, 1], "texture": "#4"},
				"down": {"uv": [0, 0, 0.5, 1], "texture": "#4"}
			}
		},
		{
			"from": [3.5, 0, 13.5],
			"to": [4.5, 1, 14],
			"rotation": {"angle": 0, "axis": "y", "origin": [5, 5, 14]},
			"faces": {
				"north": {"uv": [0, 0, 1, 1], "texture": "#4"},
				"east": {"uv": [0, 0, 0.5, 1], "texture": "#4"},
				"south": {"uv": [0, 0, 1, 1], "texture": "#4"},
				"west": {"uv": [0, 0, 0.5, 1], "texture": "#4"},
				"up": {"uv": [0, 0, 0.5, 1], "rotation": 270, "texture": "#4"},
				"down": {"uv": [0, 0, 0.5, 1], "rotation": 90, "texture": "#4"}
			}
		},
		{
			"from": [3.5, 0, 12.5],
			"to": [4.5, 1.5, 13.5],
			"rotation": {"angle": 0, "axis": "y", "origin": [3, 6, 7]},
			"faces": {
				"north": {"uv": [0, 0, 1, 1.5], "texture": "#3"},
				"east": {"uv": [0, 0, 1, 1.5], "texture": "#3"},
				"south": {"uv": [0, 0, 1, 1.5], "texture": "#3"},
				"west": {"uv": [0, 0, 1, 1.5], "texture": "#3"},
				"up": {"uv": [0, 0, 1, 1], "texture": "#3"},
				"down": {"uv": [0, 0, 1, 1], "texture": "#3"}
			}
		},
		{
			"from": [3, 0, 12.5],
			"to": [3.5, 1, 13.5],
			"rotation": {"angle": 0, "axis": "y", "origin": [5, 5, 14]},
			"faces": {
				"north": {"uv": [0, 0, 0.5, 1], "texture": "#5"},
				"east": {"uv": [0, 0, 1, 1], "texture": "#5"},
				"south": {"uv": [0, 0, 0.5, 1], "texture": "#5"},
				"west": {"uv": [0, 0, 1, 1], "texture": "#5"},
				"up": {"uv": [0, 0, 0.5, 1], "texture": "#5"},
				"down": {"uv": [0, 0, 0.5, 1], "texture": "#5"}
			}
		}
	],
	"groups": [
		{
			"name": "Big mushroom top",
			"origin": [8, 8, 8],
			"children": [0, 1, 2, 3, 4, 5]
		},
		{
			"name": "Big mushroom top",
			"origin": [8, 8, 8],
			"children": [6, 7, 8, 9, 10, 11]
		},
		{
			"name": "stub boi",
			"origin": [11, 7, 15],
			"children": [12, 13, 14, 15, 16]
		},
		{
			"name": "Small mushroom top",
			"origin": [11, 7, 15],
			"children": [17, 18, 19, 20, 21, 22]
		},
		{
			"name": "Small mushroom top",
			"origin": [11, 7, 15],
			"children": [23, 24, 25, 26, 27, 28]
		},
		{
			"name": "Small mushroom top",
			"origin": [11, 7, 15],
			"children": [29, 30, 31, 32, 33, 34]
		},
		{
			"name": "stub boi",
			"origin": [11, 7, 15],
			"children": [35, 36, 37, 38, 39]
		}
	]
}