{
	"credit": "Made with Blockbench",
	"textures": {
		"1": "roots/texture_1",
		"2": "roots/texture_2",
		"3": "roots/texture_3",
		"4": "roots/texture_4",
		"particle": "roots/texture_0",
        	"flowerpot": "block/flower_pot",
        	"dirt": "block/warped_nylium"
	},
	"elements": [
		{
			"from": [9.32, 6.02, 6.02],
			"to": [9.98, 6.68, 7.34],
			"rotation": {"angle": 22.5, "axis": "y", "origin": [10.64, 8, 9.98]},
			"faces": {
				"north": {"uv": [0, 0, 1, 1], "texture": "#1"},
				"east": {"uv": [0, 0, 1, 1], "texture": "#1"},
				"south": {"uv": [0, 0, 1, 1], "texture": "#1"},
				"west": {"uv": [0, 0, 1, 1], "texture": "#1"},
				"up": {"uv": [0, 0, 1, 1], "rotation": 90, "texture": "#1"},
				"down": {"uv": [0, 0, 1, 1], "rotation": 270, "texture": "#1"}
			}
		},
		{
			"from": [6.68, 2.72, 8.66],
			"to": [7.34, 4.04, 9.32],
			"rotation": {"angle": 0, "axis": "y", "origin": [10.64, 8, 12.62]},
			"faces": {
				"north": {"uv": [0, 0, 1, 2], "texture": "#4"},
				"east": {"uv": [0, 0, 1, 2], "texture": "#4"},
				"south": {"uv": [0, 0, 1, 2], "texture": "#4"},
				"west": {"uv": [0, 0, 1, 2], "texture": "#4"},
				"up": {"uv": [0, 0, 1, 1], "texture": "#4"},
				"down": {"uv": [0, 0, 1, 1], "texture": "#4"}
			}
		},
		{
			"from": [6.68, 2.72, 7.34],
			"to": [7.34, 3.38, 8],
			"rotation": {"angle": 0, "axis": "y", "origin": [10.64, 8, 12.62]},
			"faces": {
				"north": {"uv": [0, 0, 1, 1], "texture": "#4"},
				"east": {"uv": [0, 0, 1, 1], "texture": "#4"},
				"south": {"uv": [0, 0, 1, 1], "texture": "#4"},
				"west": {"uv": [0, 0, 1, 1], "texture": "#4"},
				"up": {"uv": [0, 0, 1, 1], "texture": "#4"},
				"down": {"uv": [0, 0, 1, 1], "texture": "#4"}
			}
		},
		{
			"from": [9.98, 2.72, 7.34],
			"to": [10.64, 4.04, 8],
			"rotation": {"angle": 0, "axis": "y", "origin": [6.68, 8, 4.04]},
			"faces": {
				"north": {"uv": [0, 0, 1, 2], "texture": "#4"},
				"east": {"uv": [0, 0, 1, 2], "texture": "#4"},
				"south": {"uv": [0, 0, 1, 2], "texture": "#4"},
				"west": {"uv": [0, 0, 1, 2], "texture": "#4"},
				"up": {"uv": [0, 0, 1, 1], "rotation": 180, "texture": "#4"},
				"down": {"uv": [0, 0, 1, 1], "rotation": 180, "texture": "#4"}
			}
		},
		{
			"from": [9.32, 2.72, 5.36],
			"to": [9.98, 4.04, 6.02],
			"rotation": {"angle": 22.5, "axis": "y", "origin": [10.64, 8, 9.98]},
			"faces": {
				"north": {"uv": [0, 0, 1, 2], "texture": "#4"},
				"east": {"uv": [0, 0, 1, 2], "texture": "#4"},
				"south": {"uv": [0, 0, 1, 2], "texture": "#4"},
				"west": {"uv": [0, 0, 1, 2], "texture": "#4"},
				"up": {"uv": [0, 0, 1, 1], "rotation": 90, "texture": "#4"},
				"down": {"uv": [0, 0, 1, 1], "rotation": 270, "texture": "#4"}
			}
		},
		{
			"from": [7.34, 3.38, 8],
			"to": [8, 4.7, 8.66],
			"rotation": {"angle": 0, "axis": "y", "origin": [10.64, 7.34, 12.62]},
			"faces": {
				"north": {"uv": [0, 0, 1, 2], "texture": "#3"},
				"east": {"uv": [0, 0, 1, 2], "texture": "#3"},
				"south": {"uv": [0, 0, 1, 2], "texture": "#3"},
				"west": {"uv": [0, 0, 1, 2], "texture": "#3"},
				"up": {"uv": [0, 0, 1, 1], "texture": "#3"},
				"down": {"uv": [0, 0, 1, 1], "texture": "#3"}
			}
		},
		{
			"from": [8, 5.36, 7.34],
			"to": [8.66, 6.68, 8],
			"rotation": {"angle": 0, "axis": "y", "origin": [10.64, 7.34, 12.62]},
			"faces": {
				"north": {"uv": [0, 0, 1, 2], "texture": "#3"},
				"east": {"uv": [0, 0, 1, 2], "texture": "#3"},
				"south": {"uv": [0, 0, 1, 2], "texture": "#3"},
				"west": {"uv": [0, 0, 1, 2], "texture": "#3"},
				"up": {"uv": [0, 0, 1, 1], "texture": "#3"},
				"down": {"uv": [0, 0, 1, 1], "texture": "#3"}
			}
		},
		{
			"from": [8.66, 6.68, 8],
			"to": [9.32, 8, 8.66],
			"rotation": {"angle": 0, "axis": "y", "origin": [10.64, 7.34, 12.62]},
			"faces": {
				"north": {"uv": [0, 0, 1, 2], "texture": "#3"},
				"east": {"uv": [0, 0, 1, 2], "texture": "#3"},
				"south": {"uv": [0, 0, 1, 2], "texture": "#3"},
				"west": {"uv": [0, 0, 1, 2], "texture": "#3"},
				"up": {"uv": [0, 0, 1, 1], "texture": "#3"},
				"down": {"uv": [0, 0, 1, 1], "texture": "#3"}
			}
		},
		{
			"from": [9.32, 3.38, 8],
			"to": [9.98, 4.7, 8.66],
			"rotation": {"angle": 0, "axis": "y", "origin": [6.68, 8, 4.04]},
			"faces": {
				"north": {"uv": [0, 0, 1, 2], "texture": "#3"},
				"east": {"uv": [0, 0, 1, 2], "texture": "#3"},
				"south": {"uv": [0, 0, 1, 2], "texture": "#3"},
				"west": {"uv": [0, 0, 1, 2], "texture": "#3"},
				"up": {"uv": [0, 0, 1, 1], "rotation": 180, "texture": "#3"},
				"down": {"uv": [0, 0, 1, 1], "rotation": 180, "texture": "#3"}
			}
		},
		{
			"from": [9.98, 3.38, 6.02],
			"to": [10.64, 4.7, 6.68],
			"rotation": {"angle": 22.5, "axis": "y", "origin": [10.64, 8, 9.98]},
			"faces": {
				"north": {"uv": [0, 0, 1, 2], "texture": "#3"},
				"east": {"uv": [0, 0, 1, 2], "texture": "#3"},
				"south": {"uv": [0, 0, 1, 2], "texture": "#3"},
				"west": {"uv": [0, 0, 1, 2], "texture": "#3"},
				"up": {"uv": [0, 0, 1, 1], "rotation": 90, "texture": "#3"},
				"down": {"uv": [0, 0, 1, 1], "rotation": 270, "texture": "#3"}
			}
		},
		{
			"from": [7.34, 4.7, 8],
			"to": [8, 5.36, 8.66],
			"rotation": {"angle": 0, "axis": "y", "origin": [10.64, 7.34, 12.62]},
			"faces": {
				"north": {"uv": [0, 0, 1, 1], "texture": "#2"},
				"east": {"uv": [0, 0, 1, 1], "texture": "#2"},
				"south": {"uv": [0, 0, 1, 1], "texture": "#2"},
				"west": {"uv": [0, 0, 1, 1], "texture": "#2"},
				"up": {"uv": [0, 0, 1, 1], "texture": "#2"},
				"down": {"uv": [0, 0, 1, 1], "texture": "#2"}
			}
		},
		{
			"from": [8, 6.68, 7.34],
			"to": [8.66, 7.34, 8],
			"rotation": {"angle": 0, "axis": "y", "origin": [10.64, 7.34, 12.62]},
			"faces": {
				"north": {"uv": [0, 0, 1, 1], "texture": "#2"},
				"east": {"uv": [0, 0, 1, 1], "texture": "#2"},
				"south": {"uv": [0, 0, 1, 1], "texture": "#2"},
				"west": {"uv": [0, 0, 1, 1], "texture": "#2"},
				"up": {"uv": [0, 0, 1, 1], "texture": "#2"},
				"down": {"uv": [0, 0, 1, 1], "texture": "#2"}
			}
		},
		{
			"from": [8.33, 8, 8.33],
			"to": [8.99, 8.66, 8.99],
			"rotation": {"angle": 0, "axis": "y", "origin": [10.64, 7.34, 12.62]},
			"faces": {
				"north": {"uv": [0, 0, 1, 1], "texture": "#2"},
				"east": {"uv": [0, 0, 1, 1], "texture": "#2"},
				"south": {"uv": [0, 0, 1, 1], "texture": "#2"},
				"west": {"uv": [0, 0, 1, 1], "texture": "#2"},
				"up": {"uv": [0, 0, 1, 1], "texture": "#2"},
				"down": {"uv": [0, 0, 1, 1], "texture": "#2"}
			}
		},
		{
			"from": [8.66, 8.66, 8.66],
			"to": [9.32, 10.64, 9.32],
			"rotation": {"angle": 0, "axis": "y", "origin": [10.64, 7.34, 12.62]},
			"faces": {
				"north": {"uv": [0, 0, 1, 1], "texture": "#4"},
				"east": {"uv": [0, 0, 1, 1], "texture": "#4"},
				"south": {"uv": [0, 0, 1, 1], "texture": "#4"},
				"west": {"uv": [0, 0, 1, 1], "texture": "#4"},
				"up": {"uv": [0, 0, 1, 1], "texture": "#4"},
				"down": {"uv": [0, 0, 1, 1], "texture": "#4"}
			}
		},
		{
			"from": [9.32, 4.7, 8],
			"to": [9.98, 5.36, 8.66],
			"rotation": {"angle": 0, "axis": "y", "origin": [6.68, 8, 4.04]},
			"faces": {
				"north": {"uv": [0, 0, 1, 1], "texture": "#2"},
				"east": {"uv": [0, 0, 1, 1], "texture": "#2"},
				"south": {"uv": [0, 0, 1, 1], "texture": "#2"},
				"west": {"uv": [0, 0, 1, 1], "texture": "#2"},
				"up": {"uv": [0, 0, 1, 1], "rotation": 180, "texture": "#2"},
				"down": {"uv": [0, 0, 1, 1], "rotation": 180, "texture": "#2"}
			}
		},
		{
			"from": [9.98, 4.7, 6.02],
			"to": [10.64, 5.36, 6.68],
			"rotation": {"angle": 22.5, "axis": "y", "origin": [10.64, 8, 9.98]},
			"faces": {
				"north": {"uv": [0, 0, 1, 1], "texture": "#2"},
				"east": {"uv": [0, 0, 1, 1], "texture": "#2"},
				"south": {"uv": [0, 0, 1, 1], "texture": "#2"},
				"west": {"uv": [0, 0, 1, 1], "texture": "#2"},
				"up": {"uv": [0, 0, 1, 1], "rotation": 90, "texture": "#2"},
				"down": {"uv": [0, 0, 1, 1], "rotation": 270, "texture": "#2"}
			}
		},
		{
			"from": [7.34, 5.36, 8],
			"to": [8, 6.02, 8.66],
			"rotation": {"angle": 0, "axis": "y", "origin": [10.64, 7.34, 12.62]},
			"faces": {
				"north": {"uv": [0, 0, 1, 1], "texture": "#1"},
				"east": {"uv": [0, 0, 1, 1], "texture": "#1"},
				"south": {"uv": [0, 0, 1, 1], "texture": "#1"},
				"west": {"uv": [0, 0, 1, 1], "texture": "#1"},
				"up": {"uv": [0, 0, 1, 1], "texture": "#1"},
				"down": {"uv": [0, 0, 1, 1], "texture": "#1"}
			}
		},
		{
			"from": [9.32, 5.36, 8],
			"to": [9.98, 6.02, 8.66],
			"rotation": {"angle": 0, "axis": "y", "origin": [6.68, 8, 4.04]},
			"faces": {
				"north": {"uv": [0, 0, 1, 1], "texture": "#1"},
				"east": {"uv": [0, 0, 1, 1], "texture": "#1"},
				"south": {"uv": [0, 0, 1, 1], "texture": "#1"},
				"west": {"uv": [0, 0, 1, 1], "texture": "#1"},
				"up": {"uv": [0, 0, 1, 1], "rotation": 180, "texture": "#1"},
				"down": {"uv": [0, 0, 1, 1], "rotation": 180, "texture": "#1"}
			}
		},
		{
			"from": [8.99, 6.02, 8],
			"to": [9.65, 6.68, 8.66],
			"rotation": {"angle": 0, "axis": "y", "origin": [6.68, 8, 4.04]},
			"faces": {
				"north": {"uv": [0, 0, 1, 1], "texture": "#2"},
				"east": {"uv": [0, 0, 1, 1], "texture": "#2"},
				"south": {"uv": [0, 0, 1, 1], "texture": "#2"},
				"west": {"uv": [0, 0, 1, 1], "texture": "#2"},
				"up": {"uv": [0, 0, 1, 1], "rotation": 180, "texture": "#2"},
				"down": {"uv": [0, 0, 1, 1], "rotation": 180, "texture": "#2"}
			}
		},
		{
			"from": [9.98, 5.36, 6.02],
			"to": [10.64, 6.02, 6.68],
			"rotation": {"angle": 22.5, "axis": "y", "origin": [10.64, 8, 9.98]},
			"faces": {
				"north": {"uv": [0, 0, 1, 1], "texture": "#1"},
				"east": {"uv": [0, 0, 1, 1], "texture": "#1"},
				"south": {"uv": [0, 0, 1, 1], "texture": "#1"},
				"west": {"uv": [0, 0, 1, 1], "texture": "#1"},
				"up": {"uv": [0, 0, 1, 1], "rotation": 90, "texture": "#1"},
				"down": {"uv": [0, 0, 1, 1], "rotation": 270, "texture": "#1"}
			}
		},
		{
			"from": [6.3968, 6.1416, 6.8388],
			"to": [6.7796, 7.29, 7.2216],
			"rotation": {"angle": 0, "axis": "y", "origin": [4.4828, 6.1416, 8.37]},
			"faces": {
				"north": {"uv": [0, 0, 1, 1], "texture": "#4"},
				"east": {"uv": [0, 0, 1, 1], "texture": "#4"},
				"south": {"uv": [0, 0, 1, 1], "texture": "#4"},
				"west": {"uv": [0, 0, 1, 1], "texture": "#4"},
				"up": {"uv": [0, 0, 1, 1], "rotation": 90, "texture": "#4"},
				"down": {"uv": [0, 0, 1, 1], "rotation": 270, "texture": "#4"}
			}
		},
		{
			"from": [6.7796, 4.2276, 6.456],
			"to": [7.1624, 4.6104, 6.8388],
			"rotation": {"angle": 0, "axis": "y", "origin": [4.4828, 6.1416, 8.37]},
			"faces": {
				"north": {"uv": [0, 0, 1, 1], "texture": "#2"},
				"east": {"uv": [0, 0, 1, 1], "texture": "#2"},
				"south": {"uv": [0, 0, 1, 1], "texture": "#2"},
				"west": {"uv": [0, 0, 1, 1], "texture": "#2"},
				"up": {"uv": [0, 0, 1, 1], "rotation": 90, "texture": "#2"},
				"down": {"uv": [0, 0, 1, 1], "rotation": 270, "texture": "#2"}
			}
		},
		{
			"from": [6.7796, 4.6104, 6.456],
			"to": [7.1624, 4.9932, 6.8388],
			"rotation": {"angle": 0, "axis": "y", "origin": [4.4828, 6.1416, 8.37]},
			"faces": {
				"north": {"uv": [0, 0, 1, 1], "texture": "#1"},
				"east": {"uv": [0, 0, 1, 1], "texture": "#1"},
				"south": {"uv": [0, 0, 1, 1], "texture": "#1"},
				"west": {"uv": [0, 0, 1, 1], "texture": "#1"},
				"up": {"uv": [0, 0, 1, 1], "rotation": 90, "texture": "#1"},
				"down": {"uv": [0, 0, 1, 1], "rotation": 270, "texture": "#1"}
			}
		},
		{
			"from": [6.3968, 4.6104, 6.8388],
			"to": [6.7796, 5.7588, 7.2216],
			"rotation": {"angle": 0, "axis": "y", "origin": [4.4828, 6.1416, 8.37]},
			"faces": {
				"north": {"uv": [0, 0, 1, 1], "texture": "#3"},
				"east": {"uv": [0, 0, 1, 1], "texture": "#3"},
				"south": {"uv": [0, 0, 1, 1], "texture": "#3"},
				"west": {"uv": [0, 0, 1, 1], "texture": "#3"},
				"up": {"uv": [0, 0, 1, 1], "rotation": 90, "texture": "#3"},
				"down": {"uv": [0, 0, 1, 1], "rotation": 270, "texture": "#3"}
			}
		},
		{
			"from": [6.3968, 5.7588, 6.8388],
			"to": [6.7796, 6.1416, 7.2216],
			"rotation": {"angle": 0, "axis": "y", "origin": [4.4828, 6.1416, 8.37]},
			"faces": {
				"north": {"uv": [0, 0, 1, 1], "texture": "#2"},
				"east": {"uv": [0, 0, 1, 1], "texture": "#2"},
				"south": {"uv": [0, 0, 1, 1], "texture": "#2"},
				"west": {"uv": [0, 0, 1, 1], "texture": "#2"},
				"up": {"uv": [0, 0, 1, 1], "rotation": 90, "texture": "#2"},
				"down": {"uv": [0, 0, 1, 1], "rotation": 270, "texture": "#2"}
			}
		},
		{
			"from": [6.7796, 5.7588, 6.456],
			"to": [7.1624, 6.1416, 6.8388],
			"rotation": {"angle": 0, "axis": "y", "origin": [4.4828, 6.1416, 8.37]},
			"faces": {
				"north": {"uv": [0, 0, 1, 1], "texture": "#1"},
				"east": {"uv": [0, 0, 1, 1], "texture": "#1"},
				"south": {"uv": [0, 0, 1, 1], "texture": "#1"},
				"west": {"uv": [0, 0, 1, 1], "texture": "#1"},
				"up": {"uv": [0, 0, 1, 1], "rotation": 90, "texture": "#1"},
				"down": {"uv": [0, 0, 1, 1], "rotation": 270, "texture": "#1"}
			}
		},
		{
			"from": [6.014, 7.29, 6.456],
			"to": [7.1624, 7.4814, 7.6044],
			"rotation": {"angle": 0, "axis": "y", "origin": [4.4828, 6.1416, 8.37]},
			"faces": {
				"north": {"uv": [7, 1, 8, 2], "texture": "#1"},
				"east": {"uv": [7, 1, 8, 2], "texture": "#1"},
				"south": {"uv": [7, 1, 8, 2], "texture": "#1"},
				"west": {"uv": [7, 1, 8, 2], "texture": "#1"},
				"up": {"uv": [7, 1, 8, 2], "rotation": 90, "texture": "#1"},
				"down": {"uv": [7, 1, 8, 2], "rotation": 270, "texture": "#1"}
			}
		},
		{
			"from": [6.014, 6.5244, 6.456],
			"to": [7.1624, 7.29, 6.6474],
			"rotation": {"angle": 0, "axis": "y", "origin": [4.4828, 6.1416, 8.37]},
			"faces": {
				"north": {"uv": [7, 1, 8, 2], "texture": "#1"},
				"east": {"uv": [7, 1, 8, 2], "texture": "#1"},
				"south": {"uv": [7, 1, 8, 2], "texture": "#1"},
				"west": {"uv": [7, 1, 8, 2], "texture": "#1"},
				"up": {"uv": [7, 1, 8, 2], "rotation": 90, "texture": "#1"},
				"down": {"uv": [7, 1, 8, 2], "rotation": 270, "texture": "#1"}
			}
		},
		{
			"from": [6.014, 6.5244, 7.413],
			"to": [7.1624, 7.29, 7.6044],
			"rotation": {"angle": 0, "axis": "y", "origin": [4.4828, 6.1416, 8.37]},
			"faces": {
				"north": {"uv": [7, 1, 8, 2], "texture": "#1"},
				"east": {"uv": [7, 1, 8, 2], "texture": "#1"},
				"south": {"uv": [7, 1, 8, 2], "texture": "#1"},
				"west": {"uv": [7, 1, 8, 2], "texture": "#1"},
				"up": {"uv": [7, 1, 8, 2], "rotation": 90, "texture": "#1"},
				"down": {"uv": [7, 1, 8, 2], "rotation": 270, "texture": "#1"}
			}
		},
		{
			"from": [6.971, 6.5244, 6.6474],
			"to": [7.1624, 7.29, 7.413],
			"rotation": {"angle": 0, "axis": "y", "origin": [4.4828, 6.1416, 8.37]},
			"faces": {
				"north": {"uv": [7, 1, 8, 2], "texture": "#1"},
				"east": {"uv": [7, 1, 8, 2], "texture": "#1"},
				"south": {"uv": [7, 1, 8, 2], "texture": "#1"},
				"west": {"uv": [7, 1, 8, 2], "texture": "#1"},
				"up": {"uv": [7, 1, 8, 2], "rotation": 90, "texture": "#1"},
				"down": {"uv": [7, 1, 8, 2], "rotation": 270, "texture": "#1"}
			}
		},
		{
			"from": [6.014, 6.5244, 6.6474],
			"to": [6.2054, 7.29, 7.413],
			"rotation": {"angle": 0, "axis": "y", "origin": [4.4828, 6.1416, 8.37]},
			"faces": {
				"north": {"uv": [7, 1, 8, 2], "texture": "#1"},
				"east": {"uv": [7, 1, 8, 2], "texture": "#1"},
				"south": {"uv": [7, 1, 8, 2], "texture": "#1"},
				"west": {"uv": [7, 1, 8, 2], "texture": "#1"},
				"up": {"uv": [7, 1, 8, 2], "rotation": 90, "texture": "#1"},
				"down": {"uv": [7, 1, 8, 2], "rotation": 270, "texture": "#1"}
			}
		},
		{
			"from": [6.6564, 6.278, 8.7252],
			"to": [7.1448, 7.7432, 9.2136],
			"rotation": {"angle": 0, "axis": "y", "origin": [8.61, 6.278, 11.6556]},
			"faces": {
				"north": {"uv": [0, 0, 1, 1], "texture": "#4"},
				"east": {"uv": [0, 0, 1, 1], "texture": "#4"},
				"south": {"uv": [0, 0, 1, 1], "texture": "#4"},
				"west": {"uv": [0, 0, 1, 1], "texture": "#4"},
				"up": {"uv": [0, 0, 1, 1], "texture": "#4"},
				"down": {"uv": [0, 0, 1, 1], "texture": "#4"}
			}
		},
		{
			"from": [6.6564, 4.3244, 8.7252],
			"to": [7.1448, 5.7896, 9.2136],
			"rotation": {"angle": 0, "axis": "y", "origin": [8.61, 6.278, 11.6556]},
			"faces": {
				"north": {"uv": [0, 0, 1, 1], "texture": "#3"},
				"east": {"uv": [0, 0, 1, 1], "texture": "#3"},
				"south": {"uv": [0, 0, 1, 1], "texture": "#3"},
				"west": {"uv": [0, 0, 1, 1], "texture": "#3"},
				"up": {"uv": [0, 0, 1, 1], "texture": "#3"},
				"down": {"uv": [0, 0, 1, 1], "texture": "#3"}
			}
		},
		{
			"from": [6.6564, 5.7896, 8.7252],
			"to": [7.1448, 6.278, 9.2136],
			"rotation": {"angle": 0, "axis": "y", "origin": [8.61, 6.278, 11.6556]},
			"faces": {
				"north": {"uv": [0, 0, 1, 1], "texture": "#2"},
				"east": {"uv": [0, 0, 1, 1], "texture": "#2"},
				"south": {"uv": [0, 0, 1, 1], "texture": "#2"},
				"west": {"uv": [0, 0, 1, 1], "texture": "#2"},
				"up": {"uv": [0, 0, 1, 1], "texture": "#2"},
				"down": {"uv": [0, 0, 1, 1], "texture": "#2"}
			}
		},
		{
			"from": [6.168, 5.7896, 8.2368],
			"to": [6.6564, 6.278, 8.7252],
			"rotation": {"angle": 0, "axis": "y", "origin": [8.61, 6.278, 11.6556]},
			"faces": {
				"north": {"uv": [0, 0, 1, 1], "texture": "#1"},
				"east": {"uv": [0, 0, 1, 1], "texture": "#1"},
				"south": {"uv": [0, 0, 1, 1], "texture": "#1"},
				"west": {"uv": [0, 0, 1, 1], "texture": "#1"},
				"up": {"uv": [0, 0, 1, 1], "texture": "#1"},
				"down": {"uv": [0, 0, 1, 1], "texture": "#1"}
			}
		},
		{
			"from": [7.1448, 4.8128, 9.2136],
			"to": [7.6332, 5.3012, 9.702],
			"rotation": {"angle": 0, "axis": "y", "origin": [8.61, 6.278, 11.6556]},
			"faces": {
				"north": {"uv": [0, 0, 1, 1], "texture": "#1"},
				"east": {"uv": [0, 0, 1, 1], "texture": "#1"},
				"south": {"uv": [0, 0, 1, 1], "texture": "#1"},
				"west": {"uv": [0, 0, 1, 1], "texture": "#1"},
				"up": {"uv": [0, 0, 1, 1], "texture": "#1"},
				"down": {"uv": [0, 0, 1, 1], "texture": "#1"}
			}
		},
		{
			"from": [6.168, 7.7432, 8.2368],
			"to": [7.6332, 7.9874, 9.702],
			"rotation": {"angle": 0, "axis": "y", "origin": [8.61, 6.278, 11.6556]},
			"faces": {
				"north": {"uv": [7, 1, 8, 2], "texture": "#1"},
				"east": {"uv": [7, 1, 8, 2], "texture": "#1"},
				"south": {"uv": [7, 1, 8, 2], "texture": "#1"},
				"west": {"uv": [7, 1, 8, 2], "texture": "#1"},
				"up": {"uv": [7, 1, 8, 2], "texture": "#1"},
				"down": {"uv": [7, 1, 8, 2], "texture": "#1"}
			}
		},
		{
			"from": [6.168, 6.7664, 8.2368],
			"to": [6.4122, 7.7432, 9.702],
			"rotation": {"angle": 0, "axis": "y", "origin": [8.61, 6.278, 11.6556]},
			"faces": {
				"north": {"uv": [7, 1, 8, 2], "texture": "#1"},
				"east": {"uv": [7, 1, 8, 2], "texture": "#1"},
				"south": {"uv": [7, 1, 8, 2], "texture": "#1"},
				"west": {"uv": [7, 1, 8, 2], "texture": "#1"},
				"up": {"uv": [7, 1, 8, 2], "texture": "#1"},
				"down": {"uv": [7, 1, 8, 2], "texture": "#1"}
			}
		},
		{
			"from": [7.389, 6.7664, 8.2368],
			"to": [7.6332, 7.7432, 9.702],
			"rotation": {"angle": 0, "axis": "y", "origin": [8.61, 6.278, 11.6556]},
			"faces": {
				"north": {"uv": [7, 1, 8, 2], "texture": "#1"},
				"east": {"uv": [7, 1, 8, 2], "texture": "#1"},
				"south": {"uv": [7, 1, 8, 2], "texture": "#1"},
				"west": {"uv": [7, 1, 8, 2], "texture": "#1"},
				"up": {"uv": [7, 1, 8, 2], "texture": "#1"},
				"down": {"uv": [7, 1, 8, 2], "texture": "#1"}
			}
		},
		{
			"from": [6.4122, 6.7664, 8.2368],
			"to": [7.389, 7.7432, 8.481],
			"rotation": {"angle": 0, "axis": "y", "origin": [8.61, 6.278, 11.6556]},
			"faces": {
				"north": {"uv": [7, 1, 8, 2], "texture": "#1"},
				"east": {"uv": [7, 1, 8, 2], "texture": "#1"},
				"south": {"uv": [7, 1, 8, 2], "texture": "#1"},
				"west": {"uv": [7, 1, 8, 2], "texture": "#1"},
				"up": {"uv": [7, 1, 8, 2], "texture": "#1"},
				"down": {"uv": [7, 1, 8, 2], "texture": "#1"}
			}
		},
		{
			"from": [6.4122, 6.7664, 9.4578],
			"to": [7.389, 7.7432, 9.702],
			"rotation": {"angle": 0, "axis": "y", "origin": [8.61, 6.278, 11.6556]},
			"faces": {
				"north": {"uv": [7, 1, 8, 2], "texture": "#1"},
				"east": {"uv": [7, 1, 8, 2], "texture": "#1"},
				"south": {"uv": [7, 1, 8, 2], "texture": "#1"},
				"west": {"uv": [7, 1, 8, 2], "texture": "#1"},
				"up": {"uv": [7, 1, 8, 2], "texture": "#1"},
				"down": {"uv": [7, 1, 8, 2], "texture": "#1"}
			}
		},
		{
			"from": [8.4504, 9, 6.584],
			"to": [8.7672, 9.9504, 6.9008],
			"rotation": {"angle": 0, "axis": "y", "origin": [7.5, 9, 5]},
			"faces": {
				"north": {"uv": [0, 0, 1, 1], "texture": "#4"},
				"east": {"uv": [0, 0, 1, 1], "texture": "#4"},
				"south": {"uv": [0, 0, 1, 1], "texture": "#4"},
				"west": {"uv": [0, 0, 1, 1], "texture": "#4"},
				"up": {"uv": [0, 0, 1, 1], "rotation": 180, "texture": "#4"},
				"down": {"uv": [0, 0, 1, 1], "rotation": 180, "texture": "#4"}
			}
		},
		{
			"from": [9.084, 6.4656, 6.584],
			"to": [9.4008, 7.0992, 6.9008],
			"rotation": {"angle": 0, "axis": "y", "origin": [7.5, 9, 5]},
			"faces": {
				"north": {"uv": [0, 0, 1, 2], "texture": "#4"},
				"east": {"uv": [0, 0, 1, 2], "texture": "#4"},
				"south": {"uv": [0, 0, 1, 2], "texture": "#4"},
				"west": {"uv": [0, 0, 1, 2], "texture": "#4"},
				"up": {"uv": [0, 0, 1, 1], "rotation": 180, "texture": "#4"},
				"down": {"uv": [0, 0, 1, 1], "rotation": 180, "texture": "#4"}
			}
		},
		{
			"from": [8.7672, 6.7824, 6.9008],
			"to": [9.084, 7.416, 7.2176],
			"rotation": {"angle": 0, "axis": "y", "origin": [7.5, 9, 5]},
			"faces": {
				"north": {"uv": [0, 0, 1, 2], "texture": "#3"},
				"east": {"uv": [0, 0, 1, 2], "texture": "#3"},
				"south": {"uv": [0, 0, 1, 2], "texture": "#3"},
				"west": {"uv": [0, 0, 1, 2], "texture": "#3"},
				"up": {"uv": [0, 0, 1, 1], "rotation": 180, "texture": "#3"},
				"down": {"uv": [0, 0, 1, 1], "rotation": 180, "texture": "#3"}
			}
		},
		{
			"from": [8.7672, 7.416, 6.9008],
			"to": [9.084, 7.7328, 7.2176],
			"rotation": {"angle": 0, "axis": "y", "origin": [7.5, 9, 5]},
			"faces": {
				"north": {"uv": [0, 0, 1, 1], "texture": "#2"},
				"east": {"uv": [0, 0, 1, 1], "texture": "#2"},
				"south": {"uv": [0, 0, 1, 1], "texture": "#2"},
				"west": {"uv": [0, 0, 1, 1], "texture": "#2"},
				"up": {"uv": [0, 0, 1, 1], "rotation": 180, "texture": "#2"},
				"down": {"uv": [0, 0, 1, 1], "rotation": 180, "texture": "#2"}
			}
		},
		{
			"from": [8.7672, 7.7328, 6.9008],
			"to": [9.084, 8.0496, 7.2176],
			"rotation": {"angle": 0, "axis": "y", "origin": [7.5, 9, 5]},
			"faces": {
				"north": {"uv": [0, 0, 1, 1], "texture": "#1"},
				"east": {"uv": [0, 0, 1, 1], "texture": "#1"},
				"south": {"uv": [0, 0, 1, 1], "texture": "#1"},
				"west": {"uv": [0, 0, 1, 1], "texture": "#1"},
				"up": {"uv": [0, 0, 1, 1], "rotation": 180, "texture": "#1"},
				"down": {"uv": [0, 0, 1, 1], "rotation": 180, "texture": "#1"}
			}
		},
		{
			"from": [8.4504, 7.7328, 6.584],
			"to": [8.7672, 8.6832, 6.9008],
			"rotation": {"angle": 0, "axis": "y", "origin": [7.5, 9, 5]},
			"faces": {
				"north": {"uv": [0, 0, 1, 1], "texture": "#3"},
				"east": {"uv": [0, 0, 1, 1], "texture": "#3"},
				"south": {"uv": [0, 0, 1, 1], "texture": "#3"},
				"west": {"uv": [0, 0, 1, 1], "texture": "#3"},
				"up": {"uv": [0, 0, 1, 1], "rotation": 180, "texture": "#3"},
				"down": {"uv": [0, 0, 1, 1], "rotation": 180, "texture": "#3"}
			}
		},
		{
			"from": [8.4504, 8.6832, 6.584],
			"to": [8.7672, 9, 6.9008],
			"rotation": {"angle": 0, "axis": "y", "origin": [7.5, 9, 5]},
			"faces": {
				"north": {"uv": [0, 0, 1, 1], "texture": "#2"},
				"east": {"uv": [0, 0, 1, 1], "texture": "#2"},
				"south": {"uv": [0, 0, 1, 1], "texture": "#2"},
				"west": {"uv": [0, 0, 1, 1], "texture": "#2"},
				"up": {"uv": [0, 0, 1, 1], "rotation": 180, "texture": "#2"},
				"down": {"uv": [0, 0, 1, 1], "rotation": 180, "texture": "#2"}
			}
		},
		{
			"from": [8.7672, 8.6832, 6.9008],
			"to": [9.084, 9, 7.2176],
			"rotation": {"angle": 0, "axis": "y", "origin": [7.5, 9, 5]},
			"faces": {
				"north": {"uv": [0, 0, 1, 1], "texture": "#1"},
				"east": {"uv": [0, 0, 1, 1], "texture": "#1"},
				"south": {"uv": [0, 0, 1, 1], "texture": "#1"},
				"west": {"uv": [0, 0, 1, 1], "texture": "#1"},
				"up": {"uv": [0, 0, 1, 1], "rotation": 180, "texture": "#1"},
				"down": {"uv": [0, 0, 1, 1], "rotation": 180, "texture": "#1"}
			}
		},
		{
			"from": [8.1336, 9.9504, 6.2672],
			"to": [9.084, 10.1088, 7.2176],
			"rotation": {"angle": 0, "axis": "y", "origin": [7.5, 9, 5]},
			"faces": {
				"north": {"uv": [7, 1, 8, 2], "texture": "#1"},
				"east": {"uv": [7, 1, 8, 2], "texture": "#1"},
				"south": {"uv": [7, 1, 8, 2], "texture": "#1"},
				"west": {"uv": [7, 1, 8, 2], "texture": "#1"},
				"up": {"uv": [7, 1, 8, 2], "rotation": 180, "texture": "#1"},
				"down": {"uv": [7, 1, 8, 2], "rotation": 180, "texture": "#1"}
			}
		},
		{
			"from": [8.9256, 9.3168, 6.2672],
			"to": [9.084, 9.9504, 7.2176],
			"rotation": {"angle": 0, "axis": "y", "origin": [7.5, 9, 5]},
			"faces": {
				"north": {"uv": [7, 1, 8, 2], "texture": "#1"},
				"east": {"uv": [7, 1, 8, 2], "texture": "#1"},
				"south": {"uv": [7, 1, 8, 2], "texture": "#1"},
				"west": {"uv": [7, 1, 8, 2], "texture": "#1"},
				"up": {"uv": [7, 1, 8, 2], "rotation": 180, "texture": "#1"},
				"down": {"uv": [7, 1, 8, 2], "rotation": 180, "texture": "#1"}
			}
		},
		{
			"from": [8.1336, 9.3168, 6.2672],
			"to": [8.292, 9.9504, 7.2176],
			"rotation": {"angle": 0, "axis": "y", "origin": [7.5, 9, 5]},
			"faces": {
				"north": {"uv": [7, 1, 8, 2], "texture": "#1"},
				"east": {"uv": [7, 1, 8, 2], "texture": "#1"},
				"south": {"uv": [7, 1, 8, 2], "texture": "#1"},
				"west": {"uv": [7, 1, 8, 2], "texture": "#1"},
				"up": {"uv": [7, 1, 8, 2], "rotation": 180, "texture": "#1"},
				"down": {"uv": [7, 1, 8, 2], "rotation": 180, "texture": "#1"}
			}
		},
		{
			"from": [8.292, 9.3168, 7.0592],
			"to": [8.9256, 9.9504, 7.2176],
			"rotation": {"angle": 0, "axis": "y", "origin": [7.5, 9, 5]},
			"faces": {
				"north": {"uv": [7, 1, 8, 2], "texture": "#1"},
				"east": {"uv": [7, 1, 8, 2], "texture": "#1"},
				"south": {"uv": [7, 1, 8, 2], "texture": "#1"},
				"west": {"uv": [7, 1, 8, 2], "texture": "#1"},
				"up": {"uv": [7, 1, 8, 2], "rotation": 180, "texture": "#1"},
				"down": {"uv": [7, 1, 8, 2], "rotation": 180, "texture": "#1"}
			}
		},
		{
			"from": [8.292, 9.3168, 6.2672],
			"to": [8.9256, 9.9504, 6.4256],
			"rotation": {"angle": 0, "axis": "y", "origin": [7.5, 9, 5]},
			"faces": {
				"north": {"uv": [7, 1, 8, 2], "texture": "#1"},
				"east": {"uv": [7, 1, 8, 2], "texture": "#1"},
				"south": {"uv": [7, 1, 8, 2], "texture": "#1"},
				"west": {"uv": [7, 1, 8, 2], "texture": "#1"},
				"up": {"uv": [7, 1, 8, 2], "rotation": 180, "texture": "#1"},
				"down": {"uv": [7, 1, 8, 2], "rotation": 180, "texture": "#1"}
			}
		},
		{
			"from": [8, 10.64, 8],
			"to": [9.98, 10.97, 9.98],
			"rotation": {"angle": 0, "axis": "y", "origin": [17.9, 3.38, -1.24]},
			"faces": {
				"north": {"uv": [7, 1, 8, 2], "texture": "#1"},
				"east": {"uv": [7, 1, 8, 2], "texture": "#1"},
				"south": {"uv": [7, 1, 8, 2], "texture": "#1"},
				"west": {"uv": [7, 1, 8, 2], "texture": "#1"},
				"up": {"uv": [7, 1, 8, 2], "rotation": 90, "texture": "#1"},
				"down": {"uv": [7, 1, 8, 2], "rotation": 270, "texture": "#1"}
			}
		},
		{
			"from": [8, 9.32, 8],
			"to": [9.98, 10.64, 8.33],
			"rotation": {"angle": 0, "axis": "y", "origin": [17.9, 3.38, -1.24]},
			"faces": {
				"north": {"uv": [7, 1, 8, 2], "texture": "#1"},
				"east": {"uv": [7, 1, 8, 2], "texture": "#1"},
				"south": {"uv": [7, 1, 8, 2], "texture": "#1"},
				"west": {"uv": [7, 1, 8, 2], "texture": "#1"},
				"up": {"uv": [7, 1, 8, 2], "rotation": 90, "texture": "#1"},
				"down": {"uv": [7, 1, 8, 2], "rotation": 270, "texture": "#1"}
			}
		},
		{
			"from": [8, 9.32, 9.65],
			"to": [9.98, 10.64, 9.98],
			"rotation": {"angle": 0, "axis": "y", "origin": [17.9, 3.38, -1.24]},
			"faces": {
				"north": {"uv": [7, 1, 8, 2], "texture": "#1"},
				"east": {"uv": [7, 1, 8, 2], "texture": "#1"},
				"south": {"uv": [7, 1, 8, 2], "texture": "#1"},
				"west": {"uv": [7, 1, 8, 2], "texture": "#1"},
				"up": {"uv": [7, 1, 8, 2], "rotation": 90, "texture": "#1"},
				"down": {"uv": [7, 1, 8, 2], "rotation": 270, "texture": "#1"}
			}
		},
		{
			"from": [9.65, 9.32, 8.33],
			"to": [9.98, 10.64, 9.65],
			"rotation": {"angle": 0, "axis": "y", "origin": [17.9, 3.38, -1.24]},
			"faces": {
				"north": {"uv": [7, 1, 8, 2], "texture": "#1"},
				"east": {"uv": [7, 1, 8, 2], "texture": "#1"},
				"south": {"uv": [7, 1, 8, 2], "texture": "#1"},
				"west": {"uv": [7, 1, 8, 2], "texture": "#1"},
				"up": {"uv": [7, 1, 8, 2], "rotation": 90, "texture": "#1"},
				"down": {"uv": [7, 1, 8, 2], "rotation": 270, "texture": "#1"}
			}
		},
		{
			"from": [8, 9.32, 8.33],
			"to": [8.33, 10.64, 9.65],
			"rotation": {"angle": 0, "axis": "y", "origin": [17.9, 3.38, -1.24]},
			"faces": {
				"north": {"uv": [7, 1, 8, 2], "texture": "#1"},
				"east": {"uv": [7, 1, 8, 2], "texture": "#1"},
				"south": {"uv": [7, 1, 8, 2], "texture": "#1"},
				"west": {"uv": [7, 1, 8, 2], "texture": "#1"},
				"up": {"uv": [7, 1, 8, 2], "rotation": 90, "texture": "#1"},
				"down": {"uv": [7, 1, 8, 2], "rotation": 270, "texture": "#1"}
			}
		},
		{
			"from": [6, 0, 6],
			"to": [10, 4, 10],
			"color": 3,
			"faces": {
				"up": {"uv": [6, 6, 10, 10], "texture": "#dirt"},
				"down": {"uv": [6, 12, 10, 16], "texture": "#flowerpot", "cullface": "down"}
			}
		},
		{
			"from": [5, 0, 5],
			"to": [6, 6, 11],
			"color": 1,
			"faces": {
				"north": {"uv": [10, 10, 11, 16], "texture": "#flowerpot"},
				"east": {"uv": [5, 10, 11, 16], "texture": "#flowerpot"},
				"south": {"uv": [5, 10, 6, 16], "texture": "#flowerpot"},
				"west": {"uv": [5, 10, 11, 16], "texture": "#flowerpot"},
				"up": {"uv": [5, 5, 6, 11], "texture": "#flowerpot"},
				"down": {"uv": [5, 5, 6, 11], "texture": "#flowerpot", "cullface": "down"}
			}
		},
		{
			"from": [10, 0, 5],
			"to": [11, 6, 11],
			"color": 5,
			"faces": {
				"north": {"uv": [5, 10, 6, 16], "texture": "#flowerpot"},
				"east": {"uv": [5, 10, 11, 16], "texture": "#flowerpot"},
				"south": {"uv": [10, 10, 11, 16], "texture": "#flowerpot"},
				"west": {"uv": [5, 10, 11, 16], "texture": "#flowerpot"},
				"up": {"uv": [10, 5, 11, 11], "texture": "#flowerpot"},
				"down": {"uv": [10, 5, 11, 11], "texture": "#flowerpot", "cullface": "down"}
			}
		},
		{
			"from": [6, 0, 5],
			"to": [10, 6, 6],
			"color": 4,
			"faces": {
				"north": {"uv": [6, 10, 10, 16], "texture": "#flowerpot"},
				"south": {"uv": [6, 10, 10, 16], "texture": "#flowerpot"},
				"up": {"uv": [6, 5, 10, 6], "texture": "#flowerpot"},
				"down": {"uv": [6, 10, 10, 11], "texture": "#flowerpot", "cullface": "down"}
			}
		},
		{
			"from": [6, 0, 10],
			"to": [10, 6, 11],
			"color": 0,
			"faces": {
				"north": {"uv": [6, 10, 10, 16], "texture": "#flowerpot"},
				"south": {"uv": [6, 10, 10, 16], "texture": "#flowerpot"},
				"up": {"uv": [6, 10, 10, 11], "texture": "#flowerpot"},
				"down": {"uv": [6, 5, 10, 6], "texture": "#flowerpot", "cullface": "down"}
			}
		}
	],
	"groups": [
		{
			"name": "plants",
			"origin": [8, 8, 8],
			"children": [
				{
					"name": "group",
					"origin": [12, 8, 11],
					"children": [0, 1, 2, 3, 4, 5, 6, 7, 8, 9, 10, 11, 12, 13, 14, 15, 16, 17, 18, 19]
				},
				{
					"name": "Spore single",
					"origin": [8, 8, 8],
					"children": [
						{
							"name": "Spore body",
							"origin": [8, 8, 8],
							"children": [20, 21, 22, 23, 24, 25]
						},
						{
							"name": "Spore head",
							"origin": [8, 8, 8],
							"children": [26, 27, 28, 29, 30]
						}
					]
				},
				{
					"name": "Spore single",
					"origin": [8, 8, 8],
					"children": [
						{
							"name": "Spore body",
							"origin": [8, 8, 8],
							"children": [31, 32, 33, 34, 35]
						},
						{
							"name": "Spore head",
							"origin": [8, 8, 8],
							"children": [36, 37, 38, 39, 40]
						}
					]
				},
				{
					"name": "Spore single",
					"origin": [8, 8, 8],
					"children": [
						{
							"name": "Spore body",
							"origin": [8, 8, 8],
							"children": [41, 42, 43, 44, 45, 46, 47, 48]
						},
						{
							"name": "Spore head",
							"origin": [8, 8, 8],
							"children": [49, 50, 51, 52, 53]
						}
					]
				},
				{
					"name": "Spore head",
					"origin": [8, 8, 8],
					"children": [54, 55, 56, 57, 58]
				}
			]
		}, 59, 60, 61, 62, 63]
}