{
	"credit": "Made with Blockbench",
	"textures": {
		"0": "shrooms/texture_0",
		"1": "shrooms/texture_1",
		"2": "shrooms/texture_2",
		"3": "shrooms/texture_3",
		"particle": "shrooms/texture_0",
        	"flowerpot": "block/flower_pot",
        	"dirt": "block/warped_nylium"
	},
	"elements": [
		{
			"from": [7.33357, 4.49529, 7.36786],
			"to": [8.65357, 7.79529, 8.68786],
			"rotation": {"angle": 0, "axis": "y", "origin": [7.99357, 9.77529, 8.02786]},
			"faces": {
				"north": {"uv": [7, 11, 9, 16], "texture": "#0"},
				"east": {"uv": [7, 11, 9, 16], "texture": "#0"},
				"south": {"uv": [7, 11, 9, 16], "texture": "#0"},
				"west": {"uv": [7, 11, 9, 16], "texture": "#0"},
				"up": {"uv": [7, 11, 9, 16], "texture": "#0"},
				"down": {"uv": [7, 11, 9, 16], "texture": "#0"}
			}
		},
		{
			"from": [7.33357, 7.79529, 7.36786],
			"to": [8.65357, 9.77529, 8.68786],
			"rotation": {"angle": 0, "axis": "y", "origin": [7.99357, 9.77529, 8.02786]},
			"faces": {
				"north": {"uv": [7, 13, 9, 16], "texture": "#0"},
				"east": {"uv": [7, 13, 9, 16], "texture": "#0"},
				"south": {"uv": [7, 13, 9, 16], "texture": "#0"},
				"west": {"uv": [7, 13, 9, 16], "texture": "#0"},
				"up": {"uv": [7, 13, 9, 16], "texture": "#0"},
				"down": {"uv": [7, 13, 9, 16], "texture": "#0"}
			}
		},
		{
			"from": [6.01357, 9.77529, 6.04786],
			"to": [9.97357, 10.43529, 10.00786],
			"rotation": {"angle": 0, "axis": "y", "origin": [7.99357, 9.77529, 8.02786]},
			"faces": {
				"north": {"uv": [0, 0, 6, 1], "texture": "#3"},
				"east": {"uv": [0, 0, 6, 1], "texture": "#3"},
				"south": {"uv": [0, 0, 6, 1], "texture": "#3"},
				"west": {"uv": [0, 0, 6, 1], "texture": "#3"},
				"up": {"uv": [0, 0, 6, 6], "texture": "#3"},
				"down": {"uv": [0, 0, 6, 6], "texture": "#3"}
			}
		},
		{
			"from": [6.01357, 10.43529, 6.70786],
			"to": [7.33357, 10.76529, 8.02786],
			"rotation": {"angle": 0, "axis": "y", "origin": [7.99357, 9.77529, 8.02786]},
			"faces": {
				"north": {"uv": [9, 8, 11, 9], "texture": "#0"},
				"east": {"uv": [9, 8, 11, 9], "texture": "#0"},
				"south": {"uv": [9, 8, 11, 9], "texture": "#0"},
				"west": {"uv": [9, 8, 11, 9], "texture": "#0"},
				"up": {"uv": [9, 7, 11, 9], "texture": "#0"},
				"down": {"uv": [9, 8, 11, 9], "texture": "#0"}
			}
		},
		{
			"from": [11.95357, 7.92729, 6.80686],
			"to": [12.15157, 8.58729, 7.46686],
			"rotation": {"angle": 0, "axis": "y", "origin": [7.99357, 9.77529, 8.02786]},
			"faces": {
				"north": {"uv": [6, 10, 8, 11], "rotation": 90, "texture": "#0"},
				"east": {"uv": [6, 9, 8, 11], "rotation": 90, "texture": "#0"},
				"south": {"uv": [6, 10, 8, 11], "rotation": 90, "texture": "#0"},
				"west": {"uv": [6, 10, 8, 11], "rotation": 90, "texture": "#0"},
				"up": {"uv": [6, 10, 8, 11], "rotation": 90, "texture": "#0"},
				"down": {"uv": [6, 10, 8, 11], "rotation": 90, "texture": "#0"}
			}
		},
		{
			"from": [11.95357, 8.68629, 8.68786],
			"to": [12.08557, 9.01629, 9.01786],
			"rotation": {"angle": 0, "axis": "y", "origin": [7.99357, 9.77529, 8.02786]},
			"faces": {
				"north": {"uv": [6, 10, 8, 11], "rotation": 270, "texture": "#0"},
				"east": {"uv": [6, 9, 8, 11], "texture": "#0"},
				"south": {"uv": [6, 10, 8, 11], "rotation": 90, "texture": "#0"},
				"west": {"uv": [6, 10, 8, 11], "rotation": 180, "texture": "#0"},
				"up": {"uv": [6, 10, 8, 11], "rotation": 270, "texture": "#0"},
				"down": {"uv": [6, 10, 8, 11], "rotation": 90, "texture": "#0"}
			}
		},
		{
			"from": [10.63357, 9.11529, 9.34786],
			"to": [10.96357, 9.44529, 9.67786],
			"rotation": {"angle": 0, "axis": "y", "origin": [7.99357, 9.77529, 8.02786]},
			"faces": {
				"north": {"uv": [6, 10, 8, 11], "rotation": 90, "texture": "#0"},
				"east": {"uv": [6, 9, 8, 11], "rotation": 90, "texture": "#0"},
				"south": {"uv": [6, 10, 8, 11], "rotation": 90, "texture": "#0"},
				"west": {"uv": [6, 10, 8, 11], "rotation": 90, "texture": "#0"},
				"up": {"uv": [6, 10, 8, 11], "rotation": 90, "texture": "#0"},
				"down": {"uv": [6, 10, 8, 11], "rotation": 90, "texture": "#0"}
			}
		},
		{
			"from": [10.63357, 7.79529, 10.66786],
			"to": [10.96357, 8.12529, 10.99786],
			"rotation": {"angle": 0, "axis": "y", "origin": [7.99357, 9.77529, 8.02786]},
			"faces": {
				"north": {"uv": [6, 10, 8, 11], "rotation": 90, "texture": "#0"},
				"east": {"uv": [6, 9, 8, 11], "rotation": 90, "texture": "#0"},
				"south": {"uv": [6, 10, 8, 11], "rotation": 90, "texture": "#0"},
				"west": {"uv": [6, 10, 8, 11], "rotation": 90, "texture": "#0"},
				"up": {"uv": [6, 10, 8, 11], "rotation": 90, "texture": "#0"},
				"down": {"uv": [6, 10, 8, 11], "rotation": 90, "texture": "#0"}
			}
		},
		{
			"from": [9.31357, 9.11529, 10.76686],
			"to": [9.44557, 9.44529, 11.09686],
			"rotation": {"angle": 0, "axis": "y", "origin": [7.99357, 9.77529, 8.02786]},
			"faces": {
				"north": {"uv": [6, 10, 8, 11], "rotation": 90, "texture": "#0"},
				"east": {"uv": [6, 9, 8, 11], "rotation": 90, "texture": "#0"},
				"south": {"uv": [6, 10, 8, 11], "rotation": 90, "texture": "#0"},
				"west": {"uv": [6, 10, 8, 11], "rotation": 90, "texture": "#0"},
				"up": {"uv": [6, 10, 8, 11], "rotation": 90, "texture": "#0"},
				"down": {"uv": [6, 10, 8, 11], "rotation": 90, "texture": "#0"}
			}
		},
		{
			"from": [10.63357, 9.77529, 7.46686],
			"to": [10.76557, 10.10529, 7.79686],
			"rotation": {"angle": 0, "axis": "y", "origin": [7.99357, 9.77529, 8.02786]},
			"faces": {
				"north": {"uv": [6, 10, 8, 11], "rotation": 90, "texture": "#0"},
				"east": {"uv": [9, 7, 11, 9], "rotation": 90, "texture": "#0"},
				"south": {"uv": [6, 10, 8, 11], "rotation": 90, "texture": "#0"},
				"west": {"uv": [6, 10, 8, 11], "rotation": 90, "texture": "#0"},
				"up": {"uv": [6, 10, 8, 11], "rotation": 90, "texture": "#0"},
				"down": {"uv": [6, 10, 8, 11], "rotation": 90, "texture": "#0"}
			}
		},
		{
			"from": [9.54457, 9.77529, 10.00786],
			"to": [9.87457, 10.10529, 10.13986],
			"rotation": {"angle": 0, "axis": "y", "origin": [7.99357, 9.77529, 8.02786]},
			"faces": {
				"north": {"uv": [6, 10, 8, 11], "rotation": 90, "texture": "#0"},
				"east": {"uv": [6, 10, 8, 11], "rotation": 90, "texture": "#0"},
				"south": {"uv": [9, 7, 11, 9], "rotation": 90, "texture": "#0"},
				"west": {"uv": [6, 10, 8, 11], "rotation": 90, "texture": "#0"},
				"up": {"uv": [6, 10, 8, 11], "rotation": 180, "texture": "#0"},
				"down": {"uv": [6, 10, 8, 11], "texture": "#0"}
			}
		},
		{
			"from": [11.39257, 8.52129, 9.34786],
			"to": [11.72257, 8.85129, 9.47986],
			"rotation": {"angle": 0, "axis": "y", "origin": [7.99357, 9.77529, 8.02786]},
			"faces": {
				"north": {"uv": [6, 10, 8, 11], "rotation": 270, "texture": "#0"},
				"east": {"uv": [6, 10, 8, 11], "rotation": 270, "texture": "#0"},
				"south": {"uv": [6, 9, 8, 11], "rotation": 270, "texture": "#0"},
				"west": {"uv": [6, 10, 8, 11], "rotation": 270, "texture": "#0"},
				"up": {"uv": [6, 10, 8, 11], "rotation": 180, "texture": "#0"},
				"down": {"uv": [6, 10, 8, 11], "texture": "#0"}
			}
		},
		{
			"from": [9.54457, 8.32329, 11.32786],
			"to": [10.20457, 8.98329, 11.59186],
			"rotation": {"angle": 0, "axis": "y", "origin": [7.99357, 9.77529, 8.02786]},
			"faces": {
				"north": {"uv": [6, 10, 8, 11], "rotation": 90, "texture": "#0"},
				"east": {"uv": [6, 10, 8, 11], "rotation": 90, "texture": "#0"},
				"south": {"uv": [6, 9, 8, 11], "rotation": 90, "texture": "#0"},
				"west": {"uv": [6, 10, 8, 11], "rotation": 90, "texture": "#0"},
				"up": {"uv": [6, 10, 8, 11], "rotation": 180, "texture": "#0"},
				"down": {"uv": [6, 10, 8, 11], "texture": "#0"}
			}
		},
		{
			"from": [8.55457, 7.92729, 11.98786],
			"to": [9.21457, 8.58729, 12.18586],
			"rotation": {"angle": 0, "axis": "y", "origin": [7.99357, 9.77529, 8.02786]},
			"faces": {
				"north": {"uv": [6, 10, 8, 11], "rotation": 90, "texture": "#0"},
				"east": {"uv": [6, 10, 8, 11], "rotation": 90, "texture": "#0"},
				"south": {"uv": [6, 9, 8, 11], "rotation": 90, "texture": "#0"},
				"west": {"uv": [6, 10, 8, 11], "rotation": 90, "texture": "#0"},
				"up": {"uv": [6, 10, 8, 11], "rotation": 180, "texture": "#0"},
				"down": {"uv": [6, 10, 8, 11], "texture": "#0"}
			}
		},
		{
			"from": [7.00357, 8.68629, 11.98786],
			"to": [7.33357, 9.01629, 12.11986],
			"rotation": {"angle": 0, "axis": "y", "origin": [7.99357, 9.77529, 8.02786]},
			"faces": {
				"north": {"uv": [6, 10, 8, 11], "rotation": 180, "texture": "#0"},
				"east": {"uv": [6, 10, 8, 11], "rotation": 270, "texture": "#0"},
				"south": {"uv": [6, 9, 8, 11], "texture": "#0"},
				"west": {"uv": [6, 10, 8, 11], "rotation": 90, "texture": "#0"},
				"up": {"uv": [6, 10, 8, 11], "texture": "#0"},
				"down": {"uv": [6, 10, 8, 11], "texture": "#0"}
			}
		},
		{
			"from": [6.34357, 9.11529, 10.66786],
			"to": [6.67357, 9.44529, 10.99786],
			"rotation": {"angle": 0, "axis": "y", "origin": [7.99357, 9.77529, 8.02786]},
			"faces": {
				"north": {"uv": [6, 10, 8, 11], "rotation": 90, "texture": "#0"},
				"east": {"uv": [6, 10, 8, 11], "rotation": 90, "texture": "#0"},
				"south": {"uv": [6, 9, 8, 11], "rotation": 90, "texture": "#0"},
				"west": {"uv": [6, 10, 8, 11], "rotation": 90, "texture": "#0"},
				"up": {"uv": [6, 10, 8, 11], "rotation": 180, "texture": "#0"},
				"down": {"uv": [6, 10, 8, 11], "texture": "#0"}
			}
		},
		{
			"from": [5.02357, 7.79529, 10.66786],
			"to": [5.35357, 8.12529, 10.99786],
			"rotation": {"angle": 0, "axis": "y", "origin": [7.99357, 9.77529, 8.02786]},
			"faces": {
				"north": {"uv": [6, 10, 8, 11], "rotation": 90, "texture": "#0"},
				"east": {"uv": [6, 10, 8, 11], "rotation": 90, "texture": "#0"},
				"south": {"uv": [6, 9, 8, 11], "rotation": 90, "texture": "#0"},
				"west": {"uv": [6, 10, 8, 11], "rotation": 90, "texture": "#0"},
				"up": {"uv": [6, 10, 8, 11], "rotation": 180, "texture": "#0"},
				"down": {"uv": [6, 10, 8, 11], "texture": "#0"}
			}
		},
		{
			"from": [4.92457, 9.11529, 9.34786],
			"to": [5.25457, 9.44529, 9.47986],
			"rotation": {"angle": 0, "axis": "y", "origin": [7.99357, 9.77529, 8.02786]},
			"faces": {
				"north": {"uv": [6, 10, 8, 11], "rotation": 90, "texture": "#0"},
				"east": {"uv": [6, 10, 8, 11], "rotation": 90, "texture": "#0"},
				"south": {"uv": [6, 9, 8, 11], "rotation": 90, "texture": "#0"},
				"west": {"uv": [6, 10, 8, 11], "rotation": 90, "texture": "#0"},
				"up": {"uv": [6, 10, 8, 11], "rotation": 180, "texture": "#0"},
				"down": {"uv": [6, 10, 8, 11], "texture": "#0"}
			}
		},
		{
			"from": [8.22457, 9.77529, 10.66786],
			"to": [8.55457, 10.10529, 10.79986],
			"rotation": {"angle": 0, "axis": "y", "origin": [7.99357, 9.77529, 8.02786]},
			"faces": {
				"north": {"uv": [6, 10, 8, 11], "rotation": 90, "texture": "#0"},
				"east": {"uv": [6, 10, 8, 11], "rotation": 90, "texture": "#0"},
				"south": {"uv": [9, 7, 11, 9], "rotation": 90, "texture": "#0"},
				"west": {"uv": [6, 10, 8, 11], "rotation": 90, "texture": "#0"},
				"up": {"uv": [6, 10, 8, 11], "rotation": 180, "texture": "#0"},
				"down": {"uv": [6, 10, 8, 11], "texture": "#0"}
			}
		},
		{
			"from": [5.88157, 9.77529, 9.57886],
			"to": [6.01357, 10.10529, 9.90886],
			"rotation": {"angle": 0, "axis": "y", "origin": [7.99357, 9.77529, 8.02786]},
			"faces": {
				"north": {"uv": [6, 10, 8, 11], "rotation": 90, "texture": "#0"},
				"east": {"uv": [6, 10, 8, 11], "rotation": 90, "texture": "#0"},
				"south": {"uv": [6, 10, 8, 11], "rotation": 90, "texture": "#0"},
				"west": {"uv": [9, 7, 11, 9], "rotation": 90, "texture": "#0"},
				"up": {"uv": [6, 10, 8, 11], "rotation": 270, "texture": "#0"},
				"down": {"uv": [6, 10, 8, 11], "rotation": 270, "texture": "#0"}
			}
		},
		{
			"from": [6.54157, 8.52129, 11.42686],
			"to": [6.67357, 8.85129, 11.75686],
			"rotation": {"angle": 0, "axis": "y", "origin": [7.99357, 9.77529, 8.02786]},
			"faces": {
				"north": {"uv": [6, 10, 8, 11], "rotation": 270, "texture": "#0"},
				"east": {"uv": [6, 10, 8, 11], "rotation": 270, "texture": "#0"},
				"south": {"uv": [6, 10, 8, 11], "rotation": 270, "texture": "#0"},
				"west": {"uv": [6, 9, 8, 11], "rotation": 270, "texture": "#0"},
				"up": {"uv": [6, 10, 8, 11], "rotation": 270, "texture": "#0"},
				"down": {"uv": [6, 10, 8, 11], "rotation": 270, "texture": "#0"}
			}
		},
		{
			"from": [4.42957, 8.32329, 9.57886],
			"to": [4.69357, 8.98329, 10.23886],
			"rotation": {"angle": 0, "axis": "y", "origin": [7.99357, 9.77529, 8.02786]},
			"faces": {
				"north": {"uv": [6, 10, 8, 11], "rotation": 90, "texture": "#0"},
				"east": {"uv": [6, 10, 8, 11], "rotation": 90, "texture": "#0"},
				"south": {"uv": [6, 10, 8, 11], "rotation": 90, "texture": "#0"},
				"west": {"uv": [6, 9, 8, 11], "rotation": 90, "texture": "#0"},
				"up": {"uv": [6, 10, 8, 11], "rotation": 270, "texture": "#0"},
				"down": {"uv": [6, 10, 8, 11], "rotation": 270, "texture": "#0"}
			}
		},
		{
			"from": [6.77257, 7.92729, 3.86986],
			"to": [7.43257, 8.58729, 4.06786],
			"rotation": {"angle": 0, "axis": "y", "origin": [7.99357, 9.77529, 8.02786]},
			"faces": {
				"north": {"uv": [6, 9, 8, 11], "rotation": 90, "texture": "#0"},
				"east": {"uv": [6, 10, 8, 11], "rotation": 90, "texture": "#0"},
				"south": {"uv": [6, 10, 8, 11], "rotation": 90, "texture": "#0"},
				"west": {"uv": [6, 10, 8, 11], "rotation": 90, "texture": "#0"},
				"up": {"uv": [6, 10, 8, 11], "texture": "#0"},
				"down": {"uv": [6, 10, 8, 11], "rotation": 180, "texture": "#0"}
			}
		},
		{
			"from": [8.65357, 8.68629, 3.93586],
			"to": [8.98357, 9.01629, 4.06786],
			"rotation": {"angle": 0, "axis": "y", "origin": [7.99357, 9.77529, 8.02786]},
			"faces": {
				"north": {"uv": [6, 9, 8, 11], "texture": "#0"},
				"east": {"uv": [6, 10, 8, 11], "rotation": 90, "texture": "#0"},
				"south": {"uv": [6, 10, 8, 11], "rotation": 180, "texture": "#0"},
				"west": {"uv": [6, 10, 8, 11], "rotation": 270, "texture": "#0"},
				"up": {"uv": [6, 10, 8, 11], "rotation": 180, "texture": "#0"},
				"down": {"uv": [6, 10, 8, 11], "rotation": 180, "texture": "#0"}
			}
		},
		{
			"from": [9.31357, 9.11529, 5.05786],
			"to": [9.64357, 9.44529, 5.38786],
			"rotation": {"angle": 0, "axis": "y", "origin": [7.99357, 9.77529, 8.02786]},
			"faces": {
				"north": {"uv": [6, 9, 8, 11], "rotation": 90, "texture": "#0"},
				"east": {"uv": [6, 10, 8, 11], "rotation": 90, "texture": "#0"},
				"south": {"uv": [6, 10, 8, 11], "rotation": 90, "texture": "#0"},
				"west": {"uv": [6, 10, 8, 11], "rotation": 90, "texture": "#0"},
				"up": {"uv": [6, 10, 8, 11], "texture": "#0"},
				"down": {"uv": [6, 10, 8, 11], "rotation": 180, "texture": "#0"}
			}
		},
		{
			"from": [10.63357, 7.79529, 5.05786],
			"to": [10.96357, 8.12529, 5.38786],
			"rotation": {"angle": 0, "axis": "y", "origin": [7.99357, 9.77529, 8.02786]},
			"faces": {
				"north": {"uv": [6, 9, 8, 11], "rotation": 90, "texture": "#0"},
				"east": {"uv": [6, 10, 8, 11], "rotation": 90, "texture": "#0"},
				"south": {"uv": [6, 10, 8, 11], "rotation": 90, "texture": "#0"},
				"west": {"uv": [6, 10, 8, 11], "rotation": 90, "texture": "#0"},
				"up": {"uv": [6, 10, 8, 11], "texture": "#0"},
				"down": {"uv": [6, 10, 8, 11], "rotation": 180, "texture": "#0"}
			}
		},
		{
			"from": [10.73257, 9.11529, 6.57586],
			"to": [11.06257, 9.44529, 6.70786],
			"rotation": {"angle": 0, "axis": "y", "origin": [7.99357, 9.77529, 8.02786]},
			"faces": {
				"north": {"uv": [6, 9, 8, 11], "rotation": 90, "texture": "#0"},
				"east": {"uv": [6, 10, 8, 11], "rotation": 90, "texture": "#0"},
				"south": {"uv": [6, 10, 8, 11], "rotation": 90, "texture": "#0"},
				"west": {"uv": [6, 10, 8, 11], "rotation": 90, "texture": "#0"},
				"up": {"uv": [6, 10, 8, 11], "texture": "#0"},
				"down": {"uv": [6, 10, 8, 11], "rotation": 180, "texture": "#0"}
			}
		},
		{
			"from": [7.43257, 9.77529, 5.25586],
			"to": [7.76257, 10.10529, 5.38786],
			"rotation": {"angle": 0, "axis": "y", "origin": [7.99357, 9.77529, 8.02786]},
			"faces": {
				"north": {"uv": [9, 7, 11, 9], "rotation": 90, "texture": "#0"},
				"east": {"uv": [6, 10, 8, 11], "rotation": 90, "texture": "#0"},
				"south": {"uv": [6, 10, 8, 11], "rotation": 90, "texture": "#0"},
				"west": {"uv": [6, 10, 8, 11], "rotation": 90, "texture": "#0"},
				"up": {"uv": [6, 10, 8, 11], "texture": "#0"},
				"down": {"uv": [6, 10, 8, 11], "rotation": 180, "texture": "#0"}
			}
		},
		{
			"from": [9.97357, 9.77529, 6.14686],
			"to": [10.10557, 10.10529, 6.47686],
			"rotation": {"angle": 0, "axis": "y", "origin": [7.99357, 9.77529, 8.02786]},
			"faces": {
				"north": {"uv": [6, 10, 8, 11], "rotation": 90, "texture": "#0"},
				"east": {"uv": [9, 7, 11, 9], "rotation": 90, "texture": "#0"},
				"south": {"uv": [6, 10, 8, 11], "rotation": 90, "texture": "#0"},
				"west": {"uv": [6, 10, 8, 11], "rotation": 90, "texture": "#0"},
				"up": {"uv": [6, 10, 8, 11], "rotation": 90, "texture": "#0"},
				"down": {"uv": [6, 10, 8, 11], "rotation": 90, "texture": "#0"}
			}
		},
		{
			"from": [9.31357, 8.52129, 4.29886],
			"to": [9.44557, 8.85129, 4.62886],
			"rotation": {"angle": 0, "axis": "y", "origin": [7.99357, 9.77529, 8.02786]},
			"faces": {
				"north": {"uv": [6, 10, 8, 11], "rotation": 270, "texture": "#0"},
				"east": {"uv": [6, 9, 8, 11], "rotation": 270, "texture": "#0"},
				"south": {"uv": [6, 10, 8, 11], "rotation": 270, "texture": "#0"},
				"west": {"uv": [6, 10, 8, 11], "rotation": 270, "texture": "#0"},
				"up": {"uv": [6, 10, 8, 11], "rotation": 90, "texture": "#0"},
				"down": {"uv": [6, 10, 8, 11], "rotation": 90, "texture": "#0"}
			}
		},
		{
			"from": [11.29357, 8.32329, 5.81686],
			"to": [11.55757, 8.98329, 6.47686],
			"rotation": {"angle": 0, "axis": "y", "origin": [7.99357, 9.77529, 8.02786]},
			"faces": {
				"north": {"uv": [6, 10, 8, 11], "rotation": 90, "texture": "#0"},
				"east": {"uv": [6, 9, 8, 11], "rotation": 90, "texture": "#0"},
				"south": {"uv": [6, 10, 8, 11], "rotation": 90, "texture": "#0"},
				"west": {"uv": [6, 10, 8, 11], "rotation": 90, "texture": "#0"},
				"up": {"uv": [6, 10, 8, 11], "rotation": 90, "texture": "#0"},
				"down": {"uv": [6, 10, 8, 11], "rotation": 90, "texture": "#0"}
			}
		},
		{
			"from": [3.83557, 7.92729, 8.58886],
			"to": [4.03357, 8.58729, 9.24886],
			"rotation": {"angle": 0, "axis": "y", "origin": [7.99357, 9.77529, 8.02786]},
			"faces": {
				"north": {"uv": [6, 10, 8, 11], "rotation": 90, "texture": "#0"},
				"east": {"uv": [6, 10, 8, 11], "rotation": 90, "texture": "#0"},
				"south": {"uv": [6, 10, 8, 11], "rotation": 90, "texture": "#0"},
				"west": {"uv": [6, 9, 8, 11], "rotation": 90, "texture": "#0"},
				"up": {"uv": [6, 10, 8, 11], "rotation": 270, "texture": "#0"},
				"down": {"uv": [6, 10, 8, 11], "rotation": 270, "texture": "#0"}
			}
		},
		{
			"from": [3.90157, 8.68629, 7.03786],
			"to": [4.03357, 9.01629, 7.36786],
			"rotation": {"angle": 0, "axis": "y", "origin": [7.99357, 9.77529, 8.02786]},
			"faces": {
				"north": {"uv": [6, 10, 8, 11], "rotation": 90, "texture": "#0"},
				"east": {"uv": [6, 10, 8, 11], "rotation": 180, "texture": "#0"},
				"south": {"uv": [6, 10, 8, 11], "rotation": 270, "texture": "#0"},
				"west": {"uv": [6, 9, 8, 11], "texture": "#0"},
				"up": {"uv": [6, 10, 8, 11], "rotation": 90, "texture": "#0"},
				"down": {"uv": [6, 10, 8, 11], "rotation": 270, "texture": "#0"}
			}
		},
		{
			"from": [5.02357, 9.11529, 6.37786],
			"to": [5.35357, 9.44529, 6.70786],
			"rotation": {"angle": 0, "axis": "y", "origin": [7.99357, 9.77529, 8.02786]},
			"faces": {
				"north": {"uv": [6, 10, 8, 11], "rotation": 90, "texture": "#0"},
				"east": {"uv": [6, 10, 8, 11], "rotation": 90, "texture": "#0"},
				"south": {"uv": [6, 10, 8, 11], "rotation": 90, "texture": "#0"},
				"west": {"uv": [6, 9, 8, 11], "rotation": 90, "texture": "#0"},
				"up": {"uv": [6, 10, 8, 11], "rotation": 270, "texture": "#0"},
				"down": {"uv": [6, 10, 8, 11], "rotation": 270, "texture": "#0"}
			}
		},
		{
			"from": [5.02357, 7.79529, 5.05786],
			"to": [5.35357, 8.12529, 5.38786],
			"rotation": {"angle": 0, "axis": "y", "origin": [7.99357, 9.77529, 8.02786]},
			"faces": {
				"north": {"uv": [6, 10, 8, 11], "rotation": 90, "texture": "#0"},
				"east": {"uv": [6, 10, 8, 11], "rotation": 90, "texture": "#0"},
				"south": {"uv": [6, 10, 8, 11], "rotation": 90, "texture": "#0"},
				"west": {"uv": [6, 9, 8, 11], "rotation": 90, "texture": "#0"},
				"up": {"uv": [6, 10, 8, 11], "rotation": 270, "texture": "#0"},
				"down": {"uv": [6, 10, 8, 11], "rotation": 270, "texture": "#0"}
			}
		},
		{
			"from": [6.54157, 9.11529, 4.95886],
			"to": [6.67357, 9.44529, 5.28886],
			"rotation": {"angle": 0, "axis": "y", "origin": [7.99357, 9.77529, 8.02786]},
			"faces": {
				"north": {"uv": [6, 10, 8, 11], "rotation": 90, "texture": "#0"},
				"east": {"uv": [6, 10, 8, 11], "rotation": 90, "texture": "#0"},
				"south": {"uv": [6, 10, 8, 11], "rotation": 90, "texture": "#0"},
				"west": {"uv": [6, 9, 8, 11], "rotation": 90, "texture": "#0"},
				"up": {"uv": [6, 10, 8, 11], "rotation": 270, "texture": "#0"},
				"down": {"uv": [6, 10, 8, 11], "rotation": 270, "texture": "#0"}
			}
		},
		{
			"from": [5.22157, 9.77529, 8.25886],
			"to": [5.35357, 10.10529, 8.58886],
			"rotation": {"angle": 0, "axis": "y", "origin": [7.99357, 9.77529, 8.02786]},
			"faces": {
				"north": {"uv": [6, 10, 8, 11], "rotation": 90, "texture": "#0"},
				"east": {"uv": [6, 10, 8, 11], "rotation": 90, "texture": "#0"},
				"south": {"uv": [6, 10, 8, 11], "rotation": 90, "texture": "#0"},
				"west": {"uv": [9, 7, 11, 9], "rotation": 90, "texture": "#0"},
				"up": {"uv": [6, 10, 8, 11], "rotation": 270, "texture": "#0"},
				"down": {"uv": [6, 10, 8, 11], "rotation": 270, "texture": "#0"}
			}
		},
		{
			"from": [6.11257, 9.77529, 5.91586],
			"to": [6.44257, 10.10529, 6.04786],
			"rotation": {"angle": 0, "axis": "y", "origin": [7.99357, 9.77529, 8.02786]},
			"faces": {
				"north": {"uv": [9, 7, 11, 9], "rotation": 90, "texture": "#0"},
				"east": {"uv": [6, 10, 8, 11], "rotation": 90, "texture": "#0"},
				"south": {"uv": [6, 10, 8, 11], "rotation": 90, "texture": "#0"},
				"west": {"uv": [6, 10, 8, 11], "rotation": 90, "texture": "#0"},
				"up": {"uv": [6, 10, 8, 11], "texture": "#0"},
				"down": {"uv": [6, 10, 8, 11], "rotation": 180, "texture": "#0"}
			}
		},
		{
			"from": [4.26457, 8.52129, 6.57586],
			"to": [4.59457, 8.85129, 6.70786],
			"rotation": {"angle": 0, "axis": "y", "origin": [7.99357, 9.77529, 8.02786]},
			"faces": {
				"north": {"uv": [6, 9, 8, 11], "rotation": 270, "texture": "#0"},
				"east": {"uv": [6, 10, 8, 11], "rotation": 270, "texture": "#0"},
				"south": {"uv": [6, 10, 8, 11], "rotation": 270, "texture": "#0"},
				"west": {"uv": [6, 10, 8, 11], "rotation": 270, "texture": "#0"},
				"up": {"uv": [6, 10, 8, 11], "texture": "#0"},
				"down": {"uv": [6, 10, 8, 11], "rotation": 180, "texture": "#0"}
			}
		},
		{
			"from": [5.78257, 8.32329, 4.46386],
			"to": [6.44257, 8.98329, 4.72786],
			"rotation": {"angle": 0, "axis": "y", "origin": [7.99357, 9.77529, 8.02786]},
			"faces": {
				"north": {"uv": [6, 9, 8, 11], "rotation": 90, "texture": "#0"},
				"east": {"uv": [6, 10, 8, 11], "rotation": 90, "texture": "#0"},
				"south": {"uv": [6, 10, 8, 11], "rotation": 90, "texture": "#0"},
				"west": {"uv": [6, 10, 8, 11], "rotation": 90, "texture": "#0"},
				"up": {"uv": [6, 10, 8, 11], "texture": "#0"},
				"down": {"uv": [6, 10, 8, 11], "rotation": 180, "texture": "#0"}
			}
		},
		{
			"from": [7.33357, 10.43529, 8.68786],
			"to": [7.99357, 10.56729, 9.34786],
			"rotation": {"angle": 0, "axis": "y", "origin": [7.99357, 9.77529, 8.02786]},
			"faces": {
				"north": {"uv": [9, 8, 11, 9], "texture": "#0"},
				"east": {"uv": [9, 8, 11, 9], "texture": "#0"},
				"south": {"uv": [9, 8, 11, 9], "texture": "#0"},
				"west": {"uv": [9, 8, 11, 9], "texture": "#0"},
				"up": {"uv": [9, 7, 11, 9], "rotation": 90, "texture": "#0"},
				"down": {"uv": [9, 8, 11, 9], "rotation": 270, "texture": "#0"}
			}
		},
		{
			"from": [7.99357, 10.43529, 7.36786],
			"to": [8.65357, 10.56729, 8.02786],
			"rotation": {"angle": 0, "axis": "y", "origin": [7.99357, 9.77529, 8.02786]},
			"faces": {
				"north": {"uv": [9, 8, 11, 9], "texture": "#0"},
				"east": {"uv": [9, 8, 11, 9], "texture": "#0"},
				"south": {"uv": [9, 8, 11, 9], "texture": "#0"},
				"west": {"uv": [9, 8, 11, 9], "texture": "#0"},
				"up": {"uv": [9, 7, 11, 9], "rotation": 90, "texture": "#0"},
				"down": {"uv": [9, 8, 11, 9], "rotation": 270, "texture": "#0"}
			}
		},
		{
			"from": [7.33357, 10.43529, 6.04786],
			"to": [7.66357, 10.56729, 6.37786],
			"rotation": {"angle": 0, "axis": "y", "origin": [7.99357, 9.77529, 8.02786]},
			"faces": {
				"north": {"uv": [9, 8, 11, 9], "texture": "#0"},
				"east": {"uv": [9, 8, 11, 9], "texture": "#0"},
				"south": {"uv": [9, 8, 11, 9], "texture": "#0"},
				"west": {"uv": [9, 8, 11, 9], "texture": "#0"},
				"up": {"uv": [9, 8, 10, 9], "rotation": 90, "texture": "#0"},
				"down": {"uv": [9, 8, 11, 9], "rotation": 270, "texture": "#0"}
			}
		},
		{
			"from": [9.31357, 10.43529, 6.70786],
			"to": [9.64357, 10.56729, 7.03786],
			"rotation": {"angle": 0, "axis": "y", "origin": [7.99357, 9.77529, 8.02786]},
			"faces": {
				"north": {"uv": [9, 8, 11, 9], "texture": "#0"},
				"east": {"uv": [9, 8, 11, 9], "texture": "#0"},
				"south": {"uv": [9, 8, 11, 9], "texture": "#0"},
				"west": {"uv": [9, 8, 11, 9], "texture": "#0"},
				"up": {"uv": [9, 8, 10, 9], "rotation": 90, "texture": "#0"},
				"down": {"uv": [9, 8, 11, 9], "rotation": 270, "texture": "#0"}
			}
		},
		{
			"from": [8.65357, 10.43529, 8.68786],
			"to": [8.98357, 10.56729, 9.01786],
			"rotation": {"angle": 0, "axis": "y", "origin": [7.99357, 9.77529, 8.02786]},
			"faces": {
				"north": {"uv": [9, 8, 11, 9], "texture": "#0"},
				"east": {"uv": [9, 8, 11, 9], "texture": "#0"},
				"south": {"uv": [9, 8, 11, 9], "texture": "#0"},
				"west": {"uv": [9, 8, 11, 9], "texture": "#0"},
				"up": {"uv": [9, 8, 10, 9], "rotation": 90, "texture": "#0"},
				"down": {"uv": [9, 8, 11, 9], "rotation": 270, "texture": "#0"}
			}
		},
		{
			"from": [6.67357, 9.77529, 10.00786],
			"to": [9.31357, 10.43529, 10.66786],
			"rotation": {"angle": 0, "axis": "y", "origin": [7.99357, 9.77529, 8.02786]},
			"faces": {
				"north": {"uv": [0, 0, 4, 1], "texture": "#3"},
				"east": {"uv": [0, 0, 1, 1], "texture": "#3"},
				"south": {"uv": [0, 0, 4, 1], "texture": "#3"},
				"west": {"uv": [0, 0, 1, 1], "texture": "#3"},
				"up": {"uv": [0, 0, 4, 1], "texture": "#3"},
				"down": {"uv": [0, 0, 4, 1], "texture": "#3"}
			}
		},
		{
			"from": [6.67357, 9.77529, 5.38786],
			"to": [9.31357, 10.43529, 6.04786],
			"rotation": {"angle": 0, "axis": "y", "origin": [7.99357, 9.77529, 8.02786]},
			"faces": {
				"north": {"uv": [0, 0, 4, 1], "texture": "#3"},
				"east": {"uv": [0, 0, 1, 1], "texture": "#3"},
				"south": {"uv": [0, 0, 4, 1], "texture": "#3"},
				"west": {"uv": [0, 0, 1, 1], "texture": "#3"},
				"up": {"uv": [0, 0, 4, 1], "texture": "#3"},
				"down": {"uv": [0, 0, 4, 1], "texture": "#3"}
			}
		},
		{
			"from": [5.35357, 9.77529, 6.70786],
			"to": [6.01357, 10.43529, 9.34786],
			"rotation": {"angle": 0, "axis": "y", "origin": [7.99357, 9.77529, 8.02786]},
			"faces": {
				"north": {"uv": [0, 0, 1, 1], "texture": "#3"},
				"east": {"uv": [0, 0, 4, 1], "texture": "#3"},
				"south": {"uv": [0, 0, 1, 1], "texture": "#3"},
				"west": {"uv": [0, 0, 4, 1], "texture": "#3"},
				"up": {"uv": [0, 0, 4, 1], "rotation": 270, "texture": "#3"},
				"down": {"uv": [0, 0, 4, 1], "rotation": 90, "texture": "#3"}
			}
		},
		{
			"from": [9.97357, 9.77529, 6.70786],
			"to": [10.63357, 10.43529, 9.34786],
			"rotation": {"angle": 0, "axis": "y", "origin": [7.99357, 9.77529, 8.02786]},
			"faces": {
				"north": {"uv": [0, 0, 1, 1], "texture": "#3"},
				"east": {"uv": [0, 0, 4, 1], "texture": "#3"},
				"south": {"uv": [0, 0, 1, 1], "texture": "#3"},
				"west": {"uv": [0, 0, 4, 1], "texture": "#3"},
				"up": {"uv": [0, 0, 4, 1], "rotation": 90, "texture": "#3"},
				"down": {"uv": [0, 0, 4, 1], "rotation": 270, "texture": "#3"}
			}
		},
		{
			"from": [6.67357, 7.79529, 4.06786],
			"to": [9.31357, 9.11529, 4.72786],
			"rotation": {"angle": 0, "axis": "y", "origin": [7.99357, 9.11529, 8.02786]},
			"faces": {
				"north": {"uv": [0, 0, 4, 2], "texture": "#1"},
				"east": {"uv": [0, 0, 1, 2], "texture": "#1"},
				"south": {"uv": [0, 0, 4, 2], "texture": "#1"},
				"west": {"uv": [0, 0, 1, 2], "texture": "#1"},
				"up": {"uv": [0, 0, 4, 1], "texture": "#1"},
				"down": {"uv": [0, 0, 4, 1], "texture": "#1"}
			}
		},
		{
			"from": [6.67357, 7.79529, 11.32786],
			"to": [9.31357, 9.11529, 11.98786],
			"rotation": {"angle": 0, "axis": "y", "origin": [7.99357, 9.11529, 8.02786]},
			"faces": {
				"north": {"uv": [0, 0, 4, 2], "texture": "#1"},
				"east": {"uv": [0, 0, 1, 2], "texture": "#1"},
				"south": {"uv": [0, 0, 4, 2], "texture": "#1"},
				"west": {"uv": [0, 0, 1, 2], "texture": "#1"},
				"up": {"uv": [0, 0, 4, 1], "rotation": 180, "texture": "#1"},
				"down": {"uv": [0, 0, 4, 1], "rotation": 180, "texture": "#1"}
			}
		},
		{
			"from": [5.35357, 7.79529, 4.72786],
			"to": [6.67357, 9.11529, 5.38786],
			"rotation": {"angle": 0, "axis": "y", "origin": [7.99357, 9.11529, 8.02786]},
			"faces": {
				"north": {"uv": [0, 0, 2, 2], "texture": "#1"},
				"east": {"uv": [0, 0, 1, 2], "texture": "#1"},
				"south": {"uv": [0, 0, 2, 2], "texture": "#1"},
				"west": {"uv": [0, 0, 1, 2], "texture": "#1"},
				"up": {"uv": [0, 0, 2, 1], "texture": "#1"},
				"down": {"uv": [0, 0, 2, 1], "texture": "#1"}
			}
		},
		{
			"from": [10.63357, 7.79529, 5.38786],
			"to": [11.29357, 9.11529, 6.70786],
			"rotation": {"angle": 0, "axis": "y", "origin": [7.99357, 9.11529, 8.02786]},
			"faces": {
				"north": {"uv": [0, 0, 1, 2], "texture": "#1"},
				"east": {"uv": [0, 0, 2, 2], "texture": "#1"},
				"south": {"uv": [0, 0, 1, 2], "texture": "#1"},
				"west": {"uv": [0, 0, 2, 2], "texture": "#1"},
				"up": {"uv": [0, 0, 2, 1], "rotation": 90, "texture": "#1"},
				"down": {"uv": [0, 0, 2, 1], "rotation": 270, "texture": "#1"}
			}
		},
		{
			"from": [9.31357, 7.79529, 10.66786],
			"to": [10.63357, 9.11529, 11.32786],
			"rotation": {"angle": 0, "axis": "y", "origin": [7.99357, 9.11529, 8.02786]},
			"faces": {
				"north": {"uv": [0, 0, 2, 2], "texture": "#1"},
				"east": {"uv": [0, 0, 1, 2], "texture": "#1"},
				"south": {"uv": [0, 0, 2, 2], "texture": "#1"},
				"west": {"uv": [0, 0, 1, 2], "texture": "#1"},
				"up": {"uv": [0, 0, 2, 1], "rotation": 180, "texture": "#1"},
				"down": {"uv": [0, 0, 2, 1], "rotation": 180, "texture": "#1"}
			}
		},
		{
			"from": [4.69357, 7.79529, 9.34786],
			"to": [5.35357, 9.11529, 10.66786],
			"rotation": {"angle": 0, "axis": "y", "origin": [7.99357, 9.11529, 8.02786]},
			"faces": {
				"north": {"uv": [0, 0, 1, 2], "texture": "#1"},
				"east": {"uv": [0, 0, 2, 2], "texture": "#1"},
				"south": {"uv": [0, 0, 1, 2], "texture": "#1"},
				"west": {"uv": [0, 0, 2, 2], "texture": "#1"},
				"up": {"uv": [0, 0, 2, 1], "rotation": 270, "texture": "#1"},
				"down": {"uv": [0, 0, 2, 1], "rotation": 90, "texture": "#1"}
			}
		},
		{
			"from": [4.69357, 7.79529, 5.38786],
			"to": [5.35357, 9.11529, 6.70786],
			"rotation": {"angle": 0, "axis": "y", "origin": [7.99357, 9.11529, 8.02786]},
			"faces": {
				"north": {"uv": [0, 0, 1, 2], "texture": "#1"},
				"east": {"uv": [0, 0, 2, 2], "texture": "#1"},
				"south": {"uv": [0, 0, 1, 2], "texture": "#1"},
				"west": {"uv": [0, 0, 2, 2], "texture": "#1"},
				"up": {"uv": [0, 0, 2, 1], "rotation": 270, "texture": "#1"},
				"down": {"uv": [0, 0, 2, 1], "rotation": 90, "texture": "#1"}
			}
		},
		{
			"from": [9.31357, 7.79529, 4.72786],
			"to": [10.63357, 9.11529, 5.38786],
			"rotation": {"angle": 0, "axis": "y", "origin": [7.99357, 9.11529, 8.02786]},
			"faces": {
				"north": {"uv": [0, 0, 2, 2], "texture": "#1"},
				"east": {"uv": [0, 0, 1, 2], "texture": "#1"},
				"south": {"uv": [0, 0, 2, 2], "texture": "#1"},
				"west": {"uv": [0, 0, 1, 2], "texture": "#1"},
				"up": {"uv": [0, 0, 2, 1], "texture": "#1"},
				"down": {"uv": [0, 0, 2, 1], "texture": "#1"}
			}
		},
		{
			"from": [10.63357, 7.79529, 9.34786],
			"to": [11.29357, 9.11529, 10.66786],
			"rotation": {"angle": 0, "axis": "y", "origin": [7.99357, 9.11529, 8.02786]},
			"faces": {
				"north": {"uv": [0, 0, 1, 2], "texture": "#1"},
				"east": {"uv": [0, 0, 2, 2], "texture": "#1"},
				"south": {"uv": [0, 0, 1, 2], "texture": "#1"},
				"west": {"uv": [0, 0, 2, 2], "texture": "#1"},
				"up": {"uv": [0, 0, 2, 1], "rotation": 90, "texture": "#1"},
				"down": {"uv": [0, 0, 2, 1], "rotation": 270, "texture": "#1"}
			}
		},
		{
			"from": [5.35357, 7.79529, 10.66786],
			"to": [6.67357, 9.11529, 11.32786],
			"rotation": {"angle": 0, "axis": "y", "origin": [7.99357, 9.11529, 8.02786]},
			"faces": {
				"north": {"uv": [0, 0, 2, 2], "texture": "#1"},
				"east": {"uv": [0, 0, 1, 2], "texture": "#1"},
				"south": {"uv": [0, 0, 2, 2], "texture": "#1"},
				"west": {"uv": [0, 0, 1, 2], "texture": "#1"},
				"up": {"uv": [0, 0, 2, 1], "rotation": 180, "texture": "#1"},
				"down": {"uv": [0, 0, 2, 1], "rotation": 180, "texture": "#1"}
			}
		},
		{
			"from": [4.03357, 7.79529, 6.70786],
			"to": [4.69357, 9.11529, 9.34786],
			"rotation": {"angle": 0, "axis": "y", "origin": [7.99357, 9.11529, 8.02786]},
			"faces": {
				"north": {"uv": [0, 0, 1, 2], "texture": "#1"},
				"east": {"uv": [0, 0, 4, 2], "texture": "#1"},
				"south": {"uv": [0, 0, 1, 2], "texture": "#1"},
				"west": {"uv": [0, 0, 4, 2], "texture": "#1"},
				"up": {"uv": [0, 0, 4, 1], "rotation": 90, "texture": "#1"},
				"down": {"uv": [0, 0, 4, 1], "rotation": 270, "texture": "#1"}
			}
		},
		{
			"from": [11.29357, 7.79529, 6.70786],
			"to": [11.95357, 9.11529, 9.34786],
			"rotation": {"angle": 0, "axis": "y", "origin": [7.99357, 9.11529, 8.02786]},
			"faces": {
				"north": {"uv": [0, 0, 1, 2], "texture": "#1"},
				"east": {"uv": [0, 0, 4, 2], "texture": "#1"},
				"south": {"uv": [0, 0, 1, 2], "texture": "#1"},
				"west": {"uv": [0, 0, 4, 2], "texture": "#1"},
				"up": {"uv": [0, 0, 4, 1], "rotation": 270, "texture": "#1"},
				"down": {"uv": [0, 0, 4, 1], "rotation": 90, "texture": "#1"}
			}
		},
		{
			"from": [4.69357, 9.11529, 6.70786],
			"to": [5.35357, 9.77529, 9.34786],
			"rotation": {"angle": 0, "axis": "y", "origin": [7.99357, 9.77529, 8.02786]},
			"faces": {
				"north": {"uv": [0, 0, 1, 1], "texture": "#2"},
				"east": {"uv": [0, 0, 4, 1], "texture": "#2"},
				"south": {"uv": [0, 0, 1, 1], "texture": "#2"},
				"west": {"uv": [0, 0, 4, 1], "texture": "#2"},
				"up": {"uv": [0, 0, 1, 4], "texture": "#2"},
				"down": {"uv": [0, 0, 1, 4], "texture": "#2"}
			}
		},
		{
			"from": [10.63357, 9.11529, 6.70786],
			"to": [11.29357, 9.77529, 9.34786],
			"rotation": {"angle": 0, "axis": "y", "origin": [7.99357, 9.77529, 8.02786]},
			"faces": {
				"north": {"uv": [0, 0, 1, 1], "texture": "#2"},
				"east": {"uv": [0, 0, 4, 1], "texture": "#2"},
				"south": {"uv": [0, 0, 1, 1], "texture": "#2"},
				"west": {"uv": [0, 0, 4, 1], "texture": "#2"},
				"up": {"uv": [0, 0, 1, 4], "texture": "#2"},
				"down": {"uv": [0, 0, 1, 4], "texture": "#2"}
			}
		},
		{
			"from": [6.67357, 9.11529, 10.66786],
			"to": [9.31357, 9.77529, 11.32786],
			"rotation": {"angle": 0, "axis": "y", "origin": [7.99357, 9.77529, 8.02786]},
			"faces": {
				"north": {"uv": [0, 0, 4, 1], "texture": "#2"},
				"east": {"uv": [0, 0, 1, 1], "texture": "#2"},
				"south": {"uv": [0, 0, 4, 1], "texture": "#2"},
				"west": {"uv": [0, 0, 1, 1], "texture": "#2"},
				"up": {"uv": [0, 0, 1, 4], "rotation": 90, "texture": "#2"},
				"down": {"uv": [0, 0, 1, 4], "rotation": 270, "texture": "#2"}
			}
		},
		{
			"from": [9.97357, 9.11529, 10.00786],
			"to": [10.63357, 9.77529, 10.66786],
			"rotation": {"angle": 0, "axis": "y", "origin": [7.99357, 9.77529, 8.02786]},
			"faces": {
				"north": {"uv": [0, 0, 1, 1], "texture": "#2"},
				"east": {"uv": [0, 0, 1, 1], "texture": "#2"},
				"south": {"uv": [0, 0, 1, 1], "texture": "#2"},
				"west": {"uv": [0, 0, 1, 1], "texture": "#2"},
				"up": {"uv": [0, 0, 1, 1], "rotation": 90, "texture": "#2"},
				"down": {"uv": [0, 0, 1, 1], "rotation": 270, "texture": "#2"}
			}
		},
		{
			"from": [9.31357, 9.11529, 10.00786],
			"to": [9.97357, 9.77529, 10.66786],
			"rotation": {"angle": 0, "axis": "y", "origin": [7.99357, 9.77529, 8.02786]},
			"faces": {
				"north": {"uv": [0, 0, 1, 1], "texture": "#2"},
				"east": {"uv": [0, 0, 1, 1], "texture": "#2"},
				"south": {"uv": [0, 0, 1, 1], "texture": "#2"},
				"west": {"uv": [0, 0, 1, 1], "texture": "#2"},
				"up": {"uv": [0, 0, 1, 1], "rotation": 90, "texture": "#2"},
				"down": {"uv": [0, 0, 1, 1], "rotation": 270, "texture": "#2"}
			}
		},
		{
			"from": [9.97357, 9.11529, 9.34786],
			"to": [10.63357, 9.77529, 10.00786],
			"rotation": {"angle": 0, "axis": "y", "origin": [7.99357, 9.77529, 8.02786]},
			"faces": {
				"north": {"uv": [0, 0, 1, 1], "texture": "#2"},
				"east": {"uv": [0, 0, 1, 1], "texture": "#2"},
				"south": {"uv": [0, 0, 1, 1], "texture": "#2"},
				"west": {"uv": [0, 0, 1, 1], "texture": "#2"},
				"up": {"uv": [0, 0, 1, 1], "rotation": 90, "texture": "#2"},
				"down": {"uv": [0, 0, 1, 1], "rotation": 270, "texture": "#2"}
			}
		},
		{
			"from": [5.35357, 9.11529, 10.00786],
			"to": [6.01357, 9.77529, 10.66786],
			"rotation": {"angle": 0, "axis": "y", "origin": [7.99357, 9.77529, 8.02786]},
			"faces": {
				"north": {"uv": [0, 0, 1, 1], "texture": "#2"},
				"east": {"uv": [0, 0, 1, 1], "texture": "#2"},
				"south": {"uv": [0, 0, 1, 1], "texture": "#2"},
				"west": {"uv": [0, 0, 1, 1], "texture": "#2"},
				"up": {"uv": [0, 0, 1, 1], "rotation": 180, "texture": "#2"},
				"down": {"uv": [0, 0, 1, 1], "rotation": 180, "texture": "#2"}
			}
		},
		{
			"from": [5.35357, 9.11529, 9.34786],
			"to": [6.01357, 9.77529, 10.00786],
			"rotation": {"angle": 0, "axis": "y", "origin": [7.99357, 9.77529, 8.02786]},
			"faces": {
				"north": {"uv": [0, 0, 1, 1], "texture": "#2"},
				"east": {"uv": [0, 0, 1, 1], "texture": "#2"},
				"south": {"uv": [0, 0, 1, 1], "texture": "#2"},
				"west": {"uv": [0, 0, 1, 1], "texture": "#2"},
				"up": {"uv": [0, 0, 1, 1], "rotation": 180, "texture": "#2"},
				"down": {"uv": [0, 0, 1, 1], "rotation": 180, "texture": "#2"}
			}
		},
		{
			"from": [6.01357, 9.11529, 10.00786],
			"to": [6.67357, 9.77529, 10.66786],
			"rotation": {"angle": 0, "axis": "y", "origin": [7.99357, 9.77529, 8.02786]},
			"faces": {
				"north": {"uv": [0, 0, 1, 1], "texture": "#2"},
				"east": {"uv": [0, 0, 1, 1], "texture": "#2"},
				"south": {"uv": [0, 0, 1, 1], "texture": "#2"},
				"west": {"uv": [0, 0, 1, 1], "texture": "#2"},
				"up": {"uv": [0, 0, 1, 1], "rotation": 180, "texture": "#2"},
				"down": {"uv": [0, 0, 1, 1], "rotation": 180, "texture": "#2"}
			}
		},
		{
			"from": [9.97357, 9.11529, 5.38786],
			"to": [10.63357, 9.77529, 6.04786],
			"rotation": {"angle": 0, "axis": "y", "origin": [7.99357, 9.77529, 8.02786]},
			"faces": {
				"north": {"uv": [0, 0, 1, 1], "texture": "#2"},
				"east": {"uv": [0, 0, 1, 1], "texture": "#2"},
				"south": {"uv": [0, 0, 1, 1], "texture": "#2"},
				"west": {"uv": [0, 0, 1, 1], "texture": "#2"},
				"up": {"uv": [0, 0, 1, 1], "texture": "#2"},
				"down": {"uv": [0, 0, 1, 1], "texture": "#2"}
			}
		},
		{
			"from": [9.97357, 9.11529, 6.04786],
			"to": [10.63357, 9.77529, 6.70786],
			"rotation": {"angle": 0, "axis": "y", "origin": [7.99357, 9.77529, 8.02786]},
			"faces": {
				"north": {"uv": [0, 0, 1, 1], "texture": "#2"},
				"east": {"uv": [0, 0, 1, 1], "texture": "#2"},
				"south": {"uv": [0, 0, 1, 1], "texture": "#2"},
				"west": {"uv": [0, 0, 1, 1], "texture": "#2"},
				"up": {"uv": [0, 0, 1, 1], "texture": "#2"},
				"down": {"uv": [0, 0, 1, 1], "texture": "#2"}
			}
		},
		{
			"from": [9.31357, 9.11529, 5.38786],
			"to": [9.97357, 9.77529, 6.04786],
			"rotation": {"angle": 0, "axis": "y", "origin": [7.99357, 9.77529, 8.02786]},
			"faces": {
				"north": {"uv": [0, 0, 1, 1], "texture": "#2"},
				"east": {"uv": [0, 0, 1, 1], "texture": "#2"},
				"south": {"uv": [0, 0, 1, 1], "texture": "#2"},
				"west": {"uv": [0, 0, 1, 1], "texture": "#2"},
				"up": {"uv": [0, 0, 1, 1], "texture": "#2"},
				"down": {"uv": [0, 0, 1, 1], "texture": "#2"}
			}
		},
		{
			"from": [5.35357, 9.11529, 5.38786],
			"to": [6.01357, 9.77529, 6.04786],
			"rotation": {"angle": 0, "axis": "y", "origin": [7.99357, 9.77529, 8.02786]},
			"faces": {
				"north": {"uv": [0, 0, 1, 1], "texture": "#2"},
				"east": {"uv": [0, 0, 1, 1], "texture": "#2"},
				"south": {"uv": [0, 0, 1, 1], "texture": "#2"},
				"west": {"uv": [0, 0, 1, 1], "texture": "#2"},
				"up": {"uv": [0, 0, 1, 1], "rotation": 270, "texture": "#2"},
				"down": {"uv": [0, 0, 1, 1], "rotation": 90, "texture": "#2"}
			}
		},
		{
			"from": [6.01357, 9.11529, 5.38786],
			"to": [6.67357, 9.77529, 6.04786],
			"rotation": {"angle": 0, "axis": "y", "origin": [7.99357, 9.77529, 8.02786]},
			"faces": {
				"north": {"uv": [0, 0, 1, 1], "texture": "#2"},
				"east": {"uv": [0, 0, 1, 1], "texture": "#2"},
				"south": {"uv": [0, 0, 1, 1], "texture": "#2"},
				"west": {"uv": [0, 0, 1, 1], "texture": "#2"},
				"up": {"uv": [0, 0, 1, 1], "rotation": 270, "texture": "#2"},
				"down": {"uv": [0, 0, 1, 1], "rotation": 90, "texture": "#2"}
			}
		},
		{
			"from": [5.35357, 9.11529, 6.04786],
			"to": [6.01357, 9.77529, 6.70786],
			"rotation": {"angle": 0, "axis": "y", "origin": [7.99357, 9.77529, 8.02786]},
			"faces": {
				"north": {"uv": [0, 0, 1, 1], "texture": "#2"},
				"east": {"uv": [0, 0, 1, 1], "texture": "#2"},
				"south": {"uv": [0, 0, 1, 1], "texture": "#2"},
				"west": {"uv": [0, 0, 1, 1], "texture": "#2"},
				"up": {"uv": [0, 0, 1, 1], "rotation": 270, "texture": "#2"},
				"down": {"uv": [0, 0, 1, 1], "rotation": 90, "texture": "#2"}
			}
		},
		{
			"from": [6.67357, 9.11529, 4.72786],
			"to": [9.31357, 9.77529, 5.38786],
			"rotation": {"angle": 0, "axis": "y", "origin": [7.99357, 9.77529, 8.02786]},
			"faces": {
				"north": {"uv": [0, 0, 4, 1], "texture": "#2"},
				"east": {"uv": [0, 0, 1, 1], "texture": "#2"},
				"south": {"uv": [0, 0, 4, 1], "texture": "#2"},
				"west": {"uv": [0, 0, 1, 1], "texture": "#2"},
				"up": {"uv": [0, 0, 1, 4], "rotation": 270, "texture": "#2"},
				"down": {"uv": [0, 0, 1, 4], "rotation": 90, "texture": "#2"}
			}
		},
		{
			"from": [5, 0, 5],
			"to": [6, 6, 11],
			"color": 1,
			"faces": {
				"north": {"uv": [10, 10, 11, 16], "texture": "#flowerpot"},
				"east": {"uv": [5, 10, 11, 16], "texture": "#flowerpot"},
				"south": {"uv": [5, 10, 6, 16], "texture": "#flowerpot"},
				"west": {"uv": [5, 10, 11, 16], "texture": "#flowerpot"},
				"up": {"uv": [5, 5, 6, 11], "texture": "#flowerpot"},
				"down": {"uv": [5, 5, 6, 11], "texture": "#flowerpot", "cullface": "down"}
			}
		},
		{
			"from": [10, 0, 5],
			"to": [11, 6, 11],
			"color": 5,
			"faces": {
				"north": {"uv": [5, 10, 6, 16], "texture": "#flowerpot"},
				"east": {"uv": [5, 10, 11, 16], "texture": "#flowerpot"},
				"south": {"uv": [10, 10, 11, 16], "texture": "#flowerpot"},
				"west": {"uv": [5, 10, 11, 16], "texture": "#flowerpot"},
				"up": {"uv": [10, 5, 11, 11], "texture": "#flowerpot"},
				"down": {"uv": [10, 5, 11, 11], "texture": "#flowerpot", "cullface": "down"}
			}
		},
		{
			"from": [6, 0, 5],
			"to": [10, 6, 6],
			"color": 4,
			"faces": {
				"north": {"uv": [6, 10, 10, 16], "texture": "#flowerpot"},
				"south": {"uv": [6, 10, 10, 16], "texture": "#flowerpot"},
				"up": {"uv": [6, 5, 10, 6], "texture": "#flowerpot"},
				"down": {"uv": [6, 10, 10, 11], "texture": "#flowerpot", "cullface": "down"}
			}
		},
		{
			"from": [6, 0, 10],
			"to": [10, 6, 11],
			"color": 0,
			"faces": {
				"north": {"uv": [6, 10, 10, 16], "texture": "#flowerpot"},
				"south": {"uv": [6, 10, 10, 16], "texture": "#flowerpot"},
				"up": {"uv": [6, 10, 10, 11], "texture": "#flowerpot"},
				"down": {"uv": [6, 5, 10, 6], "texture": "#flowerpot", "cullface": "down"}
			}
		},
		{
			"from": [6, 0, 6],
			"to": [10, 4, 10],
			"color": 6,
			"faces": {
				"up": {"uv": [6, 6, 10, 10], "texture": "#dirt"},
				"down": {"uv": [6, 12, 10, 16], "texture": "#flowerpot", "cullface": "down"}
			}
		}
	],
	"display": {
		"ground": {
			"scale": [0.5, 0.5, 0.5]
		}
	},
	"groups": [0, 1,
		{
			"name": "circleish",
			"origin": [8, 8, 8],
			"children": [2, 3,
				{
					"name": "Dots",
					"origin": [8, 8, 8],
					"children": [4, 5, 6, 7, 8, 9, 10, 11, 12]
				},
				{
					"name": "Dots",
					"origin": [8, 8, 8],
					"children": [13, 14, 15, 16, 17, 18, 19, 20, 21]
				},
				{
					"name": "Dots",
					"origin": [8, 8, 8],
					"children": [22, 23, 24, 25, 26, 27, 28, 29, 30]
				},
				{
					"name": "Dots",
					"origin": [8, 8, 8],
					"children": [31, 32, 33, 34, 35, 36, 37, 38, 39]
				}, 40, 41, 42, 43, 44, 45, 46, 47, 48,
				{
					"name": "ring",
					"origin": [8, 8, 8],
					"children": [49, 50, 51, 52, 53, 54, 55, 56, 57, 58, 59, 60]
				},
				{
					"name": "ring",
					"origin": [8, 8, 8],
					"children": [61, 62, 63,
						{
							"name": "corner L",
							"origin": [8, 8, 8],
							"children": [64, 65, 66]
						},
						{
							"name": "corner L",
							"origin": [8, 8, 8],
							"children": [67, 68, 69]
						},
						{
							"name": "corner L",
							"origin": [8, 8, 8],
							"children": [70, 71, 72]
						},
						{
							"name": "corner L",
							"origin": [8, 8, 8],
							"children": [73, 74, 75]
						}, 76]
				}
			]
		}, 77, 78, 79, 80, 81]
}