{
	"credit": "Made with Blockbench",
	"parent": "",
	"textures": {
		"1": "redshrooms/texture_1",
		"2": "redshrooms/texture_2",
		"3": "redshrooms/texture_3",
		"4": "redshrooms/texture_4",
		"5": "redshrooms/texture_5",
		"6": "redshrooms/texture_6",
		"particle": "redshrooms/texture_0",
        	"flowerpot": "block/flower_pot",
        	"dirt": "block/crimson_nylium"
	},
	"elements": [
		{
			"from": [5.892, 9.54, 7.796],
			"to": [5.96, 10.22, 8.476],
			"rotation": {"angle": 0, "axis": "y", "origin": [8, 9.2, 8]},
			"faces": {
				"north": {"uv": [0, 0, 1, 2], "rotation": 180, "texture": "#6"},
				"east": {"uv": [0, 0, 1, 2], "rotation": 270, "texture": "#6"},
				"south": {"uv": [0, 0, 1, 2], "texture": "#6"},
				"west": {"uv": [0, 0, 2, 2], "rotation": 90, "texture": "#6"},
				"up": {"uv": [0, 0, 1, 2], "rotation": 180, "texture": "#6"},
				"down": {"uv": [0, 0, 1, 2], "texture": "#6"}
			}
		},
		{
			"from": [8.34, 11.92, 7.796],
			"to": [9.02, 11.988, 8.476],
			"rotation": {"angle": 0, "axis": "y", "origin": [8, 9.2, 8]},
			"faces": {
				"north": {"uv": [0, 0, 1, 2], "rotation": 90, "texture": "#6"},
				"east": {"uv": [0, 0, 1, 2], "rotation": 270, "texture": "#6"},
				"south": {"uv": [0, 0, 1, 2], "rotation": 90, "texture": "#6"},
				"west": {"uv": [0, 0, 1, 2], "rotation": 90, "texture": "#6"},
				"up": {"uv": [0, 0, 2, 2], "rotation": 180, "texture": "#6"},
				"down": {"uv": [0, 0, 1, 2], "texture": "#6"}
			}
		},
		{
			"from": [7.864, 11.92, 6.98],
			"to": [8.204, 11.988, 7.32],
			"rotation": {"angle": 0, "axis": "y", "origin": [8, 9.2, 8]},
			"faces": {
				"north": {"uv": [0, 0, 1, 2], "rotation": 90, "texture": "#6"},
				"east": {"uv": [0, 0, 1, 2], "rotation": 90, "texture": "#6"},
				"south": {"uv": [0, 0, 1, 2], "rotation": 270, "texture": "#6"},
				"west": {"uv": [0, 0, 1, 2], "rotation": 90, "texture": "#6"},
				"up": {"uv": [0, 0, 2, 2], "rotation": 270, "texture": "#6"},
				"down": {"uv": [0, 0, 1, 2], "rotation": 270, "texture": "#6"}
			}
		},
		{
			"from": [7.184, 11.92, 8.34],
			"to": [7.32, 11.988, 8.476],
			"rotation": {"angle": 0, "axis": "y", "origin": [8, 9.2, 8]},
			"faces": {
				"north": {"uv": [0, 0, 1, 2], "rotation": 90, "texture": "#6"},
				"east": {"uv": [0, 0, 1, 2], "rotation": 90, "texture": "#6"},
				"south": {"uv": [0, 0, 1, 2], "rotation": 270, "texture": "#6"},
				"west": {"uv": [0, 0, 1, 2], "rotation": 90, "texture": "#6"},
				"up": {"uv": [0, 0, 1, 2], "rotation": 270, "texture": "#6"},
				"down": {"uv": [0, 0, 1, 2], "rotation": 270, "texture": "#6"}
			}
		},
		{
			"from": [7.32, 9.88, 10.04],
			"to": [7.728, 10.288, 10.108],
			"rotation": {"angle": 0, "axis": "y", "origin": [8, 9.2, 8]},
			"faces": {
				"north": {"uv": [0, 0, 1, 2], "texture": "#6"},
				"east": {"uv": [0, 0, 1, 2], "texture": "#6"},
				"south": {"uv": [0, 0, 2, 2], "texture": "#6"},
				"west": {"uv": [0, 0, 1, 2], "texture": "#6"},
				"up": {"uv": [0, 0, 1, 2], "rotation": 270, "texture": "#6"},
				"down": {"uv": [0, 0, 1, 2], "rotation": 90, "texture": "#6"}
			}
		},
		{
			"from": [10.04, 9.54, 8],
			"to": [10.108, 10.152, 8.612],
			"rotation": {"angle": 0, "axis": "y", "origin": [8, 9.2, 8]},
			"faces": {
				"north": {"uv": [0, 0, 1, 2], "texture": "#6"},
				"east": {"uv": [0, 0, 2, 2], "rotation": 90, "texture": "#6"},
				"south": {"uv": [0, 0, 1, 2], "rotation": 180, "texture": "#6"},
				"west": {"uv": [0, 0, 1, 2], "rotation": 270, "texture": "#6"},
				"up": {"uv": [0, 0, 1, 2], "texture": "#6"},
				"down": {"uv": [0, 0, 1, 2], "rotation": 180, "texture": "#6"}
			}
		},
		{
			"from": [7.66, 9.2, 5.892],
			"to": [8.204, 9.744, 5.96],
			"rotation": {"angle": 0, "axis": "y", "origin": [8, 9.2, 8]},
			"faces": {
				"north": {"uv": [0, 0, 2, 2], "texture": "#6"},
				"east": {"uv": [0, 0, 1, 2], "texture": "#6"},
				"south": {"uv": [0, 0, 1, 2], "texture": "#6"},
				"west": {"uv": [0, 0, 1, 2], "texture": "#6"},
				"up": {"uv": [0, 0, 1, 2], "rotation": 90, "texture": "#6"},
				"down": {"uv": [0, 0, 1, 2], "rotation": 270, "texture": "#6"}
			}
		},
		{
			"from": [6.572, 9.54, 8.816],
			"to": [6.64, 9.88, 9.156],
			"rotation": {"angle": 0, "axis": "y", "origin": [8, 9.2, 8]},
			"faces": {
				"north": {"uv": [0, 0, 1, 2], "rotation": 180, "texture": "#6"},
				"east": {"uv": [0, 0, 1, 2], "rotation": 180, "texture": "#6"},
				"south": {"uv": [0, 0, 1, 2], "rotation": 180, "texture": "#6"},
				"west": {"uv": [0, 0, 2, 2], "rotation": 180, "texture": "#6"},
				"up": {"uv": [0, 0, 1, 2], "texture": "#6"},
				"down": {"uv": [0, 0, 1, 2], "texture": "#6"}
			}
		},
		{
			"from": [9.496, 10.22, 8.68],
			"to": [9.836, 10.56, 8.748],
			"rotation": {"angle": 0, "axis": "y", "origin": [8, 9.2, 8]},
			"faces": {
				"north": {"uv": [0, 0, 1, 2], "rotation": 180, "texture": "#6"},
				"east": {"uv": [0, 0, 1, 2], "rotation": 180, "texture": "#6"},
				"south": {"uv": [0, 0, 2, 2], "rotation": 180, "texture": "#6"},
				"west": {"uv": [0, 0, 1, 2], "rotation": 180, "texture": "#6"},
				"up": {"uv": [0, 0, 1, 2], "rotation": 270, "texture": "#6"},
				"down": {"uv": [0, 0, 1, 2], "rotation": 90, "texture": "#6"}
			}
		},
		{
			"from": [9.36, 9.54, 6.844],
			"to": [9.428, 9.88, 7.184],
			"rotation": {"angle": 0, "axis": "y", "origin": [8, 9.2, 8]},
			"faces": {
				"north": {"uv": [0, 0, 1, 2], "rotation": 180, "texture": "#6"},
				"east": {"uv": [0, 0, 2, 2], "rotation": 180, "texture": "#6"},
				"south": {"uv": [0, 0, 1, 2], "rotation": 180, "texture": "#6"},
				"west": {"uv": [0, 0, 1, 2], "rotation": 180, "texture": "#6"},
				"up": {"uv": [0, 0, 1, 2], "rotation": 180, "texture": "#6"},
				"down": {"uv": [0, 0, 1, 2], "rotation": 180, "texture": "#6"}
			}
		},
		{
			"from": [6.844, 9.54, 6.572],
			"to": [7.184, 9.88, 6.64],
			"rotation": {"angle": 0, "axis": "y", "origin": [8, 9.2, 8]},
			"faces": {
				"north": {"uv": [0, 0, 2, 2], "rotation": 180, "texture": "#6"},
				"east": {"uv": [0, 0, 1, 2], "rotation": 180, "texture": "#6"},
				"south": {"uv": [0, 0, 1, 2], "rotation": 180, "texture": "#6"},
				"west": {"uv": [0, 0, 1, 2], "rotation": 180, "texture": "#6"},
				"up": {"uv": [0, 0, 1, 2], "rotation": 90, "texture": "#6"},
				"down": {"uv": [0, 0, 1, 2], "rotation": 270, "texture": "#6"}
			}
		},
		{
			"from": [6.776, 10.9, 9.36],
			"to": [6.912, 11.036, 9.428],
			"rotation": {"angle": 0, "axis": "y", "origin": [8, 9.2, 8]},
			"faces": {
				"north": {"uv": [0, 0, 1, 2], "rotation": 180, "texture": "#6"},
				"east": {"uv": [0, 0, 1, 2], "rotation": 180, "texture": "#6"},
				"south": {"uv": [0, 0, 1, 2], "rotation": 180, "texture": "#6"},
				"west": {"uv": [0, 0, 1, 2], "rotation": 180, "texture": "#6"},
				"up": {"uv": [0, 0, 1, 2], "rotation": 270, "texture": "#6"},
				"down": {"uv": [0, 0, 1, 2], "rotation": 90, "texture": "#6"}
			}
		},
		{
			"from": [9.36, 10.9, 8.884],
			"to": [9.428, 11.24, 9.224],
			"rotation": {"angle": 0, "axis": "y", "origin": [8, 9.2, 8]},
			"faces": {
				"north": {"uv": [0, 0, 1, 2], "rotation": 180, "texture": "#6"},
				"east": {"uv": [0, 0, 2, 2], "rotation": 180, "texture": "#6"},
				"south": {"uv": [0, 0, 1, 2], "rotation": 180, "texture": "#6"},
				"west": {"uv": [0, 0, 1, 2], "rotation": 180, "texture": "#6"},
				"up": {"uv": [0, 0, 1, 2], "rotation": 180, "texture": "#6"},
				"down": {"uv": [0, 0, 1, 2], "rotation": 180, "texture": "#6"}
			}
		},
		{
			"from": [8.884, 10.9, 6.572],
			"to": [9.156, 11.172, 6.64],
			"rotation": {"angle": 0, "axis": "y", "origin": [8, 9.2, 8]},
			"faces": {
				"north": {"uv": [0, 0, 2, 2], "rotation": 180, "texture": "#6"},
				"east": {"uv": [0, 0, 1, 2], "rotation": 180, "texture": "#6"},
				"south": {"uv": [0, 0, 1, 2], "rotation": 180, "texture": "#6"},
				"west": {"uv": [0, 0, 1, 2], "rotation": 180, "texture": "#6"},
				"up": {"uv": [0, 0, 1, 2], "rotation": 90, "texture": "#6"},
				"down": {"uv": [0, 0, 1, 2], "rotation": 270, "texture": "#6"}
			}
		},
		{
			"from": [6.572, 10.9, 6.776],
			"to": [6.64, 11.104, 6.98],
			"rotation": {"angle": 0, "axis": "y", "origin": [8, 9.2, 8]},
			"faces": {
				"north": {"uv": [0, 0, 1, 2], "rotation": 180, "texture": "#6"},
				"east": {"uv": [0, 0, 1, 2], "rotation": 180, "texture": "#6"},
				"south": {"uv": [0, 0, 1, 2], "rotation": 180, "texture": "#6"},
				"west": {"uv": [0, 0, 2, 2], "rotation": 180, "texture": "#6"},
				"up": {"uv": [0, 0, 1, 2], "texture": "#6"},
				"down": {"uv": [0, 0, 1, 2], "texture": "#6"}
			}
		},
		{
			"from": [6.096, 8.792, 10.04],
			"to": [6.436, 9.132, 10.108],
			"rotation": {"angle": 0, "axis": "y", "origin": [8, 9.2, 8]},
			"faces": {
				"north": {"uv": [0, 0, 1, 2], "rotation": 180, "texture": "#6"},
				"east": {"uv": [0, 0, 1, 2], "rotation": 180, "texture": "#6"},
				"south": {"uv": [0, 0, 2, 2], "rotation": 180, "texture": "#6"},
				"west": {"uv": [0, 0, 1, 2], "rotation": 180, "texture": "#6"},
				"up": {"uv": [0, 0, 1, 2], "rotation": 270, "texture": "#6"},
				"down": {"uv": [0, 0, 1, 2], "rotation": 90, "texture": "#6"}
			}
		},
		{
			"from": [8.68, 9.472, 9.564],
			"to": [8.748, 9.812, 9.904],
			"rotation": {"angle": 0, "axis": "y", "origin": [8, 9.2, 8]},
			"faces": {
				"north": {"uv": [0, 0, 1, 2], "rotation": 180, "texture": "#6"},
				"east": {"uv": [0, 0, 2, 2], "rotation": 180, "texture": "#6"},
				"south": {"uv": [0, 0, 1, 2], "rotation": 180, "texture": "#6"},
				"west": {"uv": [0, 0, 1, 2], "rotation": 180, "texture": "#6"},
				"up": {"uv": [0, 0, 1, 2], "rotation": 180, "texture": "#6"},
				"down": {"uv": [0, 0, 1, 2], "rotation": 180, "texture": "#6"}
			}
		},
		{
			"from": [7.388, 10.084, 5.892],
			"to": [7.728, 10.424, 5.96],
			"rotation": {"angle": 0, "axis": "y", "origin": [8, 9.2, 8]},
			"faces": {
				"north": {"uv": [0, 0, 2, 2], "rotation": 270, "texture": "#6"},
				"east": {"uv": [0, 0, 1, 2], "rotation": 180, "texture": "#6"},
				"south": {"uv": [0, 0, 1, 2], "rotation": 90, "texture": "#6"},
				"west": {"uv": [0, 0, 1, 2], "texture": "#6"},
				"up": {"uv": [0, 0, 1, 2], "rotation": 90, "texture": "#6"},
				"down": {"uv": [0, 0, 1, 2], "rotation": 90, "texture": "#6"}
			}
		},
		{
			"from": [7.252, 11.444, 9.02],
			"to": [7.32, 11.784, 9.36],
			"rotation": {"angle": 0, "axis": "y", "origin": [8, 9.2, 8]},
			"faces": {
				"north": {"uv": [0, 0, 1, 2], "rotation": 180, "texture": "#6"},
				"east": {"uv": [0, 0, 1, 2], "rotation": 90, "texture": "#6"},
				"south": {"uv": [0, 0, 1, 2], "texture": "#6"},
				"west": {"uv": [0, 0, 2, 2], "rotation": 270, "texture": "#6"},
				"up": {"uv": [0, 0, 1, 2], "texture": "#6"},
				"down": {"uv": [0, 0, 1, 2], "rotation": 180, "texture": "#6"}
			}
		},
		{
			"from": [9.02, 10.084, 9.36],
			"to": [9.36, 10.424, 9.428],
			"rotation": {"angle": 0, "axis": "y", "origin": [8, 9.2, 8]},
			"faces": {
				"north": {"uv": [0, 0, 1, 2], "rotation": 90, "texture": "#6"},
				"east": {"uv": [0, 0, 1, 2], "texture": "#6"},
				"south": {"uv": [0, 0, 2, 2], "rotation": 270, "texture": "#6"},
				"west": {"uv": [0, 0, 1, 2], "rotation": 180, "texture": "#6"},
				"up": {"uv": [0, 0, 1, 2], "rotation": 270, "texture": "#6"},
				"down": {"uv": [0, 0, 1, 2], "rotation": 270, "texture": "#6"}
			}
		},
		{
			"from": [8.68, 11.444, 6.64],
			"to": [8.748, 11.784, 6.98],
			"rotation": {"angle": 0, "axis": "y", "origin": [8, 9.2, 8]},
			"faces": {
				"north": {"uv": [0, 0, 1, 2], "texture": "#6"},
				"east": {"uv": [0, 0, 2, 2], "rotation": 270, "texture": "#6"},
				"south": {"uv": [0, 0, 1, 2], "rotation": 180, "texture": "#6"},
				"west": {"uv": [0, 0, 1, 2], "rotation": 90, "texture": "#6"},
				"up": {"uv": [0, 0, 1, 2], "rotation": 180, "texture": "#6"},
				"down": {"uv": [0, 0, 1, 2], "texture": "#6"}
			}
		},
		{
			"from": [7.32, 11.444, 6.572],
			"to": [7.66, 11.784, 6.64],
			"rotation": {"angle": 0, "axis": "y", "origin": [8, 9.2, 8]},
			"faces": {
				"north": {"uv": [0, 0, 2, 2], "rotation": 270, "texture": "#6"},
				"east": {"uv": [0, 0, 1, 2], "rotation": 180, "texture": "#6"},
				"south": {"uv": [0, 0, 1, 2], "rotation": 90, "texture": "#6"},
				"west": {"uv": [0, 0, 1, 2], "texture": "#6"},
				"up": {"uv": [0, 0, 1, 2], "rotation": 90, "texture": "#6"},
				"down": {"uv": [0, 0, 1, 2], "rotation": 90, "texture": "#6"}
			}
		},
		{
			"from": [7.32, 11.24, 6.64],
			"to": [8.68, 11.92, 7.32],
			"rotation": {"angle": 0, "axis": "y", "origin": [8, 9.2, 8]},
			"faces": {
				"north": {"uv": [0, 0, 2, 1], "texture": "#5"},
				"east": {"uv": [0, 0, 1, 1], "texture": "#5"},
				"south": {"uv": [0, 0, 2, 1], "texture": "#5"},
				"west": {"uv": [0, 0, 1, 1], "texture": "#5"},
				"up": {"uv": [0, 0, 2, 1], "texture": "#5"},
				"down": {"uv": [0, 0, 2, 1], "texture": "#5"}
			}
		},
		{
			"from": [6.64, 11.24, 7.32],
			"to": [9.36, 11.92, 8.68],
			"rotation": {"angle": 0, "axis": "y", "origin": [8, 9.2, 8]},
			"faces": {
				"north": {"uv": [0, 0, 4, 1], "texture": "#5"},
				"east": {"uv": [0, 0, 2, 1], "texture": "#5"},
				"south": {"uv": [0, 0, 4, 1], "texture": "#5"},
				"west": {"uv": [0, 0, 2, 1], "texture": "#5"},
				"up": {"uv": [0, 0, 4, 2], "texture": "#5"},
				"down": {"uv": [0, 0, 4, 2], "texture": "#5"}
			}
		},
		{
			"from": [7.32, 11.24, 8.68],
			"to": [8.68, 11.92, 9.36],
			"rotation": {"angle": 0, "axis": "y", "origin": [8, 9.2, 8]},
			"faces": {
				"north": {"uv": [0, 0, 2, 1], "texture": "#5"},
				"east": {"uv": [0, 0, 1, 1], "texture": "#5"},
				"south": {"uv": [0, 0, 2, 1], "texture": "#5"},
				"west": {"uv": [0, 0, 1, 1], "texture": "#5"},
				"up": {"uv": [0, 0, 2, 1], "texture": "#5"},
				"down": {"uv": [0, 0, 2, 1], "texture": "#5"}
			}
		},
		{
			"from": [8.68, 9.2, 8.68],
			"to": [9.36, 11.24, 9.36],
			"rotation": {"angle": 0, "axis": "y", "origin": [8, 9.2, 8]},
			"faces": {
				"north": {"uv": [0, 0, 1, 3], "texture": "#4"},
				"east": {"uv": [0, 0, 1, 3], "texture": "#4"},
				"south": {"uv": [0, 0, 1, 3], "texture": "#4"},
				"west": {"uv": [0, 0, 1, 3], "texture": "#4"},
				"up": {"uv": [0, 0, 1, 1], "texture": "#4"},
				"down": {"uv": [0, 0, 1, 1], "texture": "#4"}
			}
		},
		{
			"from": [7.32, 9.2, 9.36],
			"to": [8.68, 11.24, 10.04],
			"rotation": {"angle": 0, "axis": "y", "origin": [8, 9.2, 8]},
			"faces": {
				"north": {"uv": [0, 0, 2, 3], "texture": "#4"},
				"east": {"uv": [0, 0, 1, 3], "texture": "#4"},
				"south": {"uv": [0, 0, 2, 3], "texture": "#4"},
				"west": {"uv": [0, 0, 1, 3], "texture": "#4"},
				"up": {"uv": [0, 0, 1, 2], "rotation": 90, "texture": "#4"},
				"down": {"uv": [0, 0, 1, 2], "rotation": 270, "texture": "#4"}
			}
		},
		{
			"from": [6.64, 9.2, 8.68],
			"to": [7.32, 11.24, 9.36],
			"rotation": {"angle": 0, "axis": "y", "origin": [8, 9.2, 8]},
			"faces": {
				"north": {"uv": [0, 0, 1, 3], "texture": "#4"},
				"east": {"uv": [0, 0, 1, 3], "texture": "#4"},
				"south": {"uv": [0, 0, 1, 3], "texture": "#4"},
				"west": {"uv": [0, 0, 1, 3], "texture": "#4"},
				"up": {"uv": [0, 0, 1, 1], "rotation": 90, "texture": "#4"},
				"down": {"uv": [0, 0, 1, 1], "rotation": 270, "texture": "#4"}
			}
		},
		{
			"from": [5.96, 9.2, 7.32],
			"to": [6.64, 11.24, 8.68],
			"rotation": {"angle": 0, "axis": "y", "origin": [8, 9.2, 8]},
			"faces": {
				"north": {"uv": [0, 0, 1, 3], "texture": "#4"},
				"east": {"uv": [0, 0, 2, 3], "texture": "#4"},
				"south": {"uv": [0, 0, 1, 3], "texture": "#4"},
				"west": {"uv": [0, 0, 2, 3], "texture": "#4"},
				"up": {"uv": [0, 0, 1, 2], "rotation": 180, "texture": "#4"},
				"down": {"uv": [0, 0, 1, 2], "rotation": 180, "texture": "#4"}
			}
		},
		{
			"from": [7.32, 9.2, 5.96],
			"to": [8.68, 11.24, 6.64],
			"rotation": {"angle": 0, "axis": "y", "origin": [8, 9.2, 8]},
			"faces": {
				"north": {"uv": [0, 0, 2, 3], "texture": "#4"},
				"east": {"uv": [0, 0, 1, 3], "texture": "#4"},
				"south": {"uv": [0, 0, 2, 3], "texture": "#4"},
				"west": {"uv": [0, 0, 1, 3], "texture": "#4"},
				"up": {"uv": [0, 0, 1, 2], "rotation": 270, "texture": "#4"},
				"down": {"uv": [0, 0, 1, 2], "rotation": 90, "texture": "#4"}
			}
		},
		{
			"from": [6.64, 9.2, 6.64],
			"to": [7.32, 11.24, 7.32],
			"rotation": {"angle": 0, "axis": "y", "origin": [8, 9.2, 8]},
			"faces": {
				"north": {"uv": [0, 0, 1, 3], "texture": "#4"},
				"east": {"uv": [0, 0, 1, 3], "texture": "#4"},
				"south": {"uv": [0, 0, 1, 3], "texture": "#4"},
				"west": {"uv": [0, 0, 1, 3], "texture": "#4"},
				"up": {"uv": [0, 0, 1, 1], "rotation": 180, "texture": "#4"},
				"down": {"uv": [0, 0, 1, 1], "rotation": 180, "texture": "#4"}
			}
		},
		{
			"from": [8.68, 9.2, 6.64],
			"to": [9.36, 11.24, 7.32],
			"rotation": {"angle": 0, "axis": "y", "origin": [8, 9.2, 8]},
			"faces": {
				"north": {"uv": [0, 0, 1, 3], "texture": "#4"},
				"east": {"uv": [0, 0, 1, 3], "texture": "#4"},
				"south": {"uv": [0, 0, 1, 3], "texture": "#4"},
				"west": {"uv": [0, 0, 1, 3], "texture": "#4"},
				"up": {"uv": [0, 0, 1, 1], "rotation": 270, "texture": "#4"},
				"down": {"uv": [0, 0, 1, 1], "rotation": 90, "texture": "#4"}
			}
		},
		{
			"from": [9.36, 9.2, 7.32],
			"to": [10.04, 11.24, 8.68],
			"rotation": {"angle": 0, "axis": "y", "origin": [8, 9.2, 8]},
			"faces": {
				"north": {"uv": [0, 0, 1, 3], "texture": "#4"},
				"east": {"uv": [0, 0, 2, 3], "texture": "#4"},
				"south": {"uv": [0, 0, 1, 3], "texture": "#4"},
				"west": {"uv": [0, 0, 2, 3], "texture": "#4"},
				"up": {"uv": [0, 0, 1, 2], "texture": "#4"},
				"down": {"uv": [0, 0, 1, 2], "texture": "#4"}
			}
		},
		{
			"from": [5.96, 8.52, 9.36],
			"to": [7.32, 9.2, 10.04],
			"rotation": {"angle": 0, "axis": "y", "origin": [8, 9.2, 8]},
			"faces": {
				"north": {"uv": [0, 0, 2, 1], "texture": "#3"},
				"east": {"uv": [0, 0, 1, 1], "texture": "#3"},
				"south": {"uv": [0, 0, 2, 1], "texture": "#3"},
				"west": {"uv": [0, 0, 1, 1], "texture": "#3"},
				"up": {"uv": [0, 0, 1, 2], "rotation": 90, "texture": "#3"},
				"down": {"uv": [0, 0, 1, 2], "rotation": 270, "texture": "#3"}
			}
		},
		{
			"from": [5.96, 8.52, 8.68],
			"to": [6.64, 9.2, 9.36],
			"rotation": {"angle": 0, "axis": "y", "origin": [8, 9.2, 8]},
			"faces": {
				"north": {"uv": [0, 0, 1, 1], "texture": "#3"},
				"east": {"uv": [0, 0, 1, 1], "texture": "#3"},
				"south": {"uv": [0, 0, 1, 1], "texture": "#3"},
				"west": {"uv": [0, 0, 1, 1], "texture": "#3"},
				"up": {"uv": [0, 0, 1, 1], "rotation": 180, "texture": "#3"},
				"down": {"uv": [0, 0, 1, 1], "rotation": 180, "texture": "#3"}
			}
		},
		{
			"from": [6.64, 8.52, 5.96],
			"to": [7.32, 9.2, 6.64],
			"rotation": {"angle": 0, "axis": "y", "origin": [8, 9.2, 8]},
			"faces": {
				"north": {"uv": [0, 0, 1, 1], "texture": "#3"},
				"east": {"uv": [0, 0, 1, 1], "texture": "#3"},
				"south": {"uv": [0, 0, 1, 1], "texture": "#3"},
				"west": {"uv": [0, 0, 1, 1], "texture": "#3"},
				"up": {"uv": [0, 0, 1, 1], "rotation": 270, "texture": "#3"},
				"down": {"uv": [0, 0, 1, 1], "rotation": 90, "texture": "#3"}
			}
		},
		{
			"from": [9.36, 8.52, 6.64],
			"to": [10.04, 9.2, 7.32],
			"rotation": {"angle": 0, "axis": "y", "origin": [8, 9.2, 8]},
			"faces": {
				"north": {"uv": [0, 0, 1, 1], "texture": "#3"},
				"east": {"uv": [0, 0, 1, 1], "texture": "#3"},
				"south": {"uv": [0, 0, 1, 1], "texture": "#3"},
				"west": {"uv": [0, 0, 1, 1], "texture": "#3"},
				"up": {"uv": [0, 0, 1, 1], "texture": "#3"},
				"down": {"uv": [0, 0, 1, 1], "texture": "#3"}
			}
		},
		{
			"from": [8.68, 8.52, 9.36],
			"to": [9.36, 9.2, 10.04],
			"rotation": {"angle": 0, "axis": "y", "origin": [8, 9.2, 8]},
			"faces": {
				"north": {"uv": [0, 0, 1, 1], "texture": "#3"},
				"east": {"uv": [0, 0, 1, 1], "texture": "#3"},
				"south": {"uv": [0, 0, 1, 1], "texture": "#3"},
				"west": {"uv": [0, 0, 1, 1], "texture": "#3"},
				"up": {"uv": [0, 0, 1, 1], "rotation": 90, "texture": "#3"},
				"down": {"uv": [0, 0, 1, 1], "rotation": 270, "texture": "#3"}
			}
		},
		{
			"from": [5.96, 8.52, 5.96],
			"to": [6.64, 9.2, 7.32],
			"rotation": {"angle": 0, "axis": "y", "origin": [8, 9.2, 8]},
			"faces": {
				"north": {"uv": [0, 0, 1, 1], "texture": "#3"},
				"east": {"uv": [0, 0, 2, 1], "texture": "#3"},
				"south": {"uv": [0, 0, 1, 1], "texture": "#3"},
				"west": {"uv": [0, 0, 2, 1], "texture": "#3"},
				"up": {"uv": [0, 0, 1, 2], "rotation": 180, "texture": "#3"},
				"down": {"uv": [0, 0, 1, 2], "rotation": 180, "texture": "#3"}
			}
		},
		{
			"from": [8.68, 8.52, 5.96],
			"to": [10.04, 9.2, 6.64],
			"rotation": {"angle": 0, "axis": "y", "origin": [8, 9.2, 8]},
			"faces": {
				"north": {"uv": [0, 0, 2, 1], "texture": "#3"},
				"east": {"uv": [0, 0, 1, 1], "texture": "#3"},
				"south": {"uv": [0, 0, 2, 1], "texture": "#3"},
				"west": {"uv": [0, 0, 1, 1], "texture": "#3"},
				"up": {"uv": [0, 0, 1, 2], "rotation": 270, "texture": "#3"},
				"down": {"uv": [0, 0, 1, 2], "rotation": 90, "texture": "#3"}
			}
		},
		{
			"from": [9.36, 8.52, 8.68],
			"to": [10.04, 9.2, 10.04],
			"rotation": {"angle": 0, "axis": "y", "origin": [8, 9.2, 8]},
			"faces": {
				"north": {"uv": [0, 0, 1, 1], "texture": "#3"},
				"east": {"uv": [0, 0, 2, 1], "texture": "#3"},
				"south": {"uv": [0, 0, 1, 1], "texture": "#3"},
				"west": {"uv": [0, 0, 2, 1], "texture": "#3"},
				"up": {"uv": [0, 0, 1, 2], "texture": "#3"},
				"down": {"uv": [0, 0, 1, 2], "texture": "#3"}
			}
		},
		{
			"from": [7.32, 8.52, 10.04],
			"to": [8.68, 9.2, 10.72],
			"rotation": {"angle": 0, "axis": "y", "origin": [8, 9.2, 8]},
			"faces": {
				"north": {"uv": [0, 0, 2, 1], "texture": "#3"},
				"east": {"uv": [0, 0, 1, 1], "texture": "#3"},
				"south": {"uv": [0, 0, 2, 1], "texture": "#3"},
				"west": {"uv": [0, 0, 1, 1], "texture": "#3"},
				"up": {"uv": [0, 0, 1, 2], "rotation": 90, "texture": "#3"},
				"down": {"uv": [0, 0, 1, 2], "rotation": 270, "texture": "#3"}
			}
		},
		{
			"from": [5.28, 8.52, 7.32],
			"to": [5.96, 9.2, 8.68],
			"rotation": {"angle": 0, "axis": "y", "origin": [8, 9.2, 8]},
			"faces": {
				"north": {"uv": [0, 0, 1, 1], "texture": "#3"},
				"east": {"uv": [0, 0, 2, 1], "texture": "#3"},
				"south": {"uv": [0, 0, 1, 1], "texture": "#3"},
				"west": {"uv": [0, 0, 2, 1], "texture": "#3"},
				"up": {"uv": [0, 0, 1, 2], "rotation": 180, "texture": "#3"},
				"down": {"uv": [0, 0, 1, 2], "rotation": 180, "texture": "#3"}
			}
		},
		{
			"from": [7.32, 8.52, 5.28],
			"to": [8.68, 9.2, 5.96],
			"rotation": {"angle": 0, "axis": "y", "origin": [8, 9.2, 8]},
			"faces": {
				"north": {"uv": [0, 0, 2, 1], "texture": "#3"},
				"east": {"uv": [0, 0, 1, 1], "texture": "#3"},
				"south": {"uv": [0, 0, 2, 1], "texture": "#3"},
				"west": {"uv": [0, 0, 1, 1], "texture": "#3"},
				"up": {"uv": [0, 0, 1, 2], "rotation": 270, "texture": "#3"},
				"down": {"uv": [0, 0, 1, 2], "rotation": 90, "texture": "#3"}
			}
		},
		{
			"from": [10.04, 8.52, 7.32],
			"to": [10.72, 9.2, 8.68],
			"rotation": {"angle": 0, "axis": "y", "origin": [8, 9.2, 8]},
			"faces": {
				"north": {"uv": [0, 0, 1, 1], "texture": "#3"},
				"east": {"uv": [0, 0, 2, 1], "texture": "#3"},
				"south": {"uv": [0, 0, 1, 1], "texture": "#3"},
				"west": {"uv": [0, 0, 2, 1], "texture": "#3"},
				"up": {"uv": [0, 0, 1, 2], "texture": "#3"},
				"down": {"uv": [0, 0, 1, 2], "texture": "#3"}
			}
		},
		{
			"from": [5.96, 7.84, 5.28],
			"to": [7.32, 8.52, 5.96],
			"rotation": {"angle": 0, "axis": "y", "origin": [8, 5.8, 7.32]},
			"faces": {
				"north": {"uv": [0, 0, 2, 1], "texture": "#2"},
				"east": {"uv": [0, 0, 1, 1], "texture": "#2"},
				"south": {"uv": [0, 0, 2, 1], "texture": "#2"},
				"west": {"uv": [0, 0, 1, 1], "texture": "#2"},
				"up": {"uv": [0, 0, 1, 2], "rotation": 270, "texture": "#2"},
				"down": {"uv": [0, 0, 1, 2], "rotation": 90, "texture": "#2"}
			}
		},
		{
			"from": [8.68, 7.84, 10.04],
			"to": [10.04, 8.52, 10.72],
			"rotation": {"angle": 0, "axis": "y", "origin": [8.68, 5.8, 8]},
			"faces": {
				"north": {"uv": [0, 0, 2, 1], "texture": "#2"},
				"east": {"uv": [0, 0, 1, 1], "texture": "#2"},
				"south": {"uv": [0, 0, 2, 1], "texture": "#2"},
				"west": {"uv": [0, 0, 1, 1], "texture": "#2"},
				"up": {"uv": [0, 0, 1, 2], "rotation": 90, "texture": "#2"},
				"down": {"uv": [0, 0, 1, 2], "rotation": 270, "texture": "#2"}
			}
		},
		{
			"from": [10.04, 7.84, 5.96],
			"to": [10.72, 8.52, 7.32],
			"rotation": {"angle": 0, "axis": "y", "origin": [8, 5.8, 7.32]},
			"faces": {
				"north": {"uv": [0, 0, 1, 1], "texture": "#2"},
				"east": {"uv": [0, 0, 2, 1], "texture": "#2"},
				"south": {"uv": [0, 0, 1, 1], "texture": "#2"},
				"west": {"uv": [0, 0, 2, 1], "texture": "#2"},
				"up": {"uv": [0, 0, 1, 2], "texture": "#2"},
				"down": {"uv": [0, 0, 1, 2], "texture": "#2"}
			}
		},
		{
			"from": [5.28, 7.84, 8.68],
			"to": [5.96, 8.52, 10.04],
			"rotation": {"angle": 0, "axis": "y", "origin": [8.68, 5.8, 8]},
			"faces": {
				"north": {"uv": [0, 0, 1, 1], "texture": "#2"},
				"east": {"uv": [0, 0, 2, 1], "texture": "#2"},
				"south": {"uv": [0, 0, 1, 1], "texture": "#2"},
				"west": {"uv": [0, 0, 2, 1], "texture": "#2"},
				"up": {"uv": [0, 0, 1, 2], "rotation": 180, "texture": "#2"},
				"down": {"uv": [0, 0, 1, 2], "rotation": 180, "texture": "#2"}
			}
		},
		{
			"from": [4.6, 7.84, 7.32],
			"to": [5.28, 8.52, 8.68],
			"rotation": {"angle": 0, "axis": "y", "origin": [7.32, 5.8, 8]},
			"faces": {
				"north": {"uv": [0, 0, 1, 1], "texture": "#2"},
				"east": {"uv": [0, 0, 2, 1], "texture": "#2"},
				"south": {"uv": [0, 0, 1, 1], "texture": "#2"},
				"west": {"uv": [0, 0, 2, 1], "texture": "#2"},
				"up": {"uv": [0, 0, 1, 2], "rotation": 180, "texture": "#2"},
				"down": {"uv": [0, 0, 1, 2], "rotation": 180, "texture": "#2"}
			}
		},
		{
			"from": [10.72, 7.84, 7.32],
			"to": [11.4, 8.52, 8.68],
			"rotation": {"angle": 0, "axis": "y", "origin": [8.68, 5.8, 8]},
			"faces": {
				"north": {"uv": [0, 0, 1, 1], "texture": "#2"},
				"east": {"uv": [0, 0, 2, 1], "texture": "#2"},
				"south": {"uv": [0, 0, 1, 1], "texture": "#2"},
				"west": {"uv": [0, 0, 2, 1], "texture": "#2"},
				"up": {"uv": [0, 0, 1, 2], "texture": "#2"},
				"down": {"uv": [0, 0, 1, 2], "texture": "#2"}
			}
		},
		{
			"from": [7.32, 7.84, 4.6],
			"to": [8.68, 8.52, 5.28],
			"rotation": {"angle": 0, "axis": "y", "origin": [8, 5.8, 7.32]},
			"faces": {
				"north": {"uv": [0, 0, 2, 1], "texture": "#2"},
				"east": {"uv": [0, 0, 1, 1], "texture": "#2"},
				"south": {"uv": [0, 0, 2, 1], "texture": "#2"},
				"west": {"uv": [0, 0, 1, 1], "texture": "#2"},
				"up": {"uv": [0, 0, 1, 2], "rotation": 270, "texture": "#2"},
				"down": {"uv": [0, 0, 1, 2], "rotation": 90, "texture": "#2"}
			}
		},
		{
			"from": [7.32, 7.84, 10.72],
			"to": [8.68, 8.52, 11.4],
			"rotation": {"angle": 0, "axis": "y", "origin": [8.68, 5.8, 8]},
			"faces": {
				"north": {"uv": [0, 0, 2, 1], "texture": "#2"},
				"east": {"uv": [0, 0, 1, 1], "texture": "#2"},
				"south": {"uv": [0, 0, 2, 1], "texture": "#2"},
				"west": {"uv": [0, 0, 1, 1], "texture": "#2"},
				"up": {"uv": [0, 0, 1, 2], "rotation": 90, "texture": "#2"},
				"down": {"uv": [0, 0, 1, 2], "rotation": 270, "texture": "#2"}
			}
		},
		{
			"from": [5.28, 7.84, 5.96],
			"to": [5.96, 8.52, 7.32],
			"rotation": {"angle": 0, "axis": "y", "origin": [7.32, 5.8, 8]},
			"faces": {
				"north": {"uv": [0, 0, 1, 1], "texture": "#2"},
				"east": {"uv": [0, 0, 2, 1], "texture": "#2"},
				"south": {"uv": [0, 0, 1, 1], "texture": "#2"},
				"west": {"uv": [0, 0, 2, 1], "texture": "#2"},
				"up": {"uv": [0, 0, 1, 2], "rotation": 180, "texture": "#2"},
				"down": {"uv": [0, 0, 1, 2], "rotation": 180, "texture": "#2"}
			}
		},
		{
			"from": [10.04, 7.84, 8.68],
			"to": [10.72, 8.52, 10.04],
			"rotation": {"angle": 0, "axis": "y", "origin": [8.68, 5.8, 8]},
			"faces": {
				"north": {"uv": [0, 0, 1, 1], "texture": "#2"},
				"east": {"uv": [0, 0, 2, 1], "texture": "#2"},
				"south": {"uv": [0, 0, 1, 1], "texture": "#2"},
				"west": {"uv": [0, 0, 2, 1], "texture": "#2"},
				"up": {"uv": [0, 0, 1, 2], "texture": "#2"},
				"down": {"uv": [0, 0, 1, 2], "texture": "#2"}
			}
		},
		{
			"from": [8.68, 7.84, 5.28],
			"to": [10.04, 8.52, 5.96],
			"rotation": {"angle": 0, "axis": "y", "origin": [8, 5.8, 7.32]},
			"faces": {
				"north": {"uv": [0, 0, 2, 1], "texture": "#2"},
				"east": {"uv": [0, 0, 1, 1], "texture": "#2"},
				"south": {"uv": [0, 0, 2, 1], "texture": "#2"},
				"west": {"uv": [0, 0, 1, 1], "texture": "#2"},
				"up": {"uv": [0, 0, 1, 2], "rotation": 270, "texture": "#2"},
				"down": {"uv": [0, 0, 1, 2], "rotation": 90, "texture": "#2"}
			}
		},
		{
			"from": [5.96, 7.84, 10.04],
			"to": [7.32, 8.52, 10.72],
			"rotation": {"angle": 0, "axis": "y", "origin": [8.68, 5.8, 8]},
			"faces": {
				"north": {"uv": [0, 0, 2, 1], "texture": "#2"},
				"east": {"uv": [0, 0, 1, 1], "texture": "#2"},
				"south": {"uv": [0, 0, 2, 1], "texture": "#2"},
				"west": {"uv": [0, 0, 1, 1], "texture": "#2"},
				"up": {"uv": [0, 0, 1, 2], "rotation": 90, "texture": "#2"},
				"down": {"uv": [0, 0, 1, 2], "rotation": 270, "texture": "#2"}
			}
		},
		{
			"from": [7.32, 3.76, 7.32],
			"to": [8.68, 11.24, 8.68],
			"rotation": {"angle": 0, "axis": "y", "origin": [8, 9.2, 8]},
			"faces": {
				"north": {"uv": [0, 0, 2, 11], "texture": "#1"},
				"east": {"uv": [0, 0, 2, 11], "texture": "#1"},
				"south": {"uv": [14, 0, 16, 11], "texture": "#1"},
				"west": {"uv": [4, 0, 6, 11], "texture": "#1"},
				"up": {"uv": [2, 0, 4, 2], "texture": "#1"},
				"down": {"uv": [2, 0, 4, 2], "texture": "#1"}
			}
		},
		{
			"from": [6, 0, 6],
			"to": [10, 4, 10],
			"color": 6,
			"faces": {
				"up": {"uv": [6, 6, 10, 10], "texture": "#dirt"},
				"down": {"uv": [6, 12, 10, 16], "texture": "#flowerpot", "cullface": "down"}
			}
		},
		{
			"from": [5, 0, 5],
			"to": [6, 6, 11],
			"color": 1,
			"faces": {
				"north": {"uv": [10, 10, 11, 16], "texture": "#flowerpot"},
				"east": {"uv": [5, 10, 11, 16], "texture": "#flowerpot"},
				"south": {"uv": [5, 10, 6, 16], "texture": "#flowerpot"},
				"west": {"uv": [5, 10, 11, 16], "texture": "#flowerpot"},
				"up": {"uv": [5, 5, 6, 11], "texture": "#flowerpot"},
				"down": {"uv": [5, 5, 6, 11], "texture": "#flowerpot", "cullface": "down"}
			}
		},
		{
			"from": [10, 0, 5],
			"to": [11, 6, 11],
			"color": 5,
			"faces": {
				"north": {"uv": [5, 10, 6, 16], "texture": "#flowerpot"},
				"east": {"uv": [5, 10, 11, 16], "texture": "#flowerpot"},
				"south": {"uv": [10, 10, 11, 16], "texture": "#flowerpot"},
				"west": {"uv": [5, 10, 11, 16], "texture": "#flowerpot"},
				"up": {"uv": [10, 5, 11, 11], "texture": "#flowerpot"},
				"down": {"uv": [10, 5, 11, 11], "texture": "#flowerpot", "cullface": "down"}
			}
		},
		{
			"from": [6, 0, 5],
			"to": [10, 6, 6],
			"color": 4,
			"faces": {
				"north": {"uv": [6, 10, 10, 16], "texture": "#flowerpot"},
				"south": {"uv": [6, 10, 10, 16], "texture": "#flowerpot"},
				"up": {"uv": [6, 5, 10, 6], "texture": "#flowerpot"},
				"down": {"uv": [6, 10, 10, 11], "texture": "#flowerpot", "cullface": "down"}
			}
		},
		{
			"from": [6, 0, 10],
			"to": [10, 6, 11],
			"color": 0,
			"faces": {
				"north": {"uv": [6, 10, 10, 16], "texture": "#flowerpot"},
				"south": {"uv": [6, 10, 10, 16], "texture": "#flowerpot"},
				"up": {"uv": [6, 10, 10, 11], "texture": "#flowerpot"},
				"down": {"uv": [6, 5, 10, 6], "texture": "#flowerpot", "cullface": "down"}
			}
		}
	],
	"groups": [
		{
			"name": "group",
			"origin": [8, 8, 8],
			"children": [
				{
					"name": "Mushroom spores",
					"origin": [8, 8, 8],
					"children": [0, 1, 2, 3, 4, 5, 6, 7, 8, 9, 10, 11, 12, 13, 14, 15, 16, 17, 18, 19, 20, 21]
				},
				{
					"name": "top",
					"origin": [8, 8, 8],
					"children": [22, 23, 24]
				},
				{
					"name": "tube",
					"origin": [8, 8, 8],
					"children": [25, 26, 27, 28, 29, 30, 31, 32]
				},
				{
					"name": "Ringmid",
					"origin": [8, 8, 8],
					"children": [33, 34, 35, 36, 37, 38, 39, 40, 41, 42, 43, 44]
				},
				{
					"name": "Ring",
					"origin": [9, 8, 8],
					"children": [45, 46, 47, 48, 49, 50, 51, 52, 53, 54, 55, 56]
				}, 57]
		}, 58, 59, 60, 61, 62]
}