{
	"credit": "Made with Blockbenchby technodono",
	"parent": "minecraft:block/cube_bottom_top",
	"textures": {
		"3": "block/nether_portal",
		"4": "block/respawn_anchor_side4",
		"top": "block/respawn_anchor_top_off",
		"bottom": "block/respawn_anchor_bottom",
		"side": "block/respawn_anchor_side0",
		"particle": "block/respawn_anchor_side1"
	},
	"elements": [
		{
			"from": [0, 3, 3],
			"to": [3, 16, 13],
			"faces": {
				"north": {"uv": [0, 0, 3, 13], "texture": "#side"},
				"east": {"uv": [3, 0, 13, 13], "texture": "#bottom"},
				"south": {"uv": [0, 0, 3, 13], "texture": "#side"},
				"west": {"uv": [3, 0, 13, 13], "texture": "#side"},
				"up": {"uv": [0, 3, 3, 13], "texture": "#top"},
				"down": {"uv": [0, 0, 3, 10], "texture": "#bottom"}
			}
		},
		{
			"from": [0, 0, 0],
			"to": [16, 3, 16],
			"faces": {
				"north": {"uv": [0, 13, 16, 16], "texture": "#side"},
				"east": {"uv": [0, 13, 16, 16], "texture": "#side"},
				"south": {"uv": [0, 13, 16, 16], "texture": "#side"},
				"west": {"uv": [0, 13, 16, 16], "texture": "#side"},
				"up": {"uv": [0, 0, 16, 16], "texture": "#bottom"},
				"down": {"uv": [0, 0, 16, 16], "texture": "#bottom"}
			}
		},
		{
			"from": [13, 3, 3],
			"to": [16, 16, 13],
			"faces": {
				"north": {"uv": [0, 0, 1, 16], "texture": "#side"},
				"east": {"uv": [3, 0, 13, 13], "texture": "#side"},
				"south": {"uv": [0, 0, 1, 16], "texture": "#side"},
				"west": {"uv": [3, 0, 13, 13], "texture": "#bottom"},
				"up": {"uv": [13, 2, 16, 13], "texture": "#top"},
				"down": {"uv": [0, 0, 1, 16], "texture": "#bottom"}
			}
		},
		{
			"from": [0, 3, 13],
			"to": [16, 16, 16],
			"faces": {
				"north": {"uv": [0, 0, 16, 13], "texture": "#bottom"},
				"east": {"uv": [0, 0, 3, 13], "texture": "#side"},
				"south": {"uv": [0, 0, 16, 13], "texture": "#side"},
				"west": {"uv": [13, 0, 16, 13], "texture": "#side"},
				"up": {"uv": [13, 0, 16, 16], "rotation": 90, "texture": "#top"},
				"down": {"uv": [0, 0, 1, 16], "rotation": 270, "texture": "#bottom"}
			}
		},
		{
			"from": [0, 3, 0],
			"to": [16, 16, 3],
			"faces": {
				"north": {"uv": [0, 0, 16, 13], "texture": "#side"},
				"east": {"uv": [13, 0, 16, 13], "texture": "#side"},
				"south": {"uv": [0, 0, 16, 13], "texture": "#bottom"},
				"west": {"uv": [0, 0, 3, 13], "texture": "#side"},
				"up": {"uv": [13, 0, 16, 16], "rotation": 270, "texture": "#top"},
				"down": {"uv": [0, 0, 1, 16], "rotation": 90, "texture": "#bottom"}
			}
		},
		{
			"name": "Nether level",
			"from": [3, 6, 3],
			"to": [13, 6, 13],
			"faces": {
				"north": {"uv": [0, 13, 16, 16], "texture": "#side"},
				"east": {"uv": [0, 13, 16, 16], "texture": "#side"},
				"south": {"uv": [0, 13, 16, 16], "texture": "#side"},
				"west": {"uv": [0, 13, 16, 16], "texture": "#side"},
				"up": {"uv": [0, 0, 16, 16], "texture": "#3"},
				"down": {"uv": [0, 0, 16, 16], "texture": "#bottom"}
			}
		},
		{
			"from": [6, 11, 16],
			"to": [8, 12, 16.3],
			"faces": {
				"north": {"uv": [6, 4, 8, 5], "texture": "#4"},
				"east": {"uv": [6, 4, 8, 5], "texture": "#4"},
				"south": {"uv": [6, 4, 8, 5], "texture": "#4"},
				"west": {"uv": [6, 4, 8, 5], "texture": "#4"},
				"up": {"uv": [6, 4, 8, 5], "texture": "#4"},
				"down": {"uv": [6, 4, 8, 5], "texture": "#4"}
			}
		},
		{
			"from": [7, 12, 16],
			"to": [8, 13, 16.3],
			"faces": {
				"north": {"uv": [7, 3, 8, 4], "texture": "#4"},
				"east": {"uv": [7, 3, 8, 4], "texture": "#4"},
				"south": {"uv": [7, 3, 8, 4], "texture": "#4"},
				"west": {"uv": [7, 3, 8, 4], "texture": "#4"},
				"up": {"uv": [7, 3, 8, 4], "texture": "#4"},
				"down": {"uv": [7, 3, 8, 4], "texture": "#4"}
			}
		},
		{
			"from": [16, 11, 8],
			"to": [16.3, 12, 10],
			"faces": {
				"north": {"uv": [6, 4, 8, 5], "texture": "#4"},
				"east": {"uv": [6, 4, 8, 5], "texture": "#4"},
				"south": {"uv": [6, 4, 8, 5], "texture": "#4"},
				"west": {"uv": [6, 4, 8, 5], "texture": "#4"},
				"up": {"uv": [6, 4, 8, 5], "texture": "#4"},
				"down": {"uv": [6, 4, 8, 5], "texture": "#4"}
			}
		},
		{
			"from": [16, 12, 8],
			"to": [16.3, 13, 9],
			"faces": {
				"north": {"uv": [7, 3, 8, 4], "texture": "#4"},
				"east": {"uv": [7, 3, 8, 4], "texture": "#4"},
				"south": {"uv": [7, 3, 8, 4], "texture": "#4"},
				"west": {"uv": [7, 3, 8, 4], "texture": "#4"},
				"up": {"uv": [7, 3, 8, 4], "texture": "#4"},
				"down": {"uv": [7, 3, 8, 4], "texture": "#4"}
			}
		},
		{
			"from": [8, 11, -0.3],
			"to": [10, 12, 0],
			"faces": {
				"north": {"uv": [6, 4, 8, 5], "texture": "#4"},
				"east": {"uv": [6, 4, 8, 5], "texture": "#4"},
				"south": {"uv": [6, 4, 8, 5], "texture": "#4"},
				"west": {"uv": [6, 4, 8, 5], "texture": "#4"},
				"up": {"uv": [6, 4, 8, 5], "texture": "#4"},
				"down": {"uv": [6, 4, 8, 5], "texture": "#4"}
			}
		},
		{
			"from": [8, 12, -0.3],
			"to": [9, 13, 0],
			"faces": {
				"north": {"uv": [7, 3, 8, 4], "texture": "#4"},
				"east": {"uv": [7, 3, 8, 4], "texture": "#4"},
				"south": {"uv": [7, 3, 8, 4], "texture": "#4"},
				"west": {"uv": [7, 3, 8, 4], "texture": "#4"},
				"up": {"uv": [7, 3, 8, 4], "texture": "#4"},
				"down": {"uv": [7, 3, 8, 4], "texture": "#4"}
			}
		},
		{
			"from": [-0.3, 11, 6],
			"to": [0, 12, 8],
			"faces": {
				"north": {"uv": [6, 4, 8, 5], "texture": "#4"},
				"east": {"uv": [6, 4, 8, 5], "texture": "#4"},
				"south": {"uv": [6, 4, 8, 5], "texture": "#4"},
				"west": {"uv": [6, 4, 8, 5], "texture": "#4"},
				"up": {"uv": [6, 4, 8, 5], "texture": "#4"},
				"down": {"uv": [6, 4, 8, 5], "texture": "#4"}
			}
		},
		{
			"from": [-0.3, 12, 7],
			"to": [0, 13, 8],
			"faces": {
				"north": {"uv": [7, 3, 8, 4], "texture": "#4"},
				"east": {"uv": [7, 3, 8, 4], "texture": "#4"},
				"south": {"uv": [7, 3, 8, 4], "texture": "#4"},
				"west": {"uv": [7, 3, 8, 4], "texture": "#4"},
				"up": {"uv": [7, 3, 8, 4], "texture": "#4"},
				"down": {"uv": [7, 3, 8, 4], "texture": "#4"}
			}
		}
	],
	"groups": [0, 1, 2, 3, 4, 5,
		{
			"name": "Powe crystal",
			"origin": [8, 8, 8],
			"children": [6, 7]
		},
		{
			"name": "Powe crystal",
			"origin": [8, 8, 8],
			"children": [8, 9]
		},
		{
			"name": "Powe crystal",
			"origin": [8, 8, 8],
			"children": [10, 11]
		},
		{
			"name": "Powe crystal",
			"origin": [8, 8, 8],
			"children": [12, 13]
		}
	]
}