{
	"credit": "Made with Blockbench",
	"parent": "block/block",
	"textures": {
		"particle": "block/soul_lantern",
		"lantern": "block/soul_lantern"
	},
	"elements": [
		{
			"from": [5, 6, 5],
			"to": [11, 7, 11],
			"faces": {
				"north": {"uv": [0, 2, 6, 3], "texture": "#lantern"},
				"east": {"uv": [0, 2, 6, 3], "texture": "#lantern"},
				"south": {"uv": [0, 2, 6, 3], "texture": "#lantern"},
				"west": {"uv": [0, 2, 6, 3], "texture": "#lantern"},
				"up": {"uv": [0, 9, 6, 15], "texture": "#lantern"},
				"down": {"uv": [0, 9, 6, 15], "texture": "#lantern"}
			}
		},
		{
			"from": [5, 0, 5],
			"to": [11, 1, 11],
			"faces": {
				"north": {"uv": [0, 2, 6, 3], "texture": "#lantern"},
				"east": {"uv": [0, 2, 6, 3], "texture": "#lantern"},
				"south": {"uv": [0, 2, 6, 3], "texture": "#lantern"},
				"west": {"uv": [0, 2, 6, 3], "texture": "#lantern"},
				"up": {"uv": [0, 9, 6, 15], "texture": "#lantern"},
				"down": {"uv": [0, 9, 6, 15], "texture": "#lantern"}
			}
		},
		{
			"from": [6, 1, 9],
			"to": [10, 6, 10],
			"faces": {
				"north": {"uv": [1, 3, 5, 8], "texture": "#lantern"},
				"east": {"uv": [1, 3, 2, 8], "texture": "#lantern"},
				"south": {"uv": [1, 3, 5, 8], "texture": "#lantern"},
				"west": {"uv": [4, 3, 5, 8], "texture": "#lantern"},
				"up": {"uv": [1, 3, 5, 8], "texture": "#lantern"},
				"down": {"uv": [1, 3, 5, 8], "texture": "#lantern"}
			}
		},
		{
			"from": [6, 1, 6],
			"to": [10, 6, 7],
			"faces": {
				"north": {"uv": [1, 3, 5, 8], "texture": "#lantern"},
				"east": {"uv": [4, 3, 5, 8], "texture": "#lantern"},
				"south": {"uv": [1, 3, 5, 8], "texture": "#lantern"},
				"west": {"uv": [1, 3, 2, 8], "texture": "#lantern"},
				"up": {"uv": [1, 3, 5, 8], "rotation": 180, "texture": "#lantern"},
				"down": {"uv": [1, 3, 5, 8], "rotation": 180, "texture": "#lantern"}
			}
		},
		{
			"from": [9, 1, 7],
			"to": [10, 6, 9],
			"faces": {
				"north": {"uv": [1, 3, 2, 8], "texture": "#lantern"},
				"east": {"uv": [2, 3, 4, 8], "texture": "#lantern"},
				"south": {"uv": [4, 3, 5, 8], "texture": "#lantern"},
				"west": {"uv": [1, 3, 5, 8], "texture": "#lantern"},
				"up": {"uv": [1, 3, 5, 8], "rotation": 270, "texture": "#lantern"},
				"down": {"uv": [1, 3, 5, 8], "rotation": 90, "texture": "#lantern"}
			}
		},
		{
			"from": [6, 1, 7],
			"to": [7, 6, 9],
			"faces": {
				"north": {"uv": [4, 3, 5, 8], "texture": "#lantern"},
				"east": {"uv": [1, 3, 5, 8], "texture": "#lantern"},
				"south": {"uv": [1, 3, 2, 8], "texture": "#lantern"},
				"west": {"uv": [2, 3, 4, 8], "texture": "#lantern"},
				"up": {"uv": [1, 3, 5, 8], "rotation": 90, "texture": "#lantern"},
				"down": {"uv": [1, 3, 5, 8], "rotation": 270, "texture": "#lantern"}
			}
		},
		{
			"from": [5, 1, 5],
			"to": [6, 6, 6],
			"faces": {
				"north": {"uv": [0, 3, 1, 8], "texture": "#lantern"},
				"east": {"uv": [0, 3, 1, 8], "texture": "#lantern"},
				"south": {"uv": [0, 3, 1, 8], "texture": "#lantern"},
				"west": {"uv": [0, 3, 1, 8], "texture": "#lantern"},
				"up": {"uv": [0, 3, 1, 8], "texture": "#lantern"},
				"down": {"uv": [0, 3, 1, 8], "texture": "#lantern"}
			}
		},
		{
			"from": [5, 1, 10],
			"to": [6, 6, 11],
			"faces": {
				"north": {"uv": [0, 3, 1, 8], "texture": "#lantern"},
				"east": {"uv": [0, 3, 1, 8], "texture": "#lantern"},
				"south": {"uv": [0, 3, 1, 8], "texture": "#lantern"},
				"west": {"uv": [0, 3, 1, 8], "texture": "#lantern"},
				"up": {"uv": [0, 3, 1, 8], "texture": "#lantern"},
				"down": {"uv": [0, 3, 1, 8], "texture": "#lantern"}
			}
		},
		{
			"from": [10, 1, 10],
			"to": [11, 6, 11],
			"faces": {
				"north": {"uv": [0, 3, 1, 8], "texture": "#lantern"},
				"east": {"uv": [0, 3, 1, 8], "texture": "#lantern"},
				"south": {"uv": [0, 3, 1, 8], "texture": "#lantern"},
				"west": {"uv": [0, 3, 1, 8], "texture": "#lantern"},
				"up": {"uv": [0, 3, 1, 8], "texture": "#lantern"},
				"down": {"uv": [0, 3, 1, 8], "texture": "#lantern"}
			}
		},
		{
			"from": [10, 1, 5],
			"to": [11, 6, 6],
			"faces": {
				"north": {"uv": [0, 3, 1, 8], "texture": "#lantern"},
				"east": {"uv": [0, 3, 1, 8], "texture": "#lantern"},
				"south": {"uv": [0, 3, 1, 8], "texture": "#lantern"},
				"west": {"uv": [0, 3, 1, 8], "texture": "#lantern"},
				"up": {"uv": [0, 3, 1, 8], "texture": "#lantern"},
				"down": {"uv": [0, 3, 1, 8], "texture": "#lantern"}
			}
		},
		{
			"from": [6, 7, 6],
			"to": [10, 9, 10],
			"faces": {
				"north": {"uv": [1, 0, 5, 2], "texture": "#lantern"},
				"east": {"uv": [1, 0, 5, 2], "texture": "#lantern"},
				"south": {"uv": [1, 0, 5, 2], "texture": "#lantern"},
				"west": {"uv": [1, 0, 5, 2], "texture": "#lantern"},
				"up": {"uv": [1, 10, 5, 14], "texture": "#lantern"}
			}
		},
		{
			"from": [6.5, 9, 8],
			"to": [9.5, 11, 8],
			"shade": false,
			"rotation": {"angle": 45, "axis": "y", "origin": [8, 8, 8]},
			"faces": {
				"north": {"uv": [11, 1, 14, 3], "texture": "#lantern"},
				"south": {"uv": [11, 1, 14, 3], "texture": "#lantern"}
			}
		},
		{
			"from": [8, 9, 6.5],
			"to": [8, 11, 9.5],
			"shade": false,
			"rotation": {"angle": 45, "axis": "y", "origin": [8, 8, 8]},
			"faces": {
				"east": {"uv": [11, 10, 14, 12], "texture": "#lantern"},
				"west": {"uv": [11, 10, 14, 12], "texture": "#lantern"}
			}
		},
		{
			"from": [7.75, 9, 6.5],
			"to": [8.25, 11, 7.5],
			"shade": false,
			"rotation": {"angle": -45, "axis": "y", "origin": [8, 8, 8]},
			"faces": {
				"north": {"uv": [13, 10, 14, 12], "texture": "#lantern"},
				"east": {"uv": [13, 10, 14, 12], "texture": "#lantern"},
				"south": {"uv": [13, 10, 14, 12], "texture": "#lantern"},
				"west": {"uv": [13, 10, 14, 12], "texture": "#lantern"},
				"up": {"uv": [13, 10, 14, 11], "rotation": 180, "texture": "#lantern"},
				"down": {"uv": [13, 10, 14, 12], "rotation": 180, "texture": "#lantern"}
			}
		},
		{
			"from": [7.75, 9, 8.5],
			"to": [8.25, 11, 9.5],
			"shade": false,
			"rotation": {"angle": -45, "axis": "y", "origin": [8, 8, 8]},
			"faces": {
				"north": {"uv": [11, 10, 12, 12], "texture": "#lantern"},
				"east": {"uv": [11, 10, 12, 12], "texture": "#lantern"},
				"south": {"uv": [11, 10, 12, 12], "texture": "#lantern"},
				"west": {"uv": [11, 10, 12, 12], "texture": "#lantern"},
				"up": {"uv": [11, 10, 12, 11], "rotation": 180, "texture": "#lantern"},
				"down": {"uv": [11, 10, 12, 12], "rotation": 180, "texture": "#lantern"}
			}
		},
		{
			"from": [7.75, 10, 7.5],
			"to": [8.25, 11, 8.5],
			"shade": false,
			"rotation": {"angle": -45, "axis": "y", "origin": [8, 8, 8]},
			"faces": {
				"north": {"uv": [12, 10, 13, 11], "texture": "#lantern"},
				"east": {"uv": [12, 10, 13, 11], "texture": "#lantern"},
				"south": {"uv": [12, 10, 13, 11], "texture": "#lantern"},
				"west": {"uv": [12, 10, 13, 11], "texture": "#lantern"},
				"up": {"uv": [12, 10, 13, 11], "rotation": 180, "texture": "#lantern"},
				"down": {"uv": [12, 10, 13, 11], "rotation": 180, "texture": "#lantern"}
			}
		},
		{
			"from": [7.75, 9, 6.5],
			"to": [8.25, 11, 7.5],
			"shade": false,
			"rotation": {"angle": 45, "axis": "y", "origin": [8, 8, 8]},
			"faces": {
				"north": {"uv": [13, 10, 14, 12], "texture": "#lantern"},
				"east": {"uv": [13, 10, 14, 12], "texture": "#lantern"},
				"south": {"uv": [13, 10, 14, 12], "texture": "#lantern"},
				"west": {"uv": [13, 10, 14, 12], "texture": "#lantern"},
				"up": {"uv": [13, 10, 14, 11], "rotation": 180, "texture": "#lantern"},
				"down": {"uv": [13, 10, 14, 12], "rotation": 180, "texture": "#lantern"}
			}
		},
		{
			"from": [7.75, 9, 8.5],
			"to": [8.25, 11, 9.5],
			"shade": false,
			"rotation": {"angle": 45, "axis": "y", "origin": [8, 8, 8]},
			"faces": {
				"north": {"uv": [11, 10, 12, 12], "texture": "#lantern"},
				"east": {"uv": [11, 10, 12, 12], "texture": "#lantern"},
				"south": {"uv": [11, 10, 12, 12], "texture": "#lantern"},
				"west": {"uv": [11, 10, 12, 12], "texture": "#lantern"},
				"up": {"uv": [11, 10, 12, 11], "rotation": 180, "texture": "#lantern"},
				"down": {"uv": [11, 10, 12, 12], "rotation": 180, "texture": "#lantern"}
			}
		},
		{
			"from": [7.75, 10, 7.5],
			"to": [8.25, 11, 8.5],
			"shade": false,
			"rotation": {"angle": 45, "axis": "y", "origin": [8, 8, 8]},
			"faces": {
				"north": {"uv": [12, 10, 13, 11], "texture": "#lantern"},
				"east": {"uv": [12, 10, 13, 11], "texture": "#lantern"},
				"south": {"uv": [12, 10, 13, 11], "texture": "#lantern"},
				"west": {"uv": [12, 10, 13, 11], "texture": "#lantern"},
				"up": {"uv": [12, 10, 13, 11], "rotation": 180, "texture": "#lantern"},
				"down": {"uv": [12, 10, 13, 11], "rotation": 180, "texture": "#lantern"}
			}
		}
	],
	"groups": [0, 1, 2, 3, 4, 5, 6, 7, 8, 9, 10, 11, 12,
		{
			"name": "chain",
			"origin": [8, 8, 8],
			"children": [13, 14, 15]
		},
		{
			"name": "chain",
			"origin": [8, 8, 8],
			"children": [16, 17, 18]
		}
	]
}