{
	"credit": "Made with Blockbench, Created by Technodono",
	"parent": "weeping_vine_plant",
	"textures": {
		"0": "twisting/texture_3",
		"1": "twisting/texture_0",
		"2": "twisting/texture_1",
		"3": "twisting/texture_2",
		"4": "twisting/texture_4",
		"particle": "block/twisting_vines_plant"
	},
	"elements": [
		{
			"from": [8.845, 14.255, 1.915],
			"to": [9.3, 14.71, 2.825],
			"rotation": {"angle": 0, "axis": "y", "origin": [6.635, 9.365, 8.91]},
			"faces": {
				"north": {"uv": [0, 0, 0.5, 0.5], "texture": "#1"},
				"east": {"uv": [0, 0, 1, 0.5], "texture": "#1"},
				"south": {"uv": [0, 0, 0.5, 0.5], "texture": "#1"},
				"west": {"uv": [0, 0, 1, 0.5], "texture": "#1"},
				"up": {"uv": [0, 0, 1, 0.5], "rotation": 90, "texture": "#1"},
				"down": {"uv": [0, 0, 1, 0.5], "rotation": 270, "texture": "#1"}
			}
		},
		{
			"from": [5.66, 14.255, 3.735],
			"to": [6.115, 14.71, 4.645],
			"rotation": {"angle": 0, "axis": "y", "origin": [6.635, 9.365, 8.91]},
			"faces": {
				"north": {"uv": [0, 0, 0.5, 0.5], "texture": "#1"},
				"east": {"uv": [0, 0, 1, 0.5], "texture": "#1"},
				"south": {"uv": [0, 0, 0.5, 0.5], "texture": "#1"},
				"west": {"uv": [0, 0, 1, 0.5], "texture": "#1"},
				"up": {"uv": [0, 0, 1, 0.5], "rotation": 270, "texture": "#1"},
				"down": {"uv": [0, 0, 1, 0.5], "rotation": 90, "texture": "#1"}
			}
		},
		{
			"from": [5.66, 14.255, 1.915],
			"to": [6.115, 14.71, 2.825],
			"rotation": {"angle": 0, "axis": "y", "origin": [6.635, 9.365, 8.91]},
			"faces": {
				"north": {"uv": [0, 0, 0.5, 0.5], "texture": "#1"},
				"east": {"uv": [0, 0, 1, 0.5], "texture": "#1"},
				"south": {"uv": [0, 0, 0.5, 0.5], "texture": "#1"},
				"west": {"uv": [0, 0, 1, 0.5], "texture": "#1"},
				"up": {"uv": [0, 0, 1, 0.5], "rotation": 90, "texture": "#1"},
				"down": {"uv": [0, 0, 1, 0.5], "rotation": 270, "texture": "#1"}
			}
		},
		{
			"from": [8.845, 14.255, 3.735],
			"to": [9.3, 14.71, 4.645],
			"rotation": {"angle": 0, "axis": "y", "origin": [6.635, 9.365, 8.91]},
			"faces": {
				"north": {"uv": [0, 0, 0.5, 0.5], "texture": "#1"},
				"east": {"uv": [0, 0, 1, 0.5], "texture": "#1"},
				"south": {"uv": [0, 0, 0.5, 0.5], "texture": "#1"},
				"west": {"uv": [0, 0, 1, 0.5], "texture": "#1"},
				"up": {"uv": [0, 0, 1, 0.5], "rotation": 270, "texture": "#1"},
				"down": {"uv": [0, 0, 1, 0.5], "rotation": 90, "texture": "#1"}
			}
		},
		{
			"from": [5.205, 14.255, 2.825],
			"to": [5.66, 14.71, 3.735],
			"rotation": {"angle": 0, "axis": "y", "origin": [6.635, 9.365, 8.91]},
			"faces": {
				"north": {"uv": [0, 0, 0.5, 0.5], "texture": "#1"},
				"east": {"uv": [0, 0, 1, 0.5], "texture": "#1"},
				"south": {"uv": [0, 0, 0.5, 0.5], "texture": "#1"},
				"west": {"uv": [0, 0, 1, 0.5], "texture": "#1"},
				"up": {"uv": [0, 0, 1, 0.5], "rotation": 90, "texture": "#1"},
				"down": {"uv": [0, 0, 1, 0.5], "rotation": 270, "texture": "#1"}
			}
		},
		{
			"from": [5.66, 14.71, 2.825],
			"to": [6.115, 15.165, 3.735],
			"rotation": {"angle": 0, "axis": "y", "origin": [6.635, 9.365, 8.91]},
			"faces": {
				"north": {"uv": [0, 0, 0.5, 0.5], "texture": "#2"},
				"east": {"uv": [0, 0, 1, 0.5], "texture": "#2"},
				"south": {"uv": [0, 0, 0.5, 0.5], "texture": "#2"},
				"west": {"uv": [0, 0, 1, 0.5], "texture": "#2"},
				"up": {"uv": [0, 0, 1, 0.5], "rotation": 90, "texture": "#2"},
				"down": {"uv": [0, 0, 1, 0.5], "rotation": 270, "texture": "#2"}
			}
		},
		{
			"from": [8.845, 14.71, 2.825],
			"to": [9.3, 15.165, 3.735],
			"rotation": {"angle": 0, "axis": "y", "origin": [6.635, 9.365, 8.91]},
			"faces": {
				"north": {"uv": [0, 0, 0.5, 0.5], "texture": "#2"},
				"east": {"uv": [0, 0, 1, 0.5], "texture": "#2"},
				"south": {"uv": [0, 0, 0.5, 0.5], "texture": "#2"},
				"west": {"uv": [0, 0, 1, 0.5], "texture": "#2"},
				"up": {"uv": [0, 0, 1, 0.5], "rotation": 90, "texture": "#2"},
				"down": {"uv": [0, 0, 1, 0.5], "rotation": 270, "texture": "#2"}
			}
		},
		{
			"from": [9.3, 14.255, 2.825],
			"to": [9.755, 14.71, 3.735],
			"rotation": {"angle": 0, "axis": "y", "origin": [6.635, 9.365, 8.91]},
			"faces": {
				"north": {"uv": [0, 0, 0.5, 0.5], "texture": "#1"},
				"east": {"uv": [0, 0, 1, 0.5], "texture": "#1"},
				"south": {"uv": [0, 0, 0.5, 0.5], "texture": "#1"},
				"west": {"uv": [0, 0, 1, 0.5], "texture": "#1"},
				"up": {"uv": [0, 0, 1, 0.5], "rotation": 270, "texture": "#1"},
				"down": {"uv": [0, 0, 1, 0.5], "rotation": 90, "texture": "#1"}
			}
		},
		{
			"from": [6.115, 14.71, 1.915],
			"to": [8.845, 15.165, 4.645],
			"rotation": {"angle": 0, "axis": "y", "origin": [6.635, 9.365, 8.91]},
			"faces": {
				"north": {"uv": [0, 0, 3, 0.5], "texture": "#2"},
				"east": {"uv": [0, 0, 3, 0.5], "texture": "#2"},
				"south": {"uv": [0, 0, 3, 0.5], "texture": "#2"},
				"west": {"uv": [0, 0, 3, 0.5], "texture": "#2"},
				"up": {"uv": [0, 0, 3, 3], "rotation": 270, "texture": "#2"},
				"down": {"uv": [0, 0, 3, 3], "rotation": 90, "texture": "#2"}
			}
		},
		{
			"from": [7.025, 15.165, 2.37],
			"to": [7.48, 15.256, 2.825],
			"rotation": {"angle": 0, "axis": "y", "origin": [6.635, 9.365, 8.91]},
			"faces": {
				"north": {"uv": [0, 0, 0.5, 0.1], "texture": "#4"},
				"east": {"uv": [0, 0, 0.5, 0.1], "texture": "#4"},
				"south": {"uv": [0, 0, 0.5, 0.1], "texture": "#4"},
				"west": {"uv": [0, 0, 0.5, 0.1], "texture": "#4"},
				"up": {"uv": [0, 0, 0.5, 0.5], "rotation": 270, "texture": "#4"},
				"down": {"uv": [0, 0, 0.5, 0.5], "rotation": 90, "texture": "#4"}
			}
		},
		{
			"from": [9.3, 14.71, 2.825],
			"to": [9.391, 14.9375, 3.0525],
			"rotation": {"angle": 0, "axis": "y", "origin": [6.635, 9.365, 8.91]},
			"faces": {
				"north": {"uv": [0, 0, 0.25, 0.1], "rotation": 270, "texture": "#4"},
				"east": {"uv": [0, 0, 0.25, 0.25], "texture": "#4"},
				"south": {"uv": [0, 0, 0.25, 0.1], "rotation": 90, "texture": "#4"},
				"west": {"uv": [0, 0, 0.25, 0.25], "rotation": 180, "texture": "#4"},
				"up": {"uv": [0, 0, 0.25, 0.1], "rotation": 90, "texture": "#4"},
				"down": {"uv": [0, 0, 0.25, 0.1], "rotation": 90, "texture": "#4"}
			}
		},
		{
			"from": [8.845, 14.255, 4.645],
			"to": [8.936, 14.4825, 4.8725],
			"rotation": {"angle": 0, "axis": "y", "origin": [6.635, 9.365, 8.91]},
			"faces": {
				"north": {"uv": [0, 0, 0.25, 0.1], "rotation": 270, "texture": "#4"},
				"east": {"uv": [0, 0, 0.25, 0.25], "texture": "#4"},
				"south": {"uv": [0, 0, 0.25, 0.1], "rotation": 90, "texture": "#4"},
				"west": {"uv": [0, 0, 0.25, 0.25], "rotation": 180, "texture": "#4"},
				"up": {"uv": [0, 0, 0.25, 0.1], "rotation": 90, "texture": "#4"},
				"down": {"uv": [0, 0, 0.25, 0.1], "rotation": 90, "texture": "#4"}
			}
		},
		{
			"from": [8.1625, 14.71, 4.645],
			"to": [8.39, 14.9375, 4.736],
			"rotation": {"angle": 0, "axis": "y", "origin": [6.635, 9.365, 8.91]},
			"faces": {
				"north": {"uv": [0, 0, 0.25, 0.25], "rotation": 180, "texture": "#4"},
				"east": {"uv": [0, 0, 0.25, 0.1], "rotation": 270, "texture": "#4"},
				"south": {"uv": [0, 0, 0.25, 0.25], "texture": "#4"},
				"west": {"uv": [0, 0, 0.25, 0.1], "rotation": 90, "texture": "#4"},
				"up": {"uv": [0, 0, 0.25, 0.1], "rotation": 180, "texture": "#4"},
				"down": {"uv": [0, 0, 0.25, 0.1], "texture": "#4"}
			}
		},
		{
			"from": [6.934, 14.71, 1.6875],
			"to": [7.025, 14.9375, 1.915],
			"rotation": {"angle": 0, "axis": "y", "origin": [6.635, 9.365, 8.91]},
			"faces": {
				"north": {"uv": [0, 0, 0.25, 0.1], "rotation": 90, "texture": "#4"},
				"east": {"uv": [0, 0, 0.25, 0.25], "rotation": 180, "texture": "#4"},
				"south": {"uv": [0, 0, 0.25, 0.1], "rotation": 270, "texture": "#4"},
				"west": {"uv": [0, 0, 0.25, 0.25], "texture": "#4"},
				"up": {"uv": [0, 0, 0.25, 0.1], "rotation": 270, "texture": "#4"},
				"down": {"uv": [0, 0, 0.25, 0.1], "rotation": 270, "texture": "#4"}
			}
		},
		{
			"from": [7.7075, 14.255, 0.914],
			"to": [7.935, 14.4825, 1.005],
			"rotation": {"angle": 0, "axis": "y", "origin": [6.635, 9.365, 8.91]},
			"faces": {
				"north": {"uv": [0, 0, 0.25, 0.25], "texture": "#4"},
				"east": {"uv": [0, 0, 0.25, 0.1], "rotation": 90, "texture": "#4"},
				"south": {"uv": [0, 0, 0.25, 0.25], "rotation": 180, "texture": "#4"},
				"west": {"uv": [0, 0, 0.25, 0.1], "rotation": 270, "texture": "#4"},
				"up": {"uv": [0, 0, 0.25, 0.1], "texture": "#4"},
				"down": {"uv": [0, 0, 0.25, 0.1], "rotation": 180, "texture": "#4"}
			}
		},
		{
			"from": [6.7975, 14.71, 1.824],
			"to": [7.025, 14.9375, 1.915],
			"rotation": {"angle": 0, "axis": "y", "origin": [6.635, 9.365, 8.91]},
			"faces": {
				"north": {"uv": [0, 0, 0.25, 0.25], "texture": "#4"},
				"east": {"uv": [0, 0, 0.25, 0.1], "rotation": 90, "texture": "#4"},
				"south": {"uv": [0, 0, 0.25, 0.25], "rotation": 180, "texture": "#4"},
				"west": {"uv": [0, 0, 0.25, 0.1], "rotation": 270, "texture": "#4"},
				"up": {"uv": [0, 0, 0.25, 0.1], "texture": "#4"},
				"down": {"uv": [0, 0, 0.25, 0.1], "rotation": 180, "texture": "#4"}
			}
		},
		{
			"from": [8.1625, 14.9375, 1.824],
			"to": [8.39, 15.165, 1.915],
			"rotation": {"angle": 0, "axis": "y", "origin": [6.635, 9.365, 8.91]},
			"faces": {
				"north": {"uv": [0, 0, 0.25, 0.25], "texture": "#4"},
				"east": {"uv": [0, 0, 0.25, 0.1], "rotation": 90, "texture": "#4"},
				"south": {"uv": [0, 0, 0.25, 0.25], "rotation": 180, "texture": "#4"},
				"west": {"uv": [0, 0, 0.25, 0.1], "rotation": 270, "texture": "#4"},
				"up": {"uv": [0, 0, 0.25, 0.1], "texture": "#4"},
				"down": {"uv": [0, 0, 0.25, 0.1], "rotation": 180, "texture": "#4"}
			}
		},
		{
			"from": [5.114, 14.255, 3.0525],
			"to": [5.205, 14.4825, 3.28],
			"rotation": {"angle": 0, "axis": "y", "origin": [6.635, 9.365, 8.91]},
			"faces": {
				"north": {"uv": [0, 0, 0.25, 0.1], "rotation": 90, "texture": "#4"},
				"east": {"uv": [0, 0, 0.25, 0.25], "rotation": 180, "texture": "#4"},
				"south": {"uv": [0, 0, 0.25, 0.1], "rotation": 270, "texture": "#4"},
				"west": {"uv": [0, 0, 0.25, 0.25], "texture": "#4"},
				"up": {"uv": [0, 0, 0.25, 0.1], "rotation": 270, "texture": "#4"},
				"down": {"uv": [0, 0, 0.25, 0.1], "rotation": 270, "texture": "#4"}
			}
		},
		{
			"from": [7.935, 14.255, 1.46],
			"to": [8.845, 14.71, 1.915],
			"rotation": {"angle": 0, "axis": "y", "origin": [6.635, 9.365, 8.91]},
			"faces": {
				"north": {"uv": [0, 0, 1, 0.5], "texture": "#1"},
				"east": {"uv": [0, 0, 0.5, 0.5], "texture": "#1"},
				"south": {"uv": [0, 0, 1, 0.5], "texture": "#1"},
				"west": {"uv": [0, 0, 0.5, 0.5], "texture": "#1"},
				"up": {"uv": [0, 0, 0.5, 1], "rotation": 90, "texture": "#1"},
				"down": {"uv": [0, 0, 0.5, 1], "rotation": 270, "texture": "#1"}
			}
		},
		{
			"from": [6.115, 14.255, 4.645],
			"to": [7.025, 14.71, 5.1],
			"rotation": {"angle": 0, "axis": "y", "origin": [6.635, 9.365, 8.91]},
			"faces": {
				"north": {"uv": [0, 0, 1, 0.5], "texture": "#1"},
				"east": {"uv": [0, 0, 0.5, 0.5], "texture": "#1"},
				"south": {"uv": [0, 0, 1, 0.5], "texture": "#1"},
				"west": {"uv": [0, 0, 0.5, 0.5], "texture": "#1"},
				"up": {"uv": [0, 0, 0.5, 1], "rotation": 270, "texture": "#1"},
				"down": {"uv": [0, 0, 0.5, 1], "rotation": 90, "texture": "#1"}
			}
		},
		{
			"from": [7.025, 14.255, 1.005],
			"to": [7.935, 14.71, 1.46],
			"rotation": {"angle": 0, "axis": "y", "origin": [6.635, 9.365, 8.91]},
			"faces": {
				"north": {"uv": [0, 0, 1, 0.5], "texture": "#1"},
				"east": {"uv": [0, 0, 0.5, 0.5], "texture": "#1"},
				"south": {"uv": [0, 0, 1, 0.5], "texture": "#1"},
				"west": {"uv": [0, 0, 0.5, 0.5], "texture": "#1"},
				"up": {"uv": [0, 0, 0.5, 1], "rotation": 90, "texture": "#1"},
				"down": {"uv": [0, 0, 0.5, 1], "rotation": 270, "texture": "#1"}
			}
		},
		{
			"from": [7.025, 14.71, 1.46],
			"to": [7.935, 15.165, 1.915],
			"rotation": {"angle": 0, "axis": "y", "origin": [6.635, 9.365, 8.91]},
			"faces": {
				"north": {"uv": [0, 0, 1, 0.5], "texture": "#2"},
				"east": {"uv": [0, 0, 0.5, 0.5], "texture": "#2"},
				"south": {"uv": [0, 0, 1, 0.5], "texture": "#2"},
				"west": {"uv": [0, 0, 0.5, 0.5], "texture": "#2"},
				"up": {"uv": [0, 0, 0.5, 1], "rotation": 90, "texture": "#2"},
				"down": {"uv": [0, 0, 0.5, 1], "rotation": 270, "texture": "#2"}
			}
		},
		{
			"from": [7.025, 14.71, 4.645],
			"to": [7.935, 15.165, 5.1],
			"rotation": {"angle": 0, "axis": "y", "origin": [6.635, 9.365, 8.91]},
			"faces": {
				"north": {"uv": [0, 0, 1, 0.5], "texture": "#2"},
				"east": {"uv": [0, 0, 0.5, 0.5], "texture": "#2"},
				"south": {"uv": [0, 0, 1, 0.5], "texture": "#2"},
				"west": {"uv": [0, 0, 0.5, 0.5], "texture": "#2"},
				"up": {"uv": [0, 0, 0.5, 1], "rotation": 90, "texture": "#2"},
				"down": {"uv": [0, 0, 0.5, 1], "rotation": 270, "texture": "#2"}
			}
		},
		{
			"from": [6.115, 14.255, 1.46],
			"to": [7.025, 14.71, 1.915],
			"rotation": {"angle": 0, "axis": "y", "origin": [6.635, 9.365, 8.91]},
			"faces": {
				"north": {"uv": [0, 0, 1, 0.5], "texture": "#1"},
				"east": {"uv": [0, 0, 0.5, 0.5], "texture": "#1"},
				"south": {"uv": [0, 0, 1, 0.5], "texture": "#1"},
				"west": {"uv": [0, 0, 0.5, 0.5], "texture": "#1"},
				"up": {"uv": [0, 0, 0.5, 1], "rotation": 90, "texture": "#1"},
				"down": {"uv": [0, 0, 0.5, 1], "rotation": 270, "texture": "#1"}
			}
		},
		{
			"from": [7.025, 14.255, 5.035],
			"to": [7.935, 14.71, 5.49],
			"rotation": {"angle": 0, "axis": "y", "origin": [6.635, 9.365, 8.91]},
			"faces": {
				"north": {"uv": [0, 0, 1, 0.5], "texture": "#1"},
				"east": {"uv": [0, 0, 0.5, 0.5], "texture": "#1"},
				"south": {"uv": [0, 0, 1, 0.5], "texture": "#1"},
				"west": {"uv": [0, 0, 0.5, 0.5], "texture": "#1"},
				"up": {"uv": [0, 0, 0.5, 1], "rotation": 270, "texture": "#1"},
				"down": {"uv": [0, 0, 0.5, 1], "rotation": 90, "texture": "#1"}
			}
		},
		{
			"from": [14.4, 12.2, 6.5],
			"to": [14.7, 12.5, 7.1],
			"rotation": {"angle": 0, "axis": "y", "origin": [5.3, 8, 8]},
			"faces": {
				"north": {"uv": [0, 0, 0.5, 0.5], "texture": "#1"},
				"east": {"uv": [0, 0, 1, 0.5], "texture": "#1"},
				"south": {"uv": [0, 0, 0.5, 0.5], "texture": "#1"},
				"west": {"uv": [0, 0, 1, 0.5], "texture": "#1"},
				"up": {"uv": [0, 0, 1, 0.5], "rotation": 90, "texture": "#1"},
				"down": {"uv": [0, 0, 1, 0.5], "rotation": 270, "texture": "#1"}
			}
		},
		{
			"from": [12.3, 12.2, 7.7],
			"to": [12.6, 12.5, 8.3],
			"rotation": {"angle": 0, "axis": "y", "origin": [5.3, 8, 8]},
			"faces": {
				"north": {"uv": [0, 0, 0.5, 0.5], "texture": "#1"},
				"east": {"uv": [0, 0, 1, 0.5], "texture": "#1"},
				"south": {"uv": [0, 0, 0.5, 0.5], "texture": "#1"},
				"west": {"uv": [0, 0, 1, 0.5], "texture": "#1"},
				"up": {"uv": [0, 0, 1, 0.5], "rotation": 270, "texture": "#1"},
				"down": {"uv": [0, 0, 1, 0.5], "rotation": 90, "texture": "#1"}
			}
		},
		{
			"from": [12.3, 12.2, 6.5],
			"to": [12.6, 12.5, 7.1],
			"rotation": {"angle": 0, "axis": "y", "origin": [5.3, 8, 8]},
			"faces": {
				"north": {"uv": [0, 0, 0.5, 0.5], "texture": "#1"},
				"east": {"uv": [0, 0, 1, 0.5], "texture": "#1"},
				"south": {"uv": [0, 0, 0.5, 0.5], "texture": "#1"},
				"west": {"uv": [0, 0, 1, 0.5], "texture": "#1"},
				"up": {"uv": [0, 0, 1, 0.5], "rotation": 270, "texture": "#1"},
				"down": {"uv": [0, 0, 1, 0.5], "rotation": 90, "texture": "#1"}
			}
		},
		{
			"from": [12, 12.2, 7.1],
			"to": [12.3, 12.5, 7.7],
			"rotation": {"angle": 0, "axis": "y", "origin": [5.3, 8, 8]},
			"faces": {
				"north": {"uv": [0, 0, 0.5, 0.5], "texture": "#1"},
				"east": {"uv": [0, 0, 1, 0.5], "texture": "#1"},
				"south": {"uv": [0, 0, 0.5, 0.5], "texture": "#1"},
				"west": {"uv": [0, 0, 1, 0.5], "texture": "#1"},
				"up": {"uv": [0, 0, 1, 0.5], "rotation": 270, "texture": "#1"},
				"down": {"uv": [0, 0, 1, 0.5], "rotation": 90, "texture": "#1"}
			}
		},
		{
			"from": [14.4, 12.2, 7.7],
			"to": [14.7, 12.5, 8.3],
			"rotation": {"angle": 0, "axis": "y", "origin": [5.3, 8, 8]},
			"faces": {
				"north": {"uv": [0, 0, 0.5, 0.5], "texture": "#1"},
				"east": {"uv": [0, 0, 1, 0.5], "texture": "#1"},
				"south": {"uv": [0, 0, 0.5, 0.5], "texture": "#1"},
				"west": {"uv": [0, 0, 1, 0.5], "texture": "#1"},
				"up": {"uv": [0, 0, 1, 0.5], "rotation": 270, "texture": "#1"},
				"down": {"uv": [0, 0, 1, 0.5], "rotation": 90, "texture": "#1"}
			}
		},
		{
			"from": [12.3, 12.5, 7.1],
			"to": [12.6, 12.8, 7.7],
			"rotation": {"angle": 0, "axis": "y", "origin": [5.3, 8, 8]},
			"faces": {
				"north": {"uv": [0, 0, 0.5, 0.5], "texture": "#2"},
				"east": {"uv": [0, 0, 1, 0.5], "texture": "#2"},
				"south": {"uv": [0, 0, 0.5, 0.5], "texture": "#2"},
				"west": {"uv": [0, 0, 1, 0.5], "texture": "#2"},
				"up": {"uv": [0, 0, 1, 0.5], "rotation": 90, "texture": "#2"},
				"down": {"uv": [0, 0, 1, 0.5], "rotation": 270, "texture": "#2"}
			}
		},
		{
			"from": [14.4, 12.5, 7.1],
			"to": [14.7, 12.8, 7.7],
			"rotation": {"angle": 0, "axis": "y", "origin": [5.3, 8, 8]},
			"faces": {
				"north": {"uv": [0, 0, 0.5, 0.5], "texture": "#2"},
				"east": {"uv": [0, 0, 1, 0.5], "texture": "#2"},
				"south": {"uv": [0, 0, 0.5, 0.5], "texture": "#2"},
				"west": {"uv": [0, 0, 1, 0.5], "texture": "#2"},
				"up": {"uv": [0, 0, 1, 0.5], "rotation": 90, "texture": "#2"},
				"down": {"uv": [0, 0, 1, 0.5], "rotation": 270, "texture": "#2"}
			}
		},
		{
			"from": [14.7, 12.2, 7.1],
			"to": [15, 12.5, 7.7],
			"rotation": {"angle": 0, "axis": "y", "origin": [5.3, 8, 8]},
			"faces": {
				"north": {"uv": [0, 0, 0.5, 0.5], "texture": "#1"},
				"east": {"uv": [0, 0, 1, 0.5], "texture": "#1"},
				"south": {"uv": [0, 0, 0.5, 0.5], "texture": "#1"},
				"west": {"uv": [0, 0, 1, 0.5], "texture": "#1"},
				"up": {"uv": [0, 0, 1, 0.5], "rotation": 270, "texture": "#1"},
				"down": {"uv": [0, 0, 1, 0.5], "rotation": 90, "texture": "#1"}
			}
		},
		{
			"from": [12.6, 12.5, 6.5006],
			"to": [14.4, 12.8, 8.2946],
			"rotation": {"angle": 0, "axis": "y", "origin": [5.3, 8, 8]},
			"faces": {
				"north": {"uv": [0, 0, 3, 0.5], "texture": "#2"},
				"east": {"uv": [0, 0, 2.99, 0.5], "texture": "#2"},
				"south": {"uv": [0, 0, 3, 0.5], "texture": "#2"},
				"west": {"uv": [0, 0, 2.99, 0.5], "texture": "#2"},
				"up": {"uv": [0, 0, 2.99, 3], "rotation": 270, "texture": "#2"},
				"down": {"uv": [0, 0, 2.99, 3], "rotation": 90, "texture": "#2"}
			}
		},
		{
			"from": [13.8, 12.8, 7.7],
			"to": [14.1, 12.86, 8],
			"rotation": {"angle": 0, "axis": "y", "origin": [5.3, 8, 8]},
			"faces": {
				"north": {"uv": [0, 0, 0.5, 0.1], "texture": "#4"},
				"east": {"uv": [0, 0, 0.5, 0.1], "texture": "#4"},
				"south": {"uv": [0, 0, 0.5, 0.1], "texture": "#4"},
				"west": {"uv": [0, 0, 0.5, 0.1], "texture": "#4"},
				"up": {"uv": [0, 0, 0.5, 0.5], "rotation": 270, "texture": "#4"},
				"down": {"uv": [0, 0, 0.5, 0.5], "rotation": 90, "texture": "#4"}
			}
		},
		{
			"from": [13.2, 12.8, 6.8],
			"to": [13.5, 12.86, 7.1],
			"rotation": {"angle": 0, "axis": "y", "origin": [5.3, 8, 8]},
			"faces": {
				"north": {"uv": [0, 0, 0.5, 0.1], "texture": "#4"},
				"east": {"uv": [0, 0, 0.5, 0.1], "texture": "#4"},
				"south": {"uv": [0, 0, 0.5, 0.1], "texture": "#4"},
				"west": {"uv": [0, 0, 0.5, 0.1], "texture": "#4"},
				"up": {"uv": [0, 0, 0.5, 0.5], "rotation": 270, "texture": "#4"},
				"down": {"uv": [0, 0, 0.5, 0.5], "rotation": 90, "texture": "#4"}
			}
		},
		{
			"from": [14.7, 12.5, 7.1],
			"to": [14.76, 12.65, 7.25],
			"rotation": {"angle": 0, "axis": "y", "origin": [5.3, 8, 8]},
			"faces": {
				"north": {"uv": [0, 0, 0.25, 0.1], "rotation": 270, "texture": "#4"},
				"east": {"uv": [0, 0, 0.25, 0.25], "texture": "#4"},
				"south": {"uv": [0, 0, 0.25, 0.1], "rotation": 90, "texture": "#4"},
				"west": {"uv": [0, 0, 0.25, 0.25], "rotation": 180, "texture": "#4"},
				"up": {"uv": [0, 0, 0.25, 0.1], "rotation": 90, "texture": "#4"},
				"down": {"uv": [0, 0, 0.25, 0.1], "rotation": 90, "texture": "#4"}
			}
		},
		{
			"from": [14.4, 12.2, 8.3],
			"to": [14.46, 12.35, 8.45],
			"rotation": {"angle": 0, "axis": "y", "origin": [5.3, 8, 8]},
			"faces": {
				"north": {"uv": [0, 0, 0.25, 0.1], "rotation": 270, "texture": "#4"},
				"east": {"uv": [0, 0, 0.25, 0.25], "texture": "#4"},
				"south": {"uv": [0, 0, 0.25, 0.1], "rotation": 90, "texture": "#4"},
				"west": {"uv": [0, 0, 0.25, 0.25], "rotation": 180, "texture": "#4"},
				"up": {"uv": [0, 0, 0.25, 0.1], "rotation": 90, "texture": "#4"},
				"down": {"uv": [0, 0, 0.25, 0.1], "rotation": 90, "texture": "#4"}
			}
		},
		{
			"from": [13.95, 12.5, 8.3],
			"to": [14.1, 12.65, 8.36],
			"rotation": {"angle": 0, "axis": "y", "origin": [5.3, 8, 8]},
			"faces": {
				"north": {"uv": [0, 0, 0.25, 0.25], "rotation": 180, "texture": "#4"},
				"east": {"uv": [0, 0, 0.25, 0.1], "rotation": 270, "texture": "#4"},
				"south": {"uv": [0, 0, 0.25, 0.25], "texture": "#4"},
				"west": {"uv": [0, 0, 0.25, 0.1], "rotation": 90, "texture": "#4"},
				"up": {"uv": [0, 0, 0.25, 0.1], "rotation": 180, "texture": "#4"},
				"down": {"uv": [0, 0, 0.25, 0.1], "texture": "#4"}
			}
		},
		{
			"from": [13.14, 12.5, 6.35],
			"to": [13.2, 12.65, 6.5],
			"rotation": {"angle": 0, "axis": "y", "origin": [5.3, 8, 8]},
			"faces": {
				"north": {"uv": [0, 0, 0.25, 0.1], "rotation": 90, "texture": "#4"},
				"east": {"uv": [0, 0, 0.25, 0.25], "rotation": 180, "texture": "#4"},
				"south": {"uv": [0, 0, 0.25, 0.1], "rotation": 270, "texture": "#4"},
				"west": {"uv": [0, 0, 0.25, 0.25], "texture": "#4"},
				"up": {"uv": [0, 0, 0.25, 0.1], "rotation": 270, "texture": "#4"},
				"down": {"uv": [0, 0, 0.25, 0.1], "rotation": 270, "texture": "#4"}
			}
		},
		{
			"from": [13.65, 12.2, 5.84],
			"to": [13.8, 12.35, 5.9],
			"rotation": {"angle": 0, "axis": "y", "origin": [5.3, 8, 8]},
			"faces": {
				"north": {"uv": [0, 0, 0.25, 0.25], "texture": "#4"},
				"east": {"uv": [0, 0, 0.25, 0.1], "rotation": 90, "texture": "#4"},
				"south": {"uv": [0, 0, 0.25, 0.25], "rotation": 180, "texture": "#4"},
				"west": {"uv": [0, 0, 0.25, 0.1], "rotation": 270, "texture": "#4"},
				"up": {"uv": [0, 0, 0.25, 0.1], "texture": "#4"},
				"down": {"uv": [0, 0, 0.25, 0.1], "rotation": 180, "texture": "#4"}
			}
		},
		{
			"from": [13.05, 12.5, 6.44],
			"to": [13.2, 12.65, 6.5],
			"rotation": {"angle": 0, "axis": "y", "origin": [5.3, 8, 8]},
			"faces": {
				"north": {"uv": [0, 0, 0.25, 0.25], "texture": "#4"},
				"east": {"uv": [0, 0, 0.25, 0.1], "rotation": 90, "texture": "#4"},
				"south": {"uv": [0, 0, 0.25, 0.25], "rotation": 180, "texture": "#4"},
				"west": {"uv": [0, 0, 0.25, 0.1], "rotation": 270, "texture": "#4"},
				"up": {"uv": [0, 0, 0.25, 0.1], "texture": "#4"},
				"down": {"uv": [0, 0, 0.25, 0.1], "rotation": 180, "texture": "#4"}
			}
		},
		{
			"from": [13.95, 12.65, 6.44],
			"to": [14.1, 12.8, 6.5],
			"rotation": {"angle": 0, "axis": "y", "origin": [5.3, 8, 8]},
			"faces": {
				"north": {"uv": [0, 0, 0.25, 0.25], "texture": "#4"},
				"east": {"uv": [0, 0, 0.25, 0.1], "rotation": 90, "texture": "#4"},
				"south": {"uv": [0, 0, 0.25, 0.25], "rotation": 180, "texture": "#4"},
				"west": {"uv": [0, 0, 0.25, 0.1], "rotation": 270, "texture": "#4"},
				"up": {"uv": [0, 0, 0.25, 0.1], "texture": "#4"},
				"down": {"uv": [0, 0, 0.25, 0.1], "rotation": 180, "texture": "#4"}
			}
		},
		{
			"from": [13.8, 12.2, 6.2],
			"to": [14.4, 12.5, 6.5],
			"rotation": {"angle": 0, "axis": "y", "origin": [5.3, 8, 8]},
			"faces": {
				"north": {"uv": [0, 0, 1, 0.5], "texture": "#1"},
				"east": {"uv": [0, 0, 0.5, 0.5], "texture": "#1"},
				"south": {"uv": [0, 0, 1, 0.5], "texture": "#1"},
				"west": {"uv": [0, 0, 0.5, 0.5], "texture": "#1"},
				"up": {"uv": [0, 0, 0.5, 1], "rotation": 90, "texture": "#1"},
				"down": {"uv": [0, 0, 0.5, 1], "rotation": 270, "texture": "#1"}
			}
		},
		{
			"from": [12.6, 12.2, 8.3],
			"to": [13.2, 12.5, 8.6],
			"rotation": {"angle": 0, "axis": "y", "origin": [5.3, 8, 8]},
			"faces": {
				"north": {"uv": [0, 0, 1, 0.5], "texture": "#1"},
				"east": {"uv": [0, 0, 0.5, 0.5], "texture": "#1"},
				"south": {"uv": [0, 0, 1, 0.5], "texture": "#1"},
				"west": {"uv": [0, 0, 0.5, 0.5], "texture": "#1"},
				"up": {"uv": [0, 0, 0.5, 1], "rotation": 270, "texture": "#1"},
				"down": {"uv": [0, 0, 0.5, 1], "rotation": 90, "texture": "#1"}
			}
		},
		{
			"from": [13.2, 12.2, 5.9],
			"to": [13.8, 12.5, 6.2],
			"rotation": {"angle": 0, "axis": "y", "origin": [5.3, 8, 8]},
			"faces": {
				"north": {"uv": [0, 0, 1, 0.5], "texture": "#1"},
				"east": {"uv": [0, 0, 0.5, 0.5], "texture": "#1"},
				"south": {"uv": [0, 0, 1, 0.5], "texture": "#1"},
				"west": {"uv": [0, 0, 0.5, 0.5], "texture": "#1"},
				"up": {"uv": [0, 0, 0.5, 1], "rotation": 90, "texture": "#1"},
				"down": {"uv": [0, 0, 0.5, 1], "rotation": 270, "texture": "#1"}
			}
		},
		{
			"from": [13.2, 12.5, 6.2],
			"to": [13.8, 12.8, 6.5],
			"rotation": {"angle": 0, "axis": "y", "origin": [5.3, 8, 8]},
			"faces": {
				"north": {"uv": [0, 0, 1, 0.5], "texture": "#2"},
				"east": {"uv": [0, 0, 0.5, 0.5], "texture": "#2"},
				"south": {"uv": [0, 0, 1, 0.5], "texture": "#2"},
				"west": {"uv": [0, 0, 0.5, 0.5], "texture": "#2"},
				"up": {"uv": [0, 0, 0.5, 1], "rotation": 90, "texture": "#2"},
				"down": {"uv": [0, 0, 0.5, 1], "rotation": 270, "texture": "#2"}
			}
		},
		{
			"from": [13.2, 12.5, 8.3],
			"to": [13.8, 12.8, 8.6],
			"rotation": {"angle": 0, "axis": "y", "origin": [5.3, 8, 8]},
			"faces": {
				"north": {"uv": [0, 0, 1, 0.5], "texture": "#2"},
				"east": {"uv": [0, 0, 0.5, 0.5], "texture": "#2"},
				"south": {"uv": [0, 0, 1, 0.5], "texture": "#2"},
				"west": {"uv": [0, 0, 0.5, 0.5], "texture": "#2"},
				"up": {"uv": [0, 0, 0.5, 1], "rotation": 90, "texture": "#2"},
				"down": {"uv": [0, 0, 0.5, 1], "rotation": 270, "texture": "#2"}
			}
		},
		{
			"from": [13.2, 12.2, 8.6],
			"to": [13.8, 12.5, 8.9],
			"rotation": {"angle": 0, "axis": "y", "origin": [5.3, 8, 8]},
			"faces": {
				"north": {"uv": [0, 0, 1, 0.5], "texture": "#1"},
				"east": {"uv": [0, 0, 0.5, 0.5], "texture": "#1"},
				"south": {"uv": [0, 0, 1, 0.5], "texture": "#1"},
				"west": {"uv": [0, 0, 0.5, 0.5], "texture": "#1"},
				"up": {"uv": [0, 0, 0.5, 1], "rotation": 270, "texture": "#1"},
				"down": {"uv": [0, 0, 0.5, 1], "rotation": 90, "texture": "#1"}
			}
		},
		{
			"from": [12.6, 12.2, 6.2],
			"to": [13.2, 12.5, 6.5],
			"rotation": {"angle": 0, "axis": "y", "origin": [5.3, 8, 8]},
			"faces": {
				"north": {"uv": [0, 0, 1, 0.5], "texture": "#1"},
				"east": {"uv": [0, 0, 0.5, 0.5], "texture": "#1"},
				"south": {"uv": [0, 0, 1, 0.5], "texture": "#1"},
				"west": {"uv": [0, 0, 0.5, 0.5], "texture": "#1"},
				"up": {"uv": [0, 0, 0.5, 1], "rotation": 90, "texture": "#1"},
				"down": {"uv": [0, 0, 0.5, 1], "rotation": 270, "texture": "#1"}
			}
		},
		{
			"from": [13.8, 12.2, 8.3],
			"to": [14.4, 12.5, 8.6],
			"rotation": {"angle": 0, "axis": "y", "origin": [5.3, 8, 8]},
			"faces": {
				"north": {"uv": [0, 0, 1, 0.5], "texture": "#1"},
				"east": {"uv": [0, 0, 0.5, 0.5], "texture": "#1"},
				"south": {"uv": [0, 0, 1, 0.5], "texture": "#1"},
				"west": {"uv": [0, 0, 0.5, 0.5], "texture": "#1"},
				"up": {"uv": [0, 0, 0.5, 1], "rotation": 270, "texture": "#1"},
				"down": {"uv": [0, 0, 0.5, 1], "rotation": 90, "texture": "#1"}
			}
		},
		{
			"from": [9.845, 8.255, 7.915],
			"to": [10.3, 8.71, 8.825],
			"rotation": {"angle": 0, "axis": "y", "origin": [6.635, 9.365, 8.91]},
			"faces": {
				"north": {"uv": [0, 0, 0.5, 0.5], "texture": "#1"},
				"east": {"uv": [0, 0, 1, 0.5], "texture": "#1"},
				"south": {"uv": [0, 0, 0.5, 0.5], "texture": "#1"},
				"west": {"uv": [0, 0, 1, 0.5], "texture": "#1"},
				"up": {"uv": [0, 0, 1, 0.5], "rotation": 90, "texture": "#1"},
				"down": {"uv": [0, 0, 1, 0.5], "rotation": 270, "texture": "#1"}
			}
		},
		{
			"from": [6.66, 8.255, 9.735],
			"to": [7.115, 8.71, 10.645],
			"rotation": {"angle": 0, "axis": "y", "origin": [6.635, 9.365, 8.91]},
			"faces": {
				"north": {"uv": [0, 0, 0.5, 0.5], "texture": "#1"},
				"east": {"uv": [0, 0, 1, 0.5], "texture": "#1"},
				"south": {"uv": [0, 0, 0.5, 0.5], "texture": "#1"},
				"west": {"uv": [0, 0, 1, 0.5], "texture": "#1"},
				"up": {"uv": [0, 0, 1, 0.5], "rotation": 270, "texture": "#1"},
				"down": {"uv": [0, 0, 1, 0.5], "rotation": 90, "texture": "#1"}
			}
		},
		{
			"from": [6.66, 8.255, 7.915],
			"to": [7.115, 8.71, 8.825],
			"rotation": {"angle": 0, "axis": "y", "origin": [6.635, 9.365, 8.91]},
			"faces": {
				"north": {"uv": [0, 0, 0.5, 0.5], "texture": "#1"},
				"east": {"uv": [0, 0, 1, 0.5], "texture": "#1"},
				"south": {"uv": [0, 0, 0.5, 0.5], "texture": "#1"},
				"west": {"uv": [0, 0, 1, 0.5], "texture": "#1"},
				"up": {"uv": [0, 0, 1, 0.5], "rotation": 90, "texture": "#1"},
				"down": {"uv": [0, 0, 1, 0.5], "rotation": 270, "texture": "#1"}
			}
		},
		{
			"from": [9.845, 8.255, 9.735],
			"to": [10.3, 8.71, 10.645],
			"rotation": {"angle": 0, "axis": "y", "origin": [6.635, 9.365, 8.91]},
			"faces": {
				"north": {"uv": [0, 0, 0.5, 0.5], "texture": "#1"},
				"east": {"uv": [0, 0, 1, 0.5], "texture": "#1"},
				"south": {"uv": [0, 0, 0.5, 0.5], "texture": "#1"},
				"west": {"uv": [0, 0, 1, 0.5], "texture": "#1"},
				"up": {"uv": [0, 0, 1, 0.5], "rotation": 270, "texture": "#1"},
				"down": {"uv": [0, 0, 1, 0.5], "rotation": 90, "texture": "#1"}
			}
		},
		{
			"from": [6.205, 8.255, 8.825],
			"to": [6.66, 8.71, 9.735],
			"rotation": {"angle": 0, "axis": "y", "origin": [6.635, 9.365, 8.91]},
			"faces": {
				"north": {"uv": [0, 0, 0.5, 0.5], "texture": "#1"},
				"east": {"uv": [0, 0, 1, 0.5], "texture": "#1"},
				"south": {"uv": [0, 0, 0.5, 0.5], "texture": "#1"},
				"west": {"uv": [0, 0, 1, 0.5], "texture": "#1"},
				"up": {"uv": [0, 0, 1, 0.5], "rotation": 90, "texture": "#1"},
				"down": {"uv": [0, 0, 1, 0.5], "rotation": 270, "texture": "#1"}
			}
		},
		{
			"from": [6.66, 8.71, 8.825],
			"to": [7.115, 9.165, 9.735],
			"rotation": {"angle": 0, "axis": "y", "origin": [6.635, 9.365, 8.91]},
			"faces": {
				"north": {"uv": [0, 0, 0.5, 0.5], "texture": "#2"},
				"east": {"uv": [0, 0, 1, 0.5], "texture": "#2"},
				"south": {"uv": [0, 0, 0.5, 0.5], "texture": "#2"},
				"west": {"uv": [0, 0, 1, 0.5], "texture": "#2"},
				"up": {"uv": [0, 0, 1, 0.5], "rotation": 90, "texture": "#2"},
				"down": {"uv": [0, 0, 1, 0.5], "rotation": 270, "texture": "#2"}
			}
		},
		{
			"from": [9.845, 8.71, 8.825],
			"to": [10.3, 9.165, 9.735],
			"rotation": {"angle": 0, "axis": "y", "origin": [6.635, 9.365, 8.91]},
			"faces": {
				"north": {"uv": [0, 0, 0.5, 0.5], "texture": "#2"},
				"east": {"uv": [0, 0, 1, 0.5], "texture": "#2"},
				"south": {"uv": [0, 0, 0.5, 0.5], "texture": "#2"},
				"west": {"uv": [0, 0, 1, 0.5], "texture": "#2"},
				"up": {"uv": [0, 0, 1, 0.5], "rotation": 90, "texture": "#2"},
				"down": {"uv": [0, 0, 1, 0.5], "rotation": 270, "texture": "#2"}
			}
		},
		{
			"from": [10.3, 8.255, 8.825],
			"to": [10.755, 8.71, 9.735],
			"rotation": {"angle": 0, "axis": "y", "origin": [6.635, 9.365, 8.91]},
			"faces": {
				"north": {"uv": [0, 0, 0.5, 0.5], "texture": "#1"},
				"east": {"uv": [0, 0, 1, 0.5], "texture": "#1"},
				"south": {"uv": [0, 0, 0.5, 0.5], "texture": "#1"},
				"west": {"uv": [0, 0, 1, 0.5], "texture": "#1"},
				"up": {"uv": [0, 0, 1, 0.5], "rotation": 270, "texture": "#1"},
				"down": {"uv": [0, 0, 1, 0.5], "rotation": 90, "texture": "#1"}
			}
		},
		{
			"from": [7.115, 8.71, 7.915],
			"to": [9.845, 9.165, 10.645],
			"rotation": {"angle": 0, "axis": "y", "origin": [6.635, 9.365, 8.91]},
			"faces": {
				"north": {"uv": [0, 0, 3, 0.5], "texture": "#2"},
				"east": {"uv": [0, 0, 3, 0.5], "texture": "#2"},
				"south": {"uv": [0, 0, 3, 0.5], "texture": "#2"},
				"west": {"uv": [0, 0, 3, 0.5], "texture": "#2"},
				"up": {"uv": [0, 0, 3, 3], "rotation": 270, "texture": "#2"},
				"down": {"uv": [0, 0, 3, 3], "rotation": 90, "texture": "#2"}
			}
		},
		{
			"from": [8.025, 9.165, 8.37],
			"to": [8.48, 9.256, 8.825],
			"rotation": {"angle": 0, "axis": "y", "origin": [6.635, 9.365, 8.91]},
			"faces": {
				"north": {"uv": [0, 0, 0.5, 0.1], "texture": "#4"},
				"east": {"uv": [0, 0, 0.5, 0.1], "texture": "#4"},
				"south": {"uv": [0, 0, 0.5, 0.1], "texture": "#4"},
				"west": {"uv": [0, 0, 0.5, 0.1], "texture": "#4"},
				"up": {"uv": [0, 0, 0.5, 0.5], "rotation": 270, "texture": "#4"},
				"down": {"uv": [0, 0, 0.5, 0.5], "rotation": 90, "texture": "#4"}
			}
		},
		{
			"from": [10.3, 8.71, 8.825],
			"to": [10.391, 8.9375, 9.0525],
			"rotation": {"angle": 0, "axis": "y", "origin": [6.635, 9.365, 8.91]},
			"faces": {
				"north": {"uv": [0, 0, 0.25, 0.1], "rotation": 270, "texture": "#4"},
				"east": {"uv": [0, 0, 0.25, 0.25], "texture": "#4"},
				"south": {"uv": [0, 0, 0.25, 0.1], "rotation": 90, "texture": "#4"},
				"west": {"uv": [0, 0, 0.25, 0.25], "rotation": 180, "texture": "#4"},
				"up": {"uv": [0, 0, 0.25, 0.1], "rotation": 90, "texture": "#4"},
				"down": {"uv": [0, 0, 0.25, 0.1], "rotation": 90, "texture": "#4"}
			}
		},
		{
			"from": [9.845, 8.255, 10.645],
			"to": [9.936, 8.4825, 10.8725],
			"rotation": {"angle": 0, "axis": "y", "origin": [6.635, 9.365, 8.91]},
			"faces": {
				"north": {"uv": [0, 0, 0.25, 0.1], "rotation": 270, "texture": "#4"},
				"east": {"uv": [0, 0, 0.25, 0.25], "texture": "#4"},
				"south": {"uv": [0, 0, 0.25, 0.1], "rotation": 90, "texture": "#4"},
				"west": {"uv": [0, 0, 0.25, 0.25], "rotation": 180, "texture": "#4"},
				"up": {"uv": [0, 0, 0.25, 0.1], "rotation": 90, "texture": "#4"},
				"down": {"uv": [0, 0, 0.25, 0.1], "rotation": 90, "texture": "#4"}
			}
		},
		{
			"from": [9.1625, 8.71, 10.645],
			"to": [9.39, 8.9375, 10.736],
			"rotation": {"angle": 0, "axis": "y", "origin": [6.635, 9.365, 8.91]},
			"faces": {
				"north": {"uv": [0, 0, 0.25, 0.25], "rotation": 180, "texture": "#4"},
				"east": {"uv": [0, 0, 0.25, 0.1], "rotation": 270, "texture": "#4"},
				"south": {"uv": [0, 0, 0.25, 0.25], "texture": "#4"},
				"west": {"uv": [0, 0, 0.25, 0.1], "rotation": 90, "texture": "#4"},
				"up": {"uv": [0, 0, 0.25, 0.1], "rotation": 180, "texture": "#4"},
				"down": {"uv": [0, 0, 0.25, 0.1], "texture": "#4"}
			}
		},
		{
			"from": [7.934, 8.71, 7.6875],
			"to": [8.025, 8.9375, 7.915],
			"rotation": {"angle": 0, "axis": "y", "origin": [6.635, 9.365, 8.91]},
			"faces": {
				"north": {"uv": [0, 0, 0.25, 0.1], "rotation": 90, "texture": "#4"},
				"east": {"uv": [0, 0, 0.25, 0.25], "rotation": 180, "texture": "#4"},
				"south": {"uv": [0, 0, 0.25, 0.1], "rotation": 270, "texture": "#4"},
				"west": {"uv": [0, 0, 0.25, 0.25], "texture": "#4"},
				"up": {"uv": [0, 0, 0.25, 0.1], "rotation": 270, "texture": "#4"},
				"down": {"uv": [0, 0, 0.25, 0.1], "rotation": 270, "texture": "#4"}
			}
		},
		{
			"from": [8.7075, 8.255, 6.914],
			"to": [8.935, 8.4825, 7.005],
			"rotation": {"angle": 0, "axis": "y", "origin": [6.635, 9.365, 8.91]},
			"faces": {
				"north": {"uv": [0, 0, 0.25, 0.25], "texture": "#4"},
				"east": {"uv": [0, 0, 0.25, 0.1], "rotation": 90, "texture": "#4"},
				"south": {"uv": [0, 0, 0.25, 0.25], "rotation": 180, "texture": "#4"},
				"west": {"uv": [0, 0, 0.25, 0.1], "rotation": 270, "texture": "#4"},
				"up": {"uv": [0, 0, 0.25, 0.1], "texture": "#4"},
				"down": {"uv": [0, 0, 0.25, 0.1], "rotation": 180, "texture": "#4"}
			}
		},
		{
			"from": [7.7975, 8.71, 7.824],
			"to": [8.025, 8.9375, 7.915],
			"rotation": {"angle": 0, "axis": "y", "origin": [6.635, 9.365, 8.91]},
			"faces": {
				"north": {"uv": [0, 0, 0.25, 0.25], "texture": "#4"},
				"east": {"uv": [0, 0, 0.25, 0.1], "rotation": 90, "texture": "#4"},
				"south": {"uv": [0, 0, 0.25, 0.25], "rotation": 180, "texture": "#4"},
				"west": {"uv": [0, 0, 0.25, 0.1], "rotation": 270, "texture": "#4"},
				"up": {"uv": [0, 0, 0.25, 0.1], "texture": "#4"},
				"down": {"uv": [0, 0, 0.25, 0.1], "rotation": 180, "texture": "#4"}
			}
		},
		{
			"from": [9.1625, 8.9375, 7.824],
			"to": [9.39, 9.165, 7.915],
			"rotation": {"angle": 0, "axis": "y", "origin": [6.635, 9.365, 8.91]},
			"faces": {
				"north": {"uv": [0, 0, 0.25, 0.25], "texture": "#4"},
				"east": {"uv": [0, 0, 0.25, 0.1], "rotation": 90, "texture": "#4"},
				"south": {"uv": [0, 0, 0.25, 0.25], "rotation": 180, "texture": "#4"},
				"west": {"uv": [0, 0, 0.25, 0.1], "rotation": 270, "texture": "#4"},
				"up": {"uv": [0, 0, 0.25, 0.1], "texture": "#4"},
				"down": {"uv": [0, 0, 0.25, 0.1], "rotation": 180, "texture": "#4"}
			}
		},
		{
			"from": [6.114, 8.255, 9.0525],
			"to": [6.205, 8.4825, 9.28],
			"rotation": {"angle": 0, "axis": "y", "origin": [6.635, 9.365, 8.91]},
			"faces": {
				"north": {"uv": [0, 0, 0.25, 0.1], "rotation": 90, "texture": "#4"},
				"east": {"uv": [0, 0, 0.25, 0.25], "rotation": 180, "texture": "#4"},
				"south": {"uv": [0, 0, 0.25, 0.1], "rotation": 270, "texture": "#4"},
				"west": {"uv": [0, 0, 0.25, 0.25], "texture": "#4"},
				"up": {"uv": [0, 0, 0.25, 0.1], "rotation": 270, "texture": "#4"},
				"down": {"uv": [0, 0, 0.25, 0.1], "rotation": 270, "texture": "#4"}
			}
		},
		{
			"from": [8.935, 8.255, 7.46],
			"to": [9.845, 8.71, 7.915],
			"rotation": {"angle": 0, "axis": "y", "origin": [6.635, 9.365, 8.91]},
			"faces": {
				"north": {"uv": [0, 0, 1, 0.5], "texture": "#1"},
				"east": {"uv": [0, 0, 0.5, 0.5], "texture": "#1"},
				"south": {"uv": [0, 0, 1, 0.5], "texture": "#1"},
				"west": {"uv": [0, 0, 0.5, 0.5], "texture": "#1"},
				"up": {"uv": [0, 0, 0.5, 1], "rotation": 90, "texture": "#1"},
				"down": {"uv": [0, 0, 0.5, 1], "rotation": 270, "texture": "#1"}
			}
		},
		{
			"from": [7.115, 8.255, 10.645],
			"to": [8.025, 8.71, 11.1],
			"rotation": {"angle": 0, "axis": "y", "origin": [6.635, 9.365, 8.91]},
			"faces": {
				"north": {"uv": [0, 0, 1, 0.5], "texture": "#1"},
				"east": {"uv": [0, 0, 0.5, 0.5], "texture": "#1"},
				"south": {"uv": [0, 0, 1, 0.5], "texture": "#1"},
				"west": {"uv": [0, 0, 0.5, 0.5], "texture": "#1"},
				"up": {"uv": [0, 0, 0.5, 1], "rotation": 270, "texture": "#1"},
				"down": {"uv": [0, 0, 0.5, 1], "rotation": 90, "texture": "#1"}
			}
		},
		{
			"from": [8.025, 8.255, 7.005],
			"to": [8.935, 8.71, 7.46],
			"rotation": {"angle": 0, "axis": "y", "origin": [6.635, 9.365, 8.91]},
			"faces": {
				"north": {"uv": [0, 0, 1, 0.5], "texture": "#1"},
				"east": {"uv": [0, 0, 0.5, 0.5], "texture": "#1"},
				"south": {"uv": [0, 0, 1, 0.5], "texture": "#1"},
				"west": {"uv": [0, 0, 0.5, 0.5], "texture": "#1"},
				"up": {"uv": [0, 0, 0.5, 1], "rotation": 90, "texture": "#1"},
				"down": {"uv": [0, 0, 0.5, 1], "rotation": 270, "texture": "#1"}
			}
		},
		{
			"from": [8.025, 8.71, 7.46],
			"to": [8.935, 9.165, 7.915],
			"rotation": {"angle": 0, "axis": "y", "origin": [6.635, 9.365, 8.91]},
			"faces": {
				"north": {"uv": [0, 0, 1, 0.5], "texture": "#2"},
				"east": {"uv": [0, 0, 0.5, 0.5], "texture": "#2"},
				"south": {"uv": [0, 0, 1, 0.5], "texture": "#2"},
				"west": {"uv": [0, 0, 0.5, 0.5], "texture": "#2"},
				"up": {"uv": [0, 0, 0.5, 1], "rotation": 90, "texture": "#2"},
				"down": {"uv": [0, 0, 0.5, 1], "rotation": 270, "texture": "#2"}
			}
		},
		{
			"from": [8.025, 8.71, 10.645],
			"to": [8.935, 9.165, 11.1],
			"rotation": {"angle": 0, "axis": "y", "origin": [6.635, 9.365, 8.91]},
			"faces": {
				"north": {"uv": [0, 0, 1, 0.5], "texture": "#2"},
				"east": {"uv": [0, 0, 0.5, 0.5], "texture": "#2"},
				"south": {"uv": [0, 0, 1, 0.5], "texture": "#2"},
				"west": {"uv": [0, 0, 0.5, 0.5], "texture": "#2"},
				"up": {"uv": [0, 0, 0.5, 1], "rotation": 90, "texture": "#2"},
				"down": {"uv": [0, 0, 0.5, 1], "rotation": 270, "texture": "#2"}
			}
		},
		{
			"from": [7.115, 8.255, 7.46],
			"to": [8.025, 8.71, 7.915],
			"rotation": {"angle": 0, "axis": "y", "origin": [6.635, 9.365, 8.91]},
			"faces": {
				"north": {"uv": [0, 0, 1, 0.5], "texture": "#1"},
				"east": {"uv": [0, 0, 0.5, 0.5], "texture": "#1"},
				"south": {"uv": [0, 0, 1, 0.5], "texture": "#1"},
				"west": {"uv": [0, 0, 0.5, 0.5], "texture": "#1"},
				"up": {"uv": [0, 0, 0.5, 1], "rotation": 90, "texture": "#1"},
				"down": {"uv": [0, 0, 0.5, 1], "rotation": 270, "texture": "#1"}
			}
		},
		{
			"from": [8.025, 8.255, 11.035],
			"to": [8.935, 8.71, 11.49],
			"rotation": {"angle": 0, "axis": "y", "origin": [6.635, 9.365, 8.91]},
			"faces": {
				"north": {"uv": [0, 0, 1, 0.5], "texture": "#1"},
				"east": {"uv": [0, 0, 0.5, 0.5], "texture": "#1"},
				"south": {"uv": [0, 0, 1, 0.5], "texture": "#1"},
				"west": {"uv": [0, 0, 0.5, 0.5], "texture": "#1"},
				"up": {"uv": [0, 0, 0.5, 1], "rotation": 270, "texture": "#1"},
				"down": {"uv": [0, 0, 0.5, 1], "rotation": 90, "texture": "#1"}
			}
		},
		{
			"from": [5.4, 5.6, 10.7],
			"to": [5.7, 5.9, 11.3],
			"rotation": {"angle": 0, "axis": "y", "origin": [5.3, 8, 8]},
			"faces": {
				"north": {"uv": [0, 0, 0.5, 0.5], "texture": "#1"},
				"east": {"uv": [0, 0, 1, 0.5], "texture": "#1"},
				"south": {"uv": [0, 0, 0.5, 0.5], "texture": "#1"},
				"west": {"uv": [0, 0, 1, 0.5], "texture": "#1"},
				"up": {"uv": [0, 0, 1, 0.5], "rotation": 90, "texture": "#1"},
				"down": {"uv": [0, 0, 1, 0.5], "rotation": 270, "texture": "#1"}
			}
		},
		{
			"from": [3.3, 5.6, 11.9],
			"to": [3.6, 5.9, 12.5],
			"rotation": {"angle": 0, "axis": "y", "origin": [5.3, 8, 8]},
			"faces": {
				"north": {"uv": [0, 0, 0.5, 0.5], "texture": "#1"},
				"east": {"uv": [0, 0, 1, 0.5], "texture": "#1"},
				"south": {"uv": [0, 0, 0.5, 0.5], "texture": "#1"},
				"west": {"uv": [0, 0, 1, 0.5], "texture": "#1"},
				"up": {"uv": [0, 0, 1, 0.5], "rotation": 270, "texture": "#1"},
				"down": {"uv": [0, 0, 1, 0.5], "rotation": 90, "texture": "#1"}
			}
		},
		{
			"from": [3.3, 5.6, 10.7],
			"to": [3.6, 5.9, 11.3],
			"rotation": {"angle": 0, "axis": "y", "origin": [5.3, 8, 8]},
			"faces": {
				"north": {"uv": [0, 0, 0.5, 0.5], "texture": "#1"},
				"east": {"uv": [0, 0, 1, 0.5], "texture": "#1"},
				"south": {"uv": [0, 0, 0.5, 0.5], "texture": "#1"},
				"west": {"uv": [0, 0, 1, 0.5], "texture": "#1"},
				"up": {"uv": [0, 0, 1, 0.5], "rotation": 270, "texture": "#1"},
				"down": {"uv": [0, 0, 1, 0.5], "rotation": 90, "texture": "#1"}
			}
		},
		{
			"from": [3, 5.6, 11.3],
			"to": [3.3, 5.9, 11.9],
			"rotation": {"angle": 0, "axis": "y", "origin": [5.3, 8, 8]},
			"faces": {
				"north": {"uv": [0, 0, 0.5, 0.5], "texture": "#1"},
				"east": {"uv": [0, 0, 1, 0.5], "texture": "#1"},
				"south": {"uv": [0, 0, 0.5, 0.5], "texture": "#1"},
				"west": {"uv": [0, 0, 1, 0.5], "texture": "#1"},
				"up": {"uv": [0, 0, 1, 0.5], "rotation": 270, "texture": "#1"},
				"down": {"uv": [0, 0, 1, 0.5], "rotation": 90, "texture": "#1"}
			}
		},
		{
			"from": [5.4, 5.6, 11.9],
			"to": [5.7, 5.9, 12.5],
			"rotation": {"angle": 0, "axis": "y", "origin": [5.3, 8, 8]},
			"faces": {
				"north": {"uv": [0, 0, 0.5, 0.5], "texture": "#1"},
				"east": {"uv": [0, 0, 1, 0.5], "texture": "#1"},
				"south": {"uv": [0, 0, 0.5, 0.5], "texture": "#1"},
				"west": {"uv": [0, 0, 1, 0.5], "texture": "#1"},
				"up": {"uv": [0, 0, 1, 0.5], "rotation": 270, "texture": "#1"},
				"down": {"uv": [0, 0, 1, 0.5], "rotation": 90, "texture": "#1"}
			}
		},
		{
			"from": [3.3, 5.9, 11.3],
			"to": [3.6, 6.2, 11.9],
			"rotation": {"angle": 0, "axis": "y", "origin": [5.3, 8, 8]},
			"faces": {
				"north": {"uv": [0, 0, 0.5, 0.5], "texture": "#2"},
				"east": {"uv": [0, 0, 1, 0.5], "texture": "#2"},
				"south": {"uv": [0, 0, 0.5, 0.5], "texture": "#2"},
				"west": {"uv": [0, 0, 1, 0.5], "texture": "#2"},
				"up": {"uv": [0, 0, 1, 0.5], "rotation": 90, "texture": "#2"},
				"down": {"uv": [0, 0, 1, 0.5], "rotation": 270, "texture": "#2"}
			}
		},
		{
			"from": [5.4, 5.9, 11.3],
			"to": [5.7, 6.2, 11.9],
			"rotation": {"angle": 0, "axis": "y", "origin": [5.3, 8, 8]},
			"faces": {
				"north": {"uv": [0, 0, 0.5, 0.5], "texture": "#2"},
				"east": {"uv": [0, 0, 1, 0.5], "texture": "#2"},
				"south": {"uv": [0, 0, 0.5, 0.5], "texture": "#2"},
				"west": {"uv": [0, 0, 1, 0.5], "texture": "#2"},
				"up": {"uv": [0, 0, 1, 0.5], "rotation": 90, "texture": "#2"},
				"down": {"uv": [0, 0, 1, 0.5], "rotation": 270, "texture": "#2"}
			}
		},
		{
			"from": [5.7, 5.6, 11.3],
			"to": [6, 5.9, 11.9],
			"rotation": {"angle": 0, "axis": "y", "origin": [5.3, 8, 8]},
			"faces": {
				"north": {"uv": [0, 0, 0.5, 0.5], "texture": "#1"},
				"east": {"uv": [0, 0, 1, 0.5], "texture": "#1"},
				"south": {"uv": [0, 0, 0.5, 0.5], "texture": "#1"},
				"west": {"uv": [0, 0, 1, 0.5], "texture": "#1"},
				"up": {"uv": [0, 0, 1, 0.5], "rotation": 270, "texture": "#1"},
				"down": {"uv": [0, 0, 1, 0.5], "rotation": 90, "texture": "#1"}
			}
		},
		{
			"from": [3.6, 5.9, 10.7006],
			"to": [5.4, 6.2, 12.4946],
			"rotation": {"angle": 0, "axis": "y", "origin": [5.3, 8, 8]},
			"faces": {
				"north": {"uv": [0, 0, 3, 0.5], "texture": "#2"},
				"east": {"uv": [0, 0, 2.99, 0.5], "texture": "#2"},
				"south": {"uv": [0, 0, 3, 0.5], "texture": "#2"},
				"west": {"uv": [0, 0, 2.99, 0.5], "texture": "#2"},
				"up": {"uv": [0, 0, 2.99, 3], "rotation": 270, "texture": "#2"},
				"down": {"uv": [0, 0, 2.99, 3], "rotation": 90, "texture": "#2"}
			}
		},
		{
			"from": [4.8, 6.2, 11.9],
			"to": [5.1, 6.26, 12.2],
			"rotation": {"angle": 0, "axis": "y", "origin": [5.3, 8, 8]},
			"faces": {
				"north": {"uv": [0, 0, 0.5, 0.1], "texture": "#4"},
				"east": {"uv": [0, 0, 0.5, 0.1], "texture": "#4"},
				"south": {"uv": [0, 0, 0.5, 0.1], "texture": "#4"},
				"west": {"uv": [0, 0, 0.5, 0.1], "texture": "#4"},
				"up": {"uv": [0, 0, 0.5, 0.5], "rotation": 270, "texture": "#4"},
				"down": {"uv": [0, 0, 0.5, 0.5], "rotation": 90, "texture": "#4"}
			}
		},
		{
			"from": [4.2, 6.2, 11],
			"to": [4.5, 6.26, 11.3],
			"rotation": {"angle": 0, "axis": "y", "origin": [5.3, 8, 8]},
			"faces": {
				"north": {"uv": [0, 0, 0.5, 0.1], "texture": "#4"},
				"east": {"uv": [0, 0, 0.5, 0.1], "texture": "#4"},
				"south": {"uv": [0, 0, 0.5, 0.1], "texture": "#4"},
				"west": {"uv": [0, 0, 0.5, 0.1], "texture": "#4"},
				"up": {"uv": [0, 0, 0.5, 0.5], "rotation": 270, "texture": "#4"},
				"down": {"uv": [0, 0, 0.5, 0.5], "rotation": 90, "texture": "#4"}
			}
		},
		{
			"from": [5.7, 5.9, 11.3],
			"to": [5.76, 6.05, 11.45],
			"rotation": {"angle": 0, "axis": "y", "origin": [5.3, 8, 8]},
			"faces": {
				"north": {"uv": [0, 0, 0.25, 0.1], "rotation": 270, "texture": "#4"},
				"east": {"uv": [0, 0, 0.25, 0.25], "texture": "#4"},
				"south": {"uv": [0, 0, 0.25, 0.1], "rotation": 90, "texture": "#4"},
				"west": {"uv": [0, 0, 0.25, 0.25], "rotation": 180, "texture": "#4"},
				"up": {"uv": [0, 0, 0.25, 0.1], "rotation": 90, "texture": "#4"},
				"down": {"uv": [0, 0, 0.25, 0.1], "rotation": 90, "texture": "#4"}
			}
		},
		{
			"from": [5.4, 5.6, 12.5],
			"to": [5.46, 5.75, 12.65],
			"rotation": {"angle": 0, "axis": "y", "origin": [5.3, 8, 8]},
			"faces": {
				"north": {"uv": [0, 0, 0.25, 0.1], "rotation": 270, "texture": "#4"},
				"east": {"uv": [0, 0, 0.25, 0.25], "texture": "#4"},
				"south": {"uv": [0, 0, 0.25, 0.1], "rotation": 90, "texture": "#4"},
				"west": {"uv": [0, 0, 0.25, 0.25], "rotation": 180, "texture": "#4"},
				"up": {"uv": [0, 0, 0.25, 0.1], "rotation": 90, "texture": "#4"},
				"down": {"uv": [0, 0, 0.25, 0.1], "rotation": 90, "texture": "#4"}
			}
		},
		{
			"from": [4.95, 5.9, 12.5],
			"to": [5.1, 6.05, 12.56],
			"rotation": {"angle": 0, "axis": "y", "origin": [5.3, 8, 8]},
			"faces": {
				"north": {"uv": [0, 0, 0.25, 0.25], "rotation": 180, "texture": "#4"},
				"east": {"uv": [0, 0, 0.25, 0.1], "rotation": 270, "texture": "#4"},
				"south": {"uv": [0, 0, 0.25, 0.25], "texture": "#4"},
				"west": {"uv": [0, 0, 0.25, 0.1], "rotation": 90, "texture": "#4"},
				"up": {"uv": [0, 0, 0.25, 0.1], "rotation": 180, "texture": "#4"},
				"down": {"uv": [0, 0, 0.25, 0.1], "texture": "#4"}
			}
		},
		{
			"from": [4.14, 5.9, 10.55],
			"to": [4.2, 6.05, 10.7],
			"rotation": {"angle": 0, "axis": "y", "origin": [5.3, 8, 8]},
			"faces": {
				"north": {"uv": [0, 0, 0.25, 0.1], "rotation": 90, "texture": "#4"},
				"east": {"uv": [0, 0, 0.25, 0.25], "rotation": 180, "texture": "#4"},
				"south": {"uv": [0, 0, 0.25, 0.1], "rotation": 270, "texture": "#4"},
				"west": {"uv": [0, 0, 0.25, 0.25], "texture": "#4"},
				"up": {"uv": [0, 0, 0.25, 0.1], "rotation": 270, "texture": "#4"},
				"down": {"uv": [0, 0, 0.25, 0.1], "rotation": 270, "texture": "#4"}
			}
		},
		{
			"from": [4.65, 5.6, 10.04],
			"to": [4.8, 5.75, 10.1],
			"rotation": {"angle": 0, "axis": "y", "origin": [5.3, 8, 8]},
			"faces": {
				"north": {"uv": [0, 0, 0.25, 0.25], "texture": "#4"},
				"east": {"uv": [0, 0, 0.25, 0.1], "rotation": 90, "texture": "#4"},
				"south": {"uv": [0, 0, 0.25, 0.25], "rotation": 180, "texture": "#4"},
				"west": {"uv": [0, 0, 0.25, 0.1], "rotation": 270, "texture": "#4"},
				"up": {"uv": [0, 0, 0.25, 0.1], "texture": "#4"},
				"down": {"uv": [0, 0, 0.25, 0.1], "rotation": 180, "texture": "#4"}
			}
		},
		{
			"from": [4.05, 5.9, 10.64],
			"to": [4.2, 6.05, 10.7],
			"rotation": {"angle": 0, "axis": "y", "origin": [5.3, 8, 8]},
			"faces": {
				"north": {"uv": [0, 0, 0.25, 0.25], "texture": "#4"},
				"east": {"uv": [0, 0, 0.25, 0.1], "rotation": 90, "texture": "#4"},
				"south": {"uv": [0, 0, 0.25, 0.25], "rotation": 180, "texture": "#4"},
				"west": {"uv": [0, 0, 0.25, 0.1], "rotation": 270, "texture": "#4"},
				"up": {"uv": [0, 0, 0.25, 0.1], "texture": "#4"},
				"down": {"uv": [0, 0, 0.25, 0.1], "rotation": 180, "texture": "#4"}
			}
		},
		{
			"from": [4.95, 6.05, 10.64],
			"to": [5.1, 6.2, 10.7],
			"rotation": {"angle": 0, "axis": "y", "origin": [5.3, 8, 8]},
			"faces": {
				"north": {"uv": [0, 0, 0.25, 0.25], "texture": "#4"},
				"east": {"uv": [0, 0, 0.25, 0.1], "rotation": 90, "texture": "#4"},
				"south": {"uv": [0, 0, 0.25, 0.25], "rotation": 180, "texture": "#4"},
				"west": {"uv": [0, 0, 0.25, 0.1], "rotation": 270, "texture": "#4"},
				"up": {"uv": [0, 0, 0.25, 0.1], "texture": "#4"},
				"down": {"uv": [0, 0, 0.25, 0.1], "rotation": 180, "texture": "#4"}
			}
		},
		{
			"from": [4.8, 5.6, 10.4],
			"to": [5.4, 5.9, 10.7],
			"rotation": {"angle": 0, "axis": "y", "origin": [5.3, 8, 8]},
			"faces": {
				"north": {"uv": [0, 0, 1, 0.5], "texture": "#1"},
				"east": {"uv": [0, 0, 0.5, 0.5], "texture": "#1"},
				"south": {"uv": [0, 0, 1, 0.5], "texture": "#1"},
				"west": {"uv": [0, 0, 0.5, 0.5], "texture": "#1"},
				"up": {"uv": [0, 0, 0.5, 1], "rotation": 90, "texture": "#1"},
				"down": {"uv": [0, 0, 0.5, 1], "rotation": 270, "texture": "#1"}
			}
		},
		{
			"from": [3.6, 5.6, 12.5],
			"to": [4.2, 5.9, 12.8],
			"rotation": {"angle": 0, "axis": "y", "origin": [5.3, 8, 8]},
			"faces": {
				"north": {"uv": [0, 0, 1, 0.5], "texture": "#1"},
				"east": {"uv": [0, 0, 0.5, 0.5], "texture": "#1"},
				"south": {"uv": [0, 0, 1, 0.5], "texture": "#1"},
				"west": {"uv": [0, 0, 0.5, 0.5], "texture": "#1"},
				"up": {"uv": [0, 0, 0.5, 1], "rotation": 270, "texture": "#1"},
				"down": {"uv": [0, 0, 0.5, 1], "rotation": 90, "texture": "#1"}
			}
		},
		{
			"from": [4.2, 5.6, 10.1],
			"to": [4.8, 5.9, 10.4],
			"rotation": {"angle": 0, "axis": "y", "origin": [5.3, 8, 8]},
			"faces": {
				"north": {"uv": [0, 0, 1, 0.5], "texture": "#1"},
				"east": {"uv": [0, 0, 0.5, 0.5], "texture": "#1"},
				"south": {"uv": [0, 0, 1, 0.5], "texture": "#1"},
				"west": {"uv": [0, 0, 0.5, 0.5], "texture": "#1"},
				"up": {"uv": [0, 0, 0.5, 1], "rotation": 90, "texture": "#1"},
				"down": {"uv": [0, 0, 0.5, 1], "rotation": 270, "texture": "#1"}
			}
		},
		{
			"from": [4.2, 5.9, 10.4],
			"to": [4.8, 6.2, 10.7],
			"rotation": {"angle": 0, "axis": "y", "origin": [5.3, 8, 8]},
			"faces": {
				"north": {"uv": [0, 0, 1, 0.5], "texture": "#2"},
				"east": {"uv": [0, 0, 0.5, 0.5], "texture": "#2"},
				"south": {"uv": [0, 0, 1, 0.5], "texture": "#2"},
				"west": {"uv": [0, 0, 0.5, 0.5], "texture": "#2"},
				"up": {"uv": [0, 0, 0.5, 1], "rotation": 90, "texture": "#2"},
				"down": {"uv": [0, 0, 0.5, 1], "rotation": 270, "texture": "#2"}
			}
		},
		{
			"from": [4.2, 5.9, 12.5],
			"to": [4.8, 6.2, 12.8],
			"rotation": {"angle": 0, "axis": "y", "origin": [5.3, 8, 8]},
			"faces": {
				"north": {"uv": [0, 0, 1, 0.5], "texture": "#2"},
				"east": {"uv": [0, 0, 0.5, 0.5], "texture": "#2"},
				"south": {"uv": [0, 0, 1, 0.5], "texture": "#2"},
				"west": {"uv": [0, 0, 0.5, 0.5], "texture": "#2"},
				"up": {"uv": [0, 0, 0.5, 1], "rotation": 90, "texture": "#2"},
				"down": {"uv": [0, 0, 0.5, 1], "rotation": 270, "texture": "#2"}
			}
		},
		{
			"from": [4.2, 5.6, 12.8],
			"to": [4.8, 5.9, 13.1],
			"rotation": {"angle": 0, "axis": "y", "origin": [5.3, 8, 8]},
			"faces": {
				"north": {"uv": [0, 0, 1, 0.5], "texture": "#1"},
				"east": {"uv": [0, 0, 0.5, 0.5], "texture": "#1"},
				"south": {"uv": [0, 0, 1, 0.5], "texture": "#1"},
				"west": {"uv": [0, 0, 0.5, 0.5], "texture": "#1"},
				"up": {"uv": [0, 0, 0.5, 1], "rotation": 270, "texture": "#1"},
				"down": {"uv": [0, 0, 0.5, 1], "rotation": 90, "texture": "#1"}
			}
		},
		{
			"from": [3.6, 5.6, 10.4],
			"to": [4.2, 5.9, 10.7],
			"rotation": {"angle": 0, "axis": "y", "origin": [5.3, 8, 8]},
			"faces": {
				"north": {"uv": [0, 0, 1, 0.5], "texture": "#1"},
				"east": {"uv": [0, 0, 0.5, 0.5], "texture": "#1"},
				"south": {"uv": [0, 0, 1, 0.5], "texture": "#1"},
				"west": {"uv": [0, 0, 0.5, 0.5], "texture": "#1"},
				"up": {"uv": [0, 0, 0.5, 1], "rotation": 90, "texture": "#1"},
				"down": {"uv": [0, 0, 0.5, 1], "rotation": 270, "texture": "#1"}
			}
		},
		{
			"from": [4.8, 5.6, 12.5],
			"to": [5.4, 5.9, 12.8],
			"rotation": {"angle": 0, "axis": "y", "origin": [5.3, 8, 8]},
			"faces": {
				"north": {"uv": [0, 0, 1, 0.5], "texture": "#1"},
				"east": {"uv": [0, 0, 0.5, 0.5], "texture": "#1"},
				"south": {"uv": [0, 0, 1, 0.5], "texture": "#1"},
				"west": {"uv": [0, 0, 0.5, 0.5], "texture": "#1"},
				"up": {"uv": [0, 0, 0.5, 1], "rotation": 270, "texture": "#1"},
				"down": {"uv": [0, 0, 0.5, 1], "rotation": 90, "texture": "#1"}
			}
		},
		{
			"from": [3, 3, 7],
			"to": [5, 6, 9],
			"faces": {
				"north": {"uv": [0, 0, 2, 3], "texture": "#3"},
				"east": {"uv": [0, 0, 2, 3], "texture": "#3"},
				"south": {"uv": [0, 0, 2, 3], "texture": "#3"},
				"west": {"uv": [0, 0, 2, 3], "texture": "#3"},
				"up": {"uv": [0, 0, 2, 2], "rotation": 270, "texture": "#3"},
				"down": {"uv": [0, 0, 2, 2], "rotation": 90, "texture": "#3"}
			}
		},
		{
			"from": [7, 6, 11],
			"to": [9, 9, 13],
			"faces": {
				"north": {"uv": [0, 0, 2, 3], "texture": "#0"},
				"east": {"uv": [0, 0, 2, 3], "texture": "#0"},
				"south": {"uv": [0, 0, 2, 3], "texture": "#0"},
				"west": {"uv": [0, 0, 2, 3], "texture": "#0"},
				"up": {"uv": [0, 0, 2, 2], "rotation": 180, "texture": "#0"},
				"down": {"uv": [0, 0, 2, 2], "rotation": 180, "texture": "#0"}
			}
		},
		{
			"from": [11, 9, 7],
			"to": [13, 13, 9],
			"faces": {
				"north": {"uv": [0, 0, 2, 4], "texture": "#3"},
				"east": {"uv": [0, 0, 2, 4], "texture": "#3"},
				"south": {"uv": [0, 0, 2, 4], "texture": "#3"},
				"west": {"uv": [0, 0, 2, 4], "texture": "#3"},
				"up": {"uv": [0, 0, 2, 2], "rotation": 90, "texture": "#3"},
				"down": {"uv": [0, 0, 2, 2], "rotation": 270, "texture": "#3"}
			}
		},
		{
			"from": [5, 1, 4],
			"to": [8, 4, 6],
			"faces": {
				"north": {"uv": [0, 0, 3, 3], "texture": "#0"},
				"east": {"uv": [0, 0, 2, 3], "texture": "#0"},
				"south": {"uv": [0, 0, 3, 3], "texture": "#0"},
				"west": {"uv": [1, 0, 3, 3], "texture": "#0"},
				"up": {"uv": [0, 0, 3, 2], "texture": "#0"},
				"down": {"uv": [0, 0, 3, 2], "texture": "#0"}
			}
		},
		{
			"from": [4, 4, 8],
			"to": [6, 7, 11],
			"faces": {
				"north": {"uv": [0, 0, 2, 3], "texture": "#1"},
				"east": {"uv": [0, 0, 3, 3], "texture": "#1"},
				"south": {"uv": [0, 0, 2, 3], "texture": "#1"},
				"west": {"uv": [0, 0, 3, 3], "texture": "#1"},
				"up": {"uv": [0, 0, 3, 2], "rotation": 270, "texture": "#1"},
				"down": {"uv": [0, 0, 3, 2], "rotation": 90, "texture": "#1"}
			}
		},
		{
			"from": [8, 7, 10],
			"to": [11, 10, 12],
			"faces": {
				"north": {"uv": [0, 0, 3, 3], "texture": "#3"},
				"east": {"uv": [0, 0, 2, 3], "texture": "#3"},
				"south": {"uv": [0, 0, 3, 3], "texture": "#3"},
				"west": {"uv": [0, 0, 2, 3], "texture": "#3"},
				"up": {"uv": [0, 0, 3, 2], "rotation": 180, "texture": "#3"},
				"down": {"uv": [0, 0, 3, 2], "rotation": 180, "texture": "#3"}
			}
		},
		{
			"from": [10, 10, 5],
			"to": [12, 15, 8],
			"faces": {
				"north": {"uv": [0, 0, 2, 5], "texture": "#2"},
				"east": {"uv": [0, 0, 3, 5], "texture": "#2"},
				"south": {"uv": [0, 0, 2, 5], "texture": "#2"},
				"west": {"uv": [0, 0, 3, 5], "texture": "#2"},
				"up": {"uv": [0, 0, 3, 2], "rotation": 90, "texture": "#2"},
				"down": {"uv": [0, 0, 3, 2], "rotation": 270, "texture": "#2"}
			}
		},
		{
			"from": [4, 2, 5],
			"to": [6, 5, 8],
			"faces": {
				"north": {"uv": [0, 0, 2, 3], "texture": "#2"},
				"east": {"uv": [0, 0, 3, 3], "texture": "#2"},
				"south": {"uv": [0, 0, 2, 3], "texture": "#2"},
				"west": {"uv": [0, 0, 3, 3], "texture": "#2"},
				"up": {"uv": [0, 0, 2, 3], "texture": "#2"},
				"down": {"uv": [0, 0, 2, 3], "texture": "#2"}
			}
		},
		{
			"from": [5, 5, 10],
			"to": [8, 8, 12],
			"faces": {
				"north": {"uv": [0, 0, 3, 3], "texture": "#2"},
				"east": {"uv": [0, 0, 2, 3], "texture": "#2"},
				"south": {"uv": [0, 0, 3, 3], "texture": "#2"},
				"west": {"uv": [0, 0, 2, 3], "texture": "#2"},
				"up": {"uv": [0, 0, 2, 3], "rotation": 270, "texture": "#2"},
				"down": {"uv": [0, 0, 2, 3], "rotation": 90, "texture": "#2"}
			}
		},
		{
			"from": [10, 8, 8],
			"to": [12, 11, 11],
			"faces": {
				"north": {"uv": [0, 0, 2, 3], "texture": "#2"},
				"east": {"uv": [0, 0, 3, 3], "texture": "#2"},
				"south": {"uv": [0, 0, 2, 3], "texture": "#2"},
				"west": {"uv": [0, 0, 3, 3], "texture": "#2"},
				"up": {"uv": [0, 0, 2, 3], "rotation": 180, "texture": "#2"},
				"down": {"uv": [0, 0, 2, 3], "rotation": 180, "texture": "#2"}
			}
		},
		{
			"from": [8, 11, 4],
			"to": [11, 17, 6],
			"faces": {
				"north": {"uv": [0, 0, 3, 6], "texture": "#1"},
				"east": {"uv": [0, 0, 2, 6], "texture": "#1"},
				"south": {"uv": [0, 0, 3, 6], "texture": "#1"},
				"west": {"uv": [0, 0, 2, 6], "texture": "#1"},
				"up": {"uv": [0, 0, 2, 3], "rotation": 90, "texture": "#1"},
				"down": {"uv": [0, 0, 2, 3], "rotation": 270, "texture": "#1"}
			}
		}
	],
	"groups": [
		{
			"name": "Vine whole",
			"origin": [8, 8, 8],
			"children": []
		},
		{
			"name": "mushroom",
			"origin": [8, 8, 8],
			"children": [0, 1, 2, 3, 4, 5, 6, 7, 8, 9, 10, 11, 12, 13, 14, 15, 16, 17, 18, 19, 20, 21, 22, 23, 24]
		},
		{
			"name": "mushroom",
			"origin": [8, 8, 8],
			"children": [25, 26, 27, 28, 29, 30, 31, 32, 33, 34, 35, 36, 37, 38, 39, 40, 41, 42, 43, 44, 45, 46, 47, 48, 49, 50]
		},
		{
			"name": "mushroom",
			"origin": [8, 8, 8],
			"children": [51, 52, 53, 54, 55, 56, 57, 58, 59, 60, 61, 62, 63, 64, 65, 66, 67, 68, 69, 70, 71, 72, 73, 74, 75]
		},
		{
			"name": "mushroom",
			"origin": [8, 8, 8],
			"children": [76, 77, 78, 79, 80, 81, 82, 83, 84, 85, 86, 87, 88, 89, 90, 91, 92, 93, 94, 95, 96, 97, 98, 99, 100, 101]
		}, 102, 103, 104, 105, 106, 107, 108, 109, 110, 111, 112]
}