{
	"credit": "Made with Blockbench, Created by Technodono",
	"parent": "weeping_vine_plant",
	"textures": {
		"0": "twistingtop/texture_3",
		"1": "twistingtop/texture_0",
		"2": "twistingtop/texture_1",
		"3": "twistingtop/texture_2",
		"4": "twistingtop/texture_4",
		"particle": "block/twisting_vines"
	},
	"elements": [
		{
			"from": [5.4, 5.6, 10.7],
			"to": [5.7, 5.9, 11.3],
			"rotation": {"angle": 0, "axis": "y", "origin": [5.3, 8, 8]},
			"faces": {
				"north": {"uv": [0, 0, 0.5, 0.5], "texture": "#1"},
				"east": {"uv": [0, 0, 1, 0.5], "texture": "#1"},
				"south": {"uv": [0, 0, 0.5, 0.5], "texture": "#1"},
				"west": {"uv": [0, 0, 1, 0.5], "texture": "#1"},
				"up": {"uv": [0, 0, 1, 0.5], "rotation": 90, "texture": "#1"},
				"down": {"uv": [0, 0, 1, 0.5], "rotation": 270, "texture": "#1"}
			}
		},
		{
			"from": [3.3, 5.6, 11.9],
			"to": [3.6, 5.9, 12.5],
			"rotation": {"angle": 0, "axis": "y", "origin": [5.3, 8, 8]},
			"faces": {
				"north": {"uv": [0, 0, 0.5, 0.5], "texture": "#1"},
				"east": {"uv": [0, 0, 1, 0.5], "texture": "#1"},
				"south": {"uv": [0, 0, 0.5, 0.5], "texture": "#1"},
				"west": {"uv": [0, 0, 1, 0.5], "texture": "#1"},
				"up": {"uv": [0, 0, 1, 0.5], "rotation": 270, "texture": "#1"},
				"down": {"uv": [0, 0, 1, 0.5], "rotation": 90, "texture": "#1"}
			}
		},
		{
			"from": [3.3, 5.6, 10.7],
			"to": [3.6, 5.9, 11.3],
			"rotation": {"angle": 0, "axis": "y", "origin": [5.3, 8, 8]},
			"faces": {
				"north": {"uv": [0, 0, 0.5, 0.5], "texture": "#1"},
				"east": {"uv": [0, 0, 1, 0.5], "texture": "#1"},
				"south": {"uv": [0, 0, 0.5, 0.5], "texture": "#1"},
				"west": {"uv": [0, 0, 1, 0.5], "texture": "#1"},
				"up": {"uv": [0, 0, 1, 0.5], "rotation": 270, "texture": "#1"},
				"down": {"uv": [0, 0, 1, 0.5], "rotation": 90, "texture": "#1"}
			}
		},
		{
			"from": [3, 5.6, 11.3],
			"to": [3.3, 5.9, 11.9],
			"rotation": {"angle": 0, "axis": "y", "origin": [5.3, 8, 8]},
			"faces": {
				"north": {"uv": [0, 0, 0.5, 0.5], "texture": "#1"},
				"east": {"uv": [0, 0, 1, 0.5], "texture": "#1"},
				"south": {"uv": [0, 0, 0.5, 0.5], "texture": "#1"},
				"west": {"uv": [0, 0, 1, 0.5], "texture": "#1"},
				"up": {"uv": [0, 0, 1, 0.5], "rotation": 270, "texture": "#1"},
				"down": {"uv": [0, 0, 1, 0.5], "rotation": 90, "texture": "#1"}
			}
		},
		{
			"from": [5.4, 5.6, 11.9],
			"to": [5.7, 5.9, 12.5],
			"rotation": {"angle": 0, "axis": "y", "origin": [5.3, 8, 8]},
			"faces": {
				"north": {"uv": [0, 0, 0.5, 0.5], "texture": "#1"},
				"east": {"uv": [0, 0, 1, 0.5], "texture": "#1"},
				"south": {"uv": [0, 0, 0.5, 0.5], "texture": "#1"},
				"west": {"uv": [0, 0, 1, 0.5], "texture": "#1"},
				"up": {"uv": [0, 0, 1, 0.5], "rotation": 270, "texture": "#1"},
				"down": {"uv": [0, 0, 1, 0.5], "rotation": 90, "texture": "#1"}
			}
		},
		{
			"from": [3.3, 5.9, 11.3],
			"to": [3.6, 6.2, 11.9],
			"rotation": {"angle": 0, "axis": "y", "origin": [5.3, 8, 8]},
			"faces": {
				"north": {"uv": [0, 0, 0.5, 0.5], "texture": "#2"},
				"east": {"uv": [0, 0, 1, 0.5], "texture": "#2"},
				"south": {"uv": [0, 0, 0.5, 0.5], "texture": "#2"},
				"west": {"uv": [0, 0, 1, 0.5], "texture": "#2"},
				"up": {"uv": [0, 0, 1, 0.5], "rotation": 90, "texture": "#2"},
				"down": {"uv": [0, 0, 1, 0.5], "rotation": 270, "texture": "#2"}
			}
		},
		{
			"from": [5.4, 5.9, 11.3],
			"to": [5.7, 6.2, 11.9],
			"rotation": {"angle": 0, "axis": "y", "origin": [5.3, 8, 8]},
			"faces": {
				"north": {"uv": [0, 0, 0.5, 0.5], "texture": "#2"},
				"east": {"uv": [0, 0, 1, 0.5], "texture": "#2"},
				"south": {"uv": [0, 0, 0.5, 0.5], "texture": "#2"},
				"west": {"uv": [0, 0, 1, 0.5], "texture": "#2"},
				"up": {"uv": [0, 0, 1, 0.5], "rotation": 90, "texture": "#2"},
				"down": {"uv": [0, 0, 1, 0.5], "rotation": 270, "texture": "#2"}
			}
		},
		{
			"from": [5.7, 5.6, 11.3],
			"to": [6, 5.9, 11.9],
			"rotation": {"angle": 0, "axis": "y", "origin": [5.3, 8, 8]},
			"faces": {
				"north": {"uv": [0, 0, 0.5, 0.5], "texture": "#1"},
				"east": {"uv": [0, 0, 1, 0.5], "texture": "#1"},
				"south": {"uv": [0, 0, 0.5, 0.5], "texture": "#1"},
				"west": {"uv": [0, 0, 1, 0.5], "texture": "#1"},
				"up": {"uv": [0, 0, 1, 0.5], "rotation": 270, "texture": "#1"},
				"down": {"uv": [0, 0, 1, 0.5], "rotation": 90, "texture": "#1"}
			}
		},
		{
			"from": [3.6, 5.9, 10.7006],
			"to": [5.4, 6.2, 12.4946],
			"rotation": {"angle": 0, "axis": "y", "origin": [5.3, 8, 8]},
			"faces": {
				"north": {"uv": [0, 0, 3, 0.5], "texture": "#2"},
				"east": {"uv": [0, 0, 2.99, 0.5], "texture": "#2"},
				"south": {"uv": [0, 0, 3, 0.5], "texture": "#2"},
				"west": {"uv": [0, 0, 2.99, 0.5], "texture": "#2"},
				"up": {"uv": [0, 0, 2.99, 3], "rotation": 270, "texture": "#2"},
				"down": {"uv": [0, 0, 2.99, 3], "rotation": 90, "texture": "#2"}
			}
		},
		{
			"from": [4.8, 6.2, 11.9],
			"to": [5.1, 6.26, 12.2],
			"rotation": {"angle": 0, "axis": "y", "origin": [5.3, 8, 8]},
			"faces": {
				"north": {"uv": [0, 0, 0.5, 0.1], "texture": "#4"},
				"east": {"uv": [0, 0, 0.5, 0.1], "texture": "#4"},
				"south": {"uv": [0, 0, 0.5, 0.1], "texture": "#4"},
				"west": {"uv": [0, 0, 0.5, 0.1], "texture": "#4"},
				"up": {"uv": [0, 0, 0.5, 0.5], "rotation": 270, "texture": "#4"},
				"down": {"uv": [0, 0, 0.5, 0.5], "rotation": 90, "texture": "#4"}
			}
		},
		{
			"from": [4.2, 6.2, 11],
			"to": [4.5, 6.26, 11.3],
			"rotation": {"angle": 0, "axis": "y", "origin": [5.3, 8, 8]},
			"faces": {
				"north": {"uv": [0, 0, 0.5, 0.1], "texture": "#4"},
				"east": {"uv": [0, 0, 0.5, 0.1], "texture": "#4"},
				"south": {"uv": [0, 0, 0.5, 0.1], "texture": "#4"},
				"west": {"uv": [0, 0, 0.5, 0.1], "texture": "#4"},
				"up": {"uv": [0, 0, 0.5, 0.5], "rotation": 270, "texture": "#4"},
				"down": {"uv": [0, 0, 0.5, 0.5], "rotation": 90, "texture": "#4"}
			}
		},
		{
			"from": [5.7, 5.9, 11.3],
			"to": [5.76, 6.05, 11.45],
			"rotation": {"angle": 0, "axis": "y", "origin": [5.3, 8, 8]},
			"faces": {
				"north": {"uv": [0, 0, 0.25, 0.1], "rotation": 270, "texture": "#4"},
				"east": {"uv": [0, 0, 0.25, 0.25], "texture": "#4"},
				"south": {"uv": [0, 0, 0.25, 0.1], "rotation": 90, "texture": "#4"},
				"west": {"uv": [0, 0, 0.25, 0.25], "rotation": 180, "texture": "#4"},
				"up": {"uv": [0, 0, 0.25, 0.1], "rotation": 90, "texture": "#4"},
				"down": {"uv": [0, 0, 0.25, 0.1], "rotation": 90, "texture": "#4"}
			}
		},
		{
			"from": [5.4, 5.6, 12.5],
			"to": [5.46, 5.75, 12.65],
			"rotation": {"angle": 0, "axis": "y", "origin": [5.3, 8, 8]},
			"faces": {
				"north": {"uv": [0, 0, 0.25, 0.1], "rotation": 270, "texture": "#4"},
				"east": {"uv": [0, 0, 0.25, 0.25], "texture": "#4"},
				"south": {"uv": [0, 0, 0.25, 0.1], "rotation": 90, "texture": "#4"},
				"west": {"uv": [0, 0, 0.25, 0.25], "rotation": 180, "texture": "#4"},
				"up": {"uv": [0, 0, 0.25, 0.1], "rotation": 90, "texture": "#4"},
				"down": {"uv": [0, 0, 0.25, 0.1], "rotation": 90, "texture": "#4"}
			}
		},
		{
			"from": [4.95, 5.9, 12.5],
			"to": [5.1, 6.05, 12.56],
			"rotation": {"angle": 0, "axis": "y", "origin": [5.3, 8, 8]},
			"faces": {
				"north": {"uv": [0, 0, 0.25, 0.25], "rotation": 180, "texture": "#4"},
				"east": {"uv": [0, 0, 0.25, 0.1], "rotation": 270, "texture": "#4"},
				"south": {"uv": [0, 0, 0.25, 0.25], "texture": "#4"},
				"west": {"uv": [0, 0, 0.25, 0.1], "rotation": 90, "texture": "#4"},
				"up": {"uv": [0, 0, 0.25, 0.1], "rotation": 180, "texture": "#4"},
				"down": {"uv": [0, 0, 0.25, 0.1], "texture": "#4"}
			}
		},
		{
			"from": [4.14, 5.9, 10.55],
			"to": [4.2, 6.05, 10.7],
			"rotation": {"angle": 0, "axis": "y", "origin": [5.3, 8, 8]},
			"faces": {
				"north": {"uv": [0, 0, 0.25, 0.1], "rotation": 90, "texture": "#4"},
				"east": {"uv": [0, 0, 0.25, 0.25], "rotation": 180, "texture": "#4"},
				"south": {"uv": [0, 0, 0.25, 0.1], "rotation": 270, "texture": "#4"},
				"west": {"uv": [0, 0, 0.25, 0.25], "texture": "#4"},
				"up": {"uv": [0, 0, 0.25, 0.1], "rotation": 270, "texture": "#4"},
				"down": {"uv": [0, 0, 0.25, 0.1], "rotation": 270, "texture": "#4"}
			}
		},
		{
			"from": [4.65, 5.6, 10.04],
			"to": [4.8, 5.75, 10.1],
			"rotation": {"angle": 0, "axis": "y", "origin": [5.3, 8, 8]},
			"faces": {
				"north": {"uv": [0, 0, 0.25, 0.25], "texture": "#4"},
				"east": {"uv": [0, 0, 0.25, 0.1], "rotation": 90, "texture": "#4"},
				"south": {"uv": [0, 0, 0.25, 0.25], "rotation": 180, "texture": "#4"},
				"west": {"uv": [0, 0, 0.25, 0.1], "rotation": 270, "texture": "#4"},
				"up": {"uv": [0, 0, 0.25, 0.1], "texture": "#4"},
				"down": {"uv": [0, 0, 0.25, 0.1], "rotation": 180, "texture": "#4"}
			}
		},
		{
			"from": [4.05, 5.9, 10.64],
			"to": [4.2, 6.05, 10.7],
			"rotation": {"angle": 0, "axis": "y", "origin": [5.3, 8, 8]},
			"faces": {
				"north": {"uv": [0, 0, 0.25, 0.25], "texture": "#4"},
				"east": {"uv": [0, 0, 0.25, 0.1], "rotation": 90, "texture": "#4"},
				"south": {"uv": [0, 0, 0.25, 0.25], "rotation": 180, "texture": "#4"},
				"west": {"uv": [0, 0, 0.25, 0.1], "rotation": 270, "texture": "#4"},
				"up": {"uv": [0, 0, 0.25, 0.1], "texture": "#4"},
				"down": {"uv": [0, 0, 0.25, 0.1], "rotation": 180, "texture": "#4"}
			}
		},
		{
			"from": [4.95, 6.05, 10.64],
			"to": [5.1, 6.2, 10.7],
			"rotation": {"angle": 0, "axis": "y", "origin": [5.3, 8, 8]},
			"faces": {
				"north": {"uv": [0, 0, 0.25, 0.25], "texture": "#4"},
				"east": {"uv": [0, 0, 0.25, 0.1], "rotation": 90, "texture": "#4"},
				"south": {"uv": [0, 0, 0.25, 0.25], "rotation": 180, "texture": "#4"},
				"west": {"uv": [0, 0, 0.25, 0.1], "rotation": 270, "texture": "#4"},
				"up": {"uv": [0, 0, 0.25, 0.1], "texture": "#4"},
				"down": {"uv": [0, 0, 0.25, 0.1], "rotation": 180, "texture": "#4"}
			}
		},
		{
			"from": [4.8, 5.6, 10.4],
			"to": [5.4, 5.9, 10.7],
			"rotation": {"angle": 0, "axis": "y", "origin": [5.3, 8, 8]},
			"faces": {
				"north": {"uv": [0, 0, 1, 0.5], "texture": "#1"},
				"east": {"uv": [0, 0, 0.5, 0.5], "texture": "#1"},
				"south": {"uv": [0, 0, 1, 0.5], "texture": "#1"},
				"west": {"uv": [0, 0, 0.5, 0.5], "texture": "#1"},
				"up": {"uv": [0, 0, 0.5, 1], "rotation": 90, "texture": "#1"},
				"down": {"uv": [0, 0, 0.5, 1], "rotation": 270, "texture": "#1"}
			}
		},
		{
			"from": [3.6, 5.6, 12.5],
			"to": [4.2, 5.9, 12.8],
			"rotation": {"angle": 0, "axis": "y", "origin": [5.3, 8, 8]},
			"faces": {
				"north": {"uv": [0, 0, 1, 0.5], "texture": "#1"},
				"east": {"uv": [0, 0, 0.5, 0.5], "texture": "#1"},
				"south": {"uv": [0, 0, 1, 0.5], "texture": "#1"},
				"west": {"uv": [0, 0, 0.5, 0.5], "texture": "#1"},
				"up": {"uv": [0, 0, 0.5, 1], "rotation": 270, "texture": "#1"},
				"down": {"uv": [0, 0, 0.5, 1], "rotation": 90, "texture": "#1"}
			}
		},
		{
			"from": [4.2, 5.6, 10.1],
			"to": [4.8, 5.9, 10.4],
			"rotation": {"angle": 0, "axis": "y", "origin": [5.3, 8, 8]},
			"faces": {
				"north": {"uv": [0, 0, 1, 0.5], "texture": "#1"},
				"east": {"uv": [0, 0, 0.5, 0.5], "texture": "#1"},
				"south": {"uv": [0, 0, 1, 0.5], "texture": "#1"},
				"west": {"uv": [0, 0, 0.5, 0.5], "texture": "#1"},
				"up": {"uv": [0, 0, 0.5, 1], "rotation": 90, "texture": "#1"},
				"down": {"uv": [0, 0, 0.5, 1], "rotation": 270, "texture": "#1"}
			}
		},
		{
			"from": [4.2, 5.9, 10.4],
			"to": [4.8, 6.2, 10.7],
			"rotation": {"angle": 0, "axis": "y", "origin": [5.3, 8, 8]},
			"faces": {
				"north": {"uv": [0, 0, 1, 0.5], "texture": "#2"},
				"east": {"uv": [0, 0, 0.5, 0.5], "texture": "#2"},
				"south": {"uv": [0, 0, 1, 0.5], "texture": "#2"},
				"west": {"uv": [0, 0, 0.5, 0.5], "texture": "#2"},
				"up": {"uv": [0, 0, 0.5, 1], "rotation": 90, "texture": "#2"},
				"down": {"uv": [0, 0, 0.5, 1], "rotation": 270, "texture": "#2"}
			}
		},
		{
			"from": [4.2, 5.9, 12.5],
			"to": [4.8, 6.2, 12.8],
			"rotation": {"angle": 0, "axis": "y", "origin": [5.3, 8, 8]},
			"faces": {
				"north": {"uv": [0, 0, 1, 0.5], "texture": "#2"},
				"east": {"uv": [0, 0, 0.5, 0.5], "texture": "#2"},
				"south": {"uv": [0, 0, 1, 0.5], "texture": "#2"},
				"west": {"uv": [0, 0, 0.5, 0.5], "texture": "#2"},
				"up": {"uv": [0, 0, 0.5, 1], "rotation": 90, "texture": "#2"},
				"down": {"uv": [0, 0, 0.5, 1], "rotation": 270, "texture": "#2"}
			}
		},
		{
			"from": [4.2, 5.6, 12.8],
			"to": [4.8, 5.9, 13.1],
			"rotation": {"angle": 0, "axis": "y", "origin": [5.3, 8, 8]},
			"faces": {
				"north": {"uv": [0, 0, 1, 0.5], "texture": "#1"},
				"east": {"uv": [0, 0, 0.5, 0.5], "texture": "#1"},
				"south": {"uv": [0, 0, 1, 0.5], "texture": "#1"},
				"west": {"uv": [0, 0, 0.5, 0.5], "texture": "#1"},
				"up": {"uv": [0, 0, 0.5, 1], "rotation": 270, "texture": "#1"},
				"down": {"uv": [0, 0, 0.5, 1], "rotation": 90, "texture": "#1"}
			}
		},
		{
			"from": [3.6, 5.6, 10.4],
			"to": [4.2, 5.9, 10.7],
			"rotation": {"angle": 0, "axis": "y", "origin": [5.3, 8, 8]},
			"faces": {
				"north": {"uv": [0, 0, 1, 0.5], "texture": "#1"},
				"east": {"uv": [0, 0, 0.5, 0.5], "texture": "#1"},
				"south": {"uv": [0, 0, 1, 0.5], "texture": "#1"},
				"west": {"uv": [0, 0, 0.5, 0.5], "texture": "#1"},
				"up": {"uv": [0, 0, 0.5, 1], "rotation": 90, "texture": "#1"},
				"down": {"uv": [0, 0, 0.5, 1], "rotation": 270, "texture": "#1"}
			}
		},
		{
			"from": [4.8, 5.6, 12.5],
			"to": [5.4, 5.9, 12.8],
			"rotation": {"angle": 0, "axis": "y", "origin": [5.3, 8, 8]},
			"faces": {
				"north": {"uv": [0, 0, 1, 0.5], "texture": "#1"},
				"east": {"uv": [0, 0, 0.5, 0.5], "texture": "#1"},
				"south": {"uv": [0, 0, 1, 0.5], "texture": "#1"},
				"west": {"uv": [0, 0, 0.5, 0.5], "texture": "#1"},
				"up": {"uv": [0, 0, 0.5, 1], "rotation": 270, "texture": "#1"},
				"down": {"uv": [0, 0, 0.5, 1], "rotation": 90, "texture": "#1"}
			}
		},
		{
			"from": [3, 3, 7],
			"to": [5, 6, 9],
			"faces": {
				"north": {"uv": [0, 0, 2, 3], "texture": "#3"},
				"east": {"uv": [0, 0, 2, 3], "texture": "#3"},
				"south": {"uv": [0, 0, 2, 3], "texture": "#3"},
				"west": {"uv": [0, 0, 2, 3], "texture": "#3"},
				"up": {"uv": [0, 0, 2, 2], "rotation": 270, "texture": "#3"},
				"down": {"uv": [0, 0, 2, 2], "rotation": 90, "texture": "#3"}
			}
		},
		{
			"from": [7, 6, 11],
			"to": [9, 9, 13],
			"faces": {
				"north": {"uv": [0, 0, 2, 3], "texture": "#0"},
				"east": {"uv": [0, 0, 2, 3], "texture": "#0"},
				"south": {"uv": [0, 0, 2, 3], "texture": "#0"},
				"west": {"uv": [0, 0, 2, 3], "texture": "#0"},
				"up": {"uv": [0, 0, 2, 2], "rotation": 180, "texture": "#0"},
				"down": {"uv": [0, 0, 2, 2], "rotation": 180, "texture": "#0"}
			}
		},
		{
			"from": [9, 9, 7],
			"to": [11, 13, 9],
			"faces": {
				"north": {"uv": [0, 0, 2, 4], "texture": "#3"},
				"east": {"uv": [0, 0, 2, 4], "texture": "#3"},
				"south": {"uv": [0, 0, 2, 4], "texture": "#3"},
				"west": {"uv": [0, 0, 2, 4], "texture": "#3"},
				"up": {"uv": [0, 0, 2, 2], "rotation": 90, "texture": "#3"},
				"down": {"uv": [0, 0, 2, 2], "rotation": 270, "texture": "#3"}
			}
		},
		{
			"from": [5, 1, 4],
			"to": [8, 4, 6],
			"faces": {
				"north": {"uv": [0, 0, 3, 3], "texture": "#0"},
				"east": {"uv": [0, 0, 2, 3], "texture": "#0"},
				"south": {"uv": [0, 0, 3, 3], "texture": "#0"},
				"west": {"uv": [1, 0, 3, 3], "texture": "#0"},
				"up": {"uv": [0, 0, 3, 2], "texture": "#0"},
				"down": {"uv": [0, 0, 3, 2], "texture": "#0"}
			}
		},
		{
			"from": [4, 4, 8],
			"to": [6, 7, 11],
			"faces": {
				"north": {"uv": [0, 0, 2, 3], "texture": "#1"},
				"east": {"uv": [0, 0, 3, 3], "texture": "#1"},
				"south": {"uv": [0, 0, 2, 3], "texture": "#1"},
				"west": {"uv": [0, 0, 3, 3], "texture": "#1"},
				"up": {"uv": [0, 0, 3, 2], "rotation": 270, "texture": "#1"},
				"down": {"uv": [0, 0, 3, 2], "rotation": 90, "texture": "#1"}
			}
		},
		{
			"from": [8, 7, 10],
			"to": [11, 10, 12],
			"faces": {
				"north": {"uv": [0, 0, 3, 3], "texture": "#3"},
				"east": {"uv": [0, 0, 2, 3], "texture": "#3"},
				"south": {"uv": [0, 0, 3, 3], "texture": "#3"},
				"west": {"uv": [0, 0, 2, 3], "texture": "#3"},
				"up": {"uv": [0, 0, 3, 2], "rotation": 180, "texture": "#3"},
				"down": {"uv": [0, 0, 3, 2], "rotation": 180, "texture": "#3"}
			}
		},
		{
			"from": [8, 10, 6],
			"to": [10, 15, 8],
			"faces": {
				"north": {"uv": [0, 0, 2, 5], "texture": "#2"},
				"east": {"uv": [0, 0, 2, 5], "texture": "#2"},
				"south": {"uv": [0, 0, 2, 5], "texture": "#2"},
				"west": {"uv": [0, 0, 2, 5], "texture": "#2"},
				"up": {"uv": [0, 0, 2, 2], "rotation": 90, "texture": "#2"},
				"down": {"uv": [0, 0, 2, 2], "rotation": 270, "texture": "#2"}
			}
		},
		{
			"from": [4, 2, 5],
			"to": [6, 5, 8],
			"faces": {
				"north": {"uv": [0, 0, 2, 3], "texture": "#2"},
				"east": {"uv": [0, 0, 3, 3], "texture": "#2"},
				"south": {"uv": [0, 0, 2, 3], "texture": "#2"},
				"west": {"uv": [0, 0, 3, 3], "texture": "#2"},
				"up": {"uv": [0, 0, 2, 3], "texture": "#2"},
				"down": {"uv": [0, 0, 2, 3], "texture": "#2"}
			}
		},
		{
			"from": [5, 5, 10],
			"to": [8, 8, 12],
			"faces": {
				"north": {"uv": [0, 0, 3, 3], "texture": "#2"},
				"east": {"uv": [0, 0, 2, 3], "texture": "#2"},
				"south": {"uv": [0, 0, 3, 3], "texture": "#2"},
				"west": {"uv": [0, 0, 2, 3], "texture": "#2"},
				"up": {"uv": [0, 0, 2, 3], "rotation": 270, "texture": "#2"},
				"down": {"uv": [0, 0, 2, 3], "rotation": 90, "texture": "#2"}
			}
		},
		{
			"from": [10, 8, 8],
			"to": [12, 11, 11],
			"faces": {
				"north": {"uv": [0, 0, 2, 3], "texture": "#2"},
				"east": {"uv": [0, 0, 3, 3], "texture": "#2"},
				"south": {"uv": [0, 0, 2, 3], "texture": "#2"},
				"west": {"uv": [0, 0, 3, 3], "texture": "#2"},
				"up": {"uv": [0, 0, 2, 3], "rotation": 180, "texture": "#2"},
				"down": {"uv": [0, 0, 2, 3], "rotation": 180, "texture": "#2"}
			}
		}
	],
	"groups": [
		{
			"name": "Vine whole",
			"origin": [8, 8, 8],
			"children": []
		},
		{
			"name": "mushroom",
			"origin": [8, 8, 8],
			"children": [0, 1, 2, 3, 4, 5, 6, 7, 8, 9, 10, 11, 12, 13, 14, 15, 16, 17, 18, 19, 20, 21, 22, 23, 24, 25]
		}, 26, 27, 28, 29, 30, 31, 32, 33, 34, 35]
}