{
	"credit": "Made with Blockbench, Made by Technodono ",
	"textures": {
		"0": "shrooms/texture_0",
		"1": "shrooms/texture_1",
		"2": "shrooms/texture_2",
		"3": "shrooms/texture_3",
		"particle": "shrooms/texture_0"
	},
	"elements": [
		{
			"from": [7, 0, 7],
			"to": [9, 5, 9],
			"faces": {
				"north": {"uv": [7, 11, 9, 16], "texture": "#0"},
				"east": {"uv": [7, 11, 9, 16], "texture": "#0"},
				"south": {"uv": [7, 11, 9, 16], "texture": "#0"},
				"west": {"uv": [7, 11, 9, 16], "texture": "#0"},
				"up": {"uv": [7, 11, 9, 16], "texture": "#0"},
				"down": {"uv": [7, 11, 9, 16], "texture": "#0"}
			}
		},
		{
			"from": [7, 5, 7],
			"to": [9, 8, 9],
			"faces": {
				"north": {"uv": [7, 13, 9, 16], "texture": "#0"},
				"east": {"uv": [7, 13, 9, 16], "texture": "#0"},
				"south": {"uv": [7, 13, 9, 16], "texture": "#0"},
				"west": {"uv": [7, 13, 9, 16], "texture": "#0"},
				"up": {"uv": [7, 13, 9, 16], "texture": "#0"},
				"down": {"uv": [7, 13, 9, 16], "texture": "#0"}
			}
		},
		{
			"from": [5, 8, 5],
			"to": [11, 9, 11],
			"faces": {
				"north": {"uv": [0, 0, 6, 1], "texture": "#3"},
				"east": {"uv": [0, 0, 6, 1], "texture": "#3"},
				"south": {"uv": [0, 0, 6, 1], "texture": "#3"},
				"west": {"uv": [0, 0, 6, 1], "texture": "#3"},
				"up": {"uv": [0, 0, 6, 6], "texture": "#3"},
				"down": {"uv": [0, 0, 6, 6], "texture": "#3"}
			}
		},
		{
			"from": [5, 9, 6],
			"to": [7, 9.5, 8],
			"faces": {
				"north": {"uv": [9, 8, 11, 9], "texture": "#0"},
				"east": {"uv": [9, 8, 11, 9], "texture": "#0"},
				"south": {"uv": [9, 8, 11, 9], "texture": "#0"},
				"west": {"uv": [9, 8, 11, 9], "texture": "#0"},
				"up": {"uv": [9, 7, 11, 9], "texture": "#0"},
				"down": {"uv": [9, 8, 11, 9], "texture": "#0"}
			}
		},
		{
			"from": [14, 5.2, 6.15],
			"to": [14.3, 6.2, 7.15],
			"faces": {
				"north": {"uv": [6, 10, 8, 11], "rotation": 90, "texture": "#0"},
				"east": {"uv": [6, 9, 8, 11], "rotation": 90, "texture": "#0"},
				"south": {"uv": [6, 10, 8, 11], "rotation": 90, "texture": "#0"},
				"west": {"uv": [6, 10, 8, 11], "rotation": 90, "texture": "#0"},
				"up": {"uv": [6, 10, 8, 11], "rotation": 90, "texture": "#0"},
				"down": {"uv": [6, 10, 8, 11], "rotation": 90, "texture": "#0"}
			}
		},
		{
			"from": [14, 6.35, 9],
			"to": [14.2, 6.85, 9.5],
			"faces": {
				"north": {"uv": [6, 10, 8, 11], "rotation": 270, "texture": "#0"},
				"east": {"uv": [6, 9, 8, 11], "texture": "#0"},
				"south": {"uv": [6, 10, 8, 11], "rotation": 90, "texture": "#0"},
				"west": {"uv": [6, 10, 8, 11], "rotation": 180, "texture": "#0"},
				"up": {"uv": [6, 10, 8, 11], "rotation": 270, "texture": "#0"},
				"down": {"uv": [6, 10, 8, 11], "rotation": 90, "texture": "#0"}
			}
		},
		{
			"from": [12, 7, 10],
			"to": [12.5, 7.5, 10.5],
			"faces": {
				"north": {"uv": [6, 10, 8, 11], "rotation": 90, "texture": "#0"},
				"east": {"uv": [6, 9, 8, 11], "rotation": 90, "texture": "#0"},
				"south": {"uv": [6, 10, 8, 11], "rotation": 90, "texture": "#0"},
				"west": {"uv": [6, 10, 8, 11], "rotation": 90, "texture": "#0"},
				"up": {"uv": [6, 10, 8, 11], "rotation": 90, "texture": "#0"},
				"down": {"uv": [6, 10, 8, 11], "rotation": 90, "texture": "#0"}
			}
		},
		{
			"from": [12, 5, 12],
			"to": [12.5, 5.5, 12.5],
			"faces": {
				"north": {"uv": [6, 10, 8, 11], "rotation": 90, "texture": "#0"},
				"east": {"uv": [6, 9, 8, 11], "rotation": 90, "texture": "#0"},
				"south": {"uv": [6, 10, 8, 11], "rotation": 90, "texture": "#0"},
				"west": {"uv": [6, 10, 8, 11], "rotation": 90, "texture": "#0"},
				"up": {"uv": [6, 10, 8, 11], "rotation": 90, "texture": "#0"},
				"down": {"uv": [6, 10, 8, 11], "rotation": 90, "texture": "#0"}
			}
		},
		{
			"from": [10, 7, 12.15],
			"to": [10.2, 7.5, 12.65],
			"faces": {
				"north": {"uv": [6, 10, 8, 11], "rotation": 90, "texture": "#0"},
				"east": {"uv": [6, 9, 8, 11], "rotation": 90, "texture": "#0"},
				"south": {"uv": [6, 10, 8, 11], "rotation": 90, "texture": "#0"},
				"west": {"uv": [6, 10, 8, 11], "rotation": 90, "texture": "#0"},
				"up": {"uv": [6, 10, 8, 11], "rotation": 90, "texture": "#0"},
				"down": {"uv": [6, 10, 8, 11], "rotation": 90, "texture": "#0"}
			}
		},
		{
			"from": [12, 8, 7.15],
			"to": [12.2, 8.5, 7.65],
			"faces": {
				"north": {"uv": [6, 10, 8, 11], "rotation": 90, "texture": "#0"},
				"east": {"uv": [9, 7, 11, 9], "rotation": 90, "texture": "#0"},
				"south": {"uv": [6, 10, 8, 11], "rotation": 90, "texture": "#0"},
				"west": {"uv": [6, 10, 8, 11], "rotation": 90, "texture": "#0"},
				"up": {"uv": [6, 10, 8, 11], "rotation": 90, "texture": "#0"},
				"down": {"uv": [6, 10, 8, 11], "rotation": 90, "texture": "#0"}
			}
		},
		{
			"from": [10.35, 8, 11],
			"to": [10.85, 8.5, 11.2],
			"faces": {
				"north": {"uv": [6, 10, 8, 11], "rotation": 90, "texture": "#0"},
				"east": {"uv": [6, 10, 8, 11], "rotation": 90, "texture": "#0"},
				"south": {"uv": [9, 7, 11, 9], "rotation": 90, "texture": "#0"},
				"west": {"uv": [6, 10, 8, 11], "rotation": 90, "texture": "#0"},
				"up": {"uv": [6, 10, 8, 11], "rotation": 180, "texture": "#0"},
				"down": {"uv": [6, 10, 8, 11], "texture": "#0"}
			}
		},
		{
			"from": [13.15, 6.1, 10],
			"to": [13.65, 6.6, 10.2],
			"faces": {
				"north": {"uv": [6, 10, 8, 11], "rotation": 270, "texture": "#0"},
				"east": {"uv": [6, 10, 8, 11], "rotation": 270, "texture": "#0"},
				"south": {"uv": [6, 9, 8, 11], "rotation": 270, "texture": "#0"},
				"west": {"uv": [6, 10, 8, 11], "rotation": 270, "texture": "#0"},
				"up": {"uv": [6, 10, 8, 11], "rotation": 180, "texture": "#0"},
				"down": {"uv": [6, 10, 8, 11], "texture": "#0"}
			}
		},
		{
			"from": [10.35, 5.8, 13],
			"to": [11.35, 6.8, 13.4],
			"faces": {
				"north": {"uv": [6, 10, 8, 11], "rotation": 90, "texture": "#0"},
				"east": {"uv": [6, 10, 8, 11], "rotation": 90, "texture": "#0"},
				"south": {"uv": [6, 9, 8, 11], "rotation": 90, "texture": "#0"},
				"west": {"uv": [6, 10, 8, 11], "rotation": 90, "texture": "#0"},
				"up": {"uv": [6, 10, 8, 11], "rotation": 180, "texture": "#0"},
				"down": {"uv": [6, 10, 8, 11], "texture": "#0"}
			}
		},
		{
			"from": [8.85, 5.2, 14],
			"to": [9.85, 6.2, 14.3],
			"faces": {
				"north": {"uv": [6, 10, 8, 11], "rotation": 90, "texture": "#0"},
				"east": {"uv": [6, 10, 8, 11], "rotation": 90, "texture": "#0"},
				"south": {"uv": [6, 9, 8, 11], "rotation": 90, "texture": "#0"},
				"west": {"uv": [6, 10, 8, 11], "rotation": 90, "texture": "#0"},
				"up": {"uv": [6, 10, 8, 11], "rotation": 180, "texture": "#0"},
				"down": {"uv": [6, 10, 8, 11], "texture": "#0"}
			}
		},
		{
			"from": [6.5, 6.35, 14],
			"to": [7, 6.85, 14.2],
			"faces": {
				"north": {"uv": [6, 10, 8, 11], "rotation": 180, "texture": "#0"},
				"east": {"uv": [6, 10, 8, 11], "rotation": 270, "texture": "#0"},
				"south": {"uv": [6, 9, 8, 11], "texture": "#0"},
				"west": {"uv": [6, 10, 8, 11], "rotation": 90, "texture": "#0"},
				"up": {"uv": [6, 10, 8, 11], "texture": "#0"},
				"down": {"uv": [6, 10, 8, 11], "texture": "#0"}
			}
		},
		{
			"from": [5.5, 7, 12],
			"to": [6, 7.5, 12.5],
			"faces": {
				"north": {"uv": [6, 10, 8, 11], "rotation": 90, "texture": "#0"},
				"east": {"uv": [6, 10, 8, 11], "rotation": 90, "texture": "#0"},
				"south": {"uv": [6, 9, 8, 11], "rotation": 90, "texture": "#0"},
				"west": {"uv": [6, 10, 8, 11], "rotation": 90, "texture": "#0"},
				"up": {"uv": [6, 10, 8, 11], "rotation": 180, "texture": "#0"},
				"down": {"uv": [6, 10, 8, 11], "texture": "#0"}
			}
		},
		{
			"from": [3.5, 5, 12],
			"to": [4, 5.5, 12.5],
			"faces": {
				"north": {"uv": [6, 10, 8, 11], "rotation": 90, "texture": "#0"},
				"east": {"uv": [6, 10, 8, 11], "rotation": 90, "texture": "#0"},
				"south": {"uv": [6, 9, 8, 11], "rotation": 90, "texture": "#0"},
				"west": {"uv": [6, 10, 8, 11], "rotation": 90, "texture": "#0"},
				"up": {"uv": [6, 10, 8, 11], "rotation": 180, "texture": "#0"},
				"down": {"uv": [6, 10, 8, 11], "texture": "#0"}
			}
		},
		{
			"from": [3.35, 7, 10],
			"to": [3.85, 7.5, 10.2],
			"faces": {
				"north": {"uv": [6, 10, 8, 11], "rotation": 90, "texture": "#0"},
				"east": {"uv": [6, 10, 8, 11], "rotation": 90, "texture": "#0"},
				"south": {"uv": [6, 9, 8, 11], "rotation": 90, "texture": "#0"},
				"west": {"uv": [6, 10, 8, 11], "rotation": 90, "texture": "#0"},
				"up": {"uv": [6, 10, 8, 11], "rotation": 180, "texture": "#0"},
				"down": {"uv": [6, 10, 8, 11], "texture": "#0"}
			}
		},
		{
			"from": [8.35, 8, 12],
			"to": [8.85, 8.5, 12.2],
			"faces": {
				"north": {"uv": [6, 10, 8, 11], "rotation": 90, "texture": "#0"},
				"east": {"uv": [6, 10, 8, 11], "rotation": 90, "texture": "#0"},
				"south": {"uv": [9, 7, 11, 9], "rotation": 90, "texture": "#0"},
				"west": {"uv": [6, 10, 8, 11], "rotation": 90, "texture": "#0"},
				"up": {"uv": [6, 10, 8, 11], "rotation": 180, "texture": "#0"},
				"down": {"uv": [6, 10, 8, 11], "texture": "#0"}
			}
		},
		{
			"from": [4.8, 8, 10.35],
			"to": [5, 8.5, 10.85],
			"faces": {
				"north": {"uv": [6, 10, 8, 11], "rotation": 90, "texture": "#0"},
				"east": {"uv": [6, 10, 8, 11], "rotation": 90, "texture": "#0"},
				"south": {"uv": [6, 10, 8, 11], "rotation": 90, "texture": "#0"},
				"west": {"uv": [9, 7, 11, 9], "rotation": 90, "texture": "#0"},
				"up": {"uv": [6, 10, 8, 11], "rotation": 270, "texture": "#0"},
				"down": {"uv": [6, 10, 8, 11], "rotation": 270, "texture": "#0"}
			}
		},
		{
			"from": [5.8, 6.1, 13.15],
			"to": [6, 6.6, 13.65],
			"faces": {
				"north": {"uv": [6, 10, 8, 11], "rotation": 270, "texture": "#0"},
				"east": {"uv": [6, 10, 8, 11], "rotation": 270, "texture": "#0"},
				"south": {"uv": [6, 10, 8, 11], "rotation": 270, "texture": "#0"},
				"west": {"uv": [6, 9, 8, 11], "rotation": 270, "texture": "#0"},
				"up": {"uv": [6, 10, 8, 11], "rotation": 270, "texture": "#0"},
				"down": {"uv": [6, 10, 8, 11], "rotation": 270, "texture": "#0"}
			}
		},
		{
			"from": [2.6, 5.8, 10.35],
			"to": [3, 6.8, 11.35],
			"faces": {
				"north": {"uv": [6, 10, 8, 11], "rotation": 90, "texture": "#0"},
				"east": {"uv": [6, 10, 8, 11], "rotation": 90, "texture": "#0"},
				"south": {"uv": [6, 10, 8, 11], "rotation": 90, "texture": "#0"},
				"west": {"uv": [6, 9, 8, 11], "rotation": 90, "texture": "#0"},
				"up": {"uv": [6, 10, 8, 11], "rotation": 270, "texture": "#0"},
				"down": {"uv": [6, 10, 8, 11], "rotation": 270, "texture": "#0"}
			}
		},
		{
			"from": [6.15, 5.2, 1.7],
			"to": [7.15, 6.2, 2],
			"faces": {
				"north": {"uv": [6, 9, 8, 11], "rotation": 90, "texture": "#0"},
				"east": {"uv": [6, 10, 8, 11], "rotation": 90, "texture": "#0"},
				"south": {"uv": [6, 10, 8, 11], "rotation": 90, "texture": "#0"},
				"west": {"uv": [6, 10, 8, 11], "rotation": 90, "texture": "#0"},
				"up": {"uv": [6, 10, 8, 11], "texture": "#0"},
				"down": {"uv": [6, 10, 8, 11], "rotation": 180, "texture": "#0"}
			}
		},
		{
			"from": [9, 6.35, 1.8],
			"to": [9.5, 6.85, 2],
			"faces": {
				"north": {"uv": [6, 9, 8, 11], "texture": "#0"},
				"east": {"uv": [6, 10, 8, 11], "rotation": 90, "texture": "#0"},
				"south": {"uv": [6, 10, 8, 11], "rotation": 180, "texture": "#0"},
				"west": {"uv": [6, 10, 8, 11], "rotation": 270, "texture": "#0"},
				"up": {"uv": [6, 10, 8, 11], "rotation": 180, "texture": "#0"},
				"down": {"uv": [6, 10, 8, 11], "rotation": 180, "texture": "#0"}
			}
		},
		{
			"from": [10, 7, 3.5],
			"to": [10.5, 7.5, 4],
			"faces": {
				"north": {"uv": [6, 9, 8, 11], "rotation": 90, "texture": "#0"},
				"east": {"uv": [6, 10, 8, 11], "rotation": 90, "texture": "#0"},
				"south": {"uv": [6, 10, 8, 11], "rotation": 90, "texture": "#0"},
				"west": {"uv": [6, 10, 8, 11], "rotation": 90, "texture": "#0"},
				"up": {"uv": [6, 10, 8, 11], "texture": "#0"},
				"down": {"uv": [6, 10, 8, 11], "rotation": 180, "texture": "#0"}
			}
		},
		{
			"from": [12, 5, 3.5],
			"to": [12.5, 5.5, 4],
			"faces": {
				"north": {"uv": [6, 9, 8, 11], "rotation": 90, "texture": "#0"},
				"east": {"uv": [6, 10, 8, 11], "rotation": 90, "texture": "#0"},
				"south": {"uv": [6, 10, 8, 11], "rotation": 90, "texture": "#0"},
				"west": {"uv": [6, 10, 8, 11], "rotation": 90, "texture": "#0"},
				"up": {"uv": [6, 10, 8, 11], "texture": "#0"},
				"down": {"uv": [6, 10, 8, 11], "rotation": 180, "texture": "#0"}
			}
		},
		{
			"from": [12.15, 7, 5.8],
			"to": [12.65, 7.5, 6],
			"faces": {
				"north": {"uv": [6, 9, 8, 11], "rotation": 90, "texture": "#0"},
				"east": {"uv": [6, 10, 8, 11], "rotation": 90, "texture": "#0"},
				"south": {"uv": [6, 10, 8, 11], "rotation": 90, "texture": "#0"},
				"west": {"uv": [6, 10, 8, 11], "rotation": 90, "texture": "#0"},
				"up": {"uv": [6, 10, 8, 11], "texture": "#0"},
				"down": {"uv": [6, 10, 8, 11], "rotation": 180, "texture": "#0"}
			}
		},
		{
			"from": [7.15, 8, 3.8],
			"to": [7.65, 8.5, 4],
			"faces": {
				"north": {"uv": [9, 7, 11, 9], "rotation": 90, "texture": "#0"},
				"east": {"uv": [6, 10, 8, 11], "rotation": 90, "texture": "#0"},
				"south": {"uv": [6, 10, 8, 11], "rotation": 90, "texture": "#0"},
				"west": {"uv": [6, 10, 8, 11], "rotation": 90, "texture": "#0"},
				"up": {"uv": [6, 10, 8, 11], "texture": "#0"},
				"down": {"uv": [6, 10, 8, 11], "rotation": 180, "texture": "#0"}
			}
		},
		{
			"from": [11, 8, 5.15],
			"to": [11.2, 8.5, 5.65],
			"faces": {
				"north": {"uv": [6, 10, 8, 11], "rotation": 90, "texture": "#0"},
				"east": {"uv": [9, 7, 11, 9], "rotation": 90, "texture": "#0"},
				"south": {"uv": [6, 10, 8, 11], "rotation": 90, "texture": "#0"},
				"west": {"uv": [6, 10, 8, 11], "rotation": 90, "texture": "#0"},
				"up": {"uv": [6, 10, 8, 11], "rotation": 90, "texture": "#0"},
				"down": {"uv": [6, 10, 8, 11], "rotation": 90, "texture": "#0"}
			}
		},
		{
			"from": [10, 6.1, 2.35],
			"to": [10.2, 6.6, 2.85],
			"faces": {
				"north": {"uv": [6, 10, 8, 11], "rotation": 270, "texture": "#0"},
				"east": {"uv": [6, 9, 8, 11], "rotation": 270, "texture": "#0"},
				"south": {"uv": [6, 10, 8, 11], "rotation": 270, "texture": "#0"},
				"west": {"uv": [6, 10, 8, 11], "rotation": 270, "texture": "#0"},
				"up": {"uv": [6, 10, 8, 11], "rotation": 90, "texture": "#0"},
				"down": {"uv": [6, 10, 8, 11], "rotation": 90, "texture": "#0"}
			}
		},
		{
			"from": [13, 5.8, 4.65],
			"to": [13.4, 6.8, 5.65],
			"faces": {
				"north": {"uv": [6, 10, 8, 11], "rotation": 90, "texture": "#0"},
				"east": {"uv": [6, 9, 8, 11], "rotation": 90, "texture": "#0"},
				"south": {"uv": [6, 10, 8, 11], "rotation": 90, "texture": "#0"},
				"west": {"uv": [6, 10, 8, 11], "rotation": 90, "texture": "#0"},
				"up": {"uv": [6, 10, 8, 11], "rotation": 90, "texture": "#0"},
				"down": {"uv": [6, 10, 8, 11], "rotation": 90, "texture": "#0"}
			}
		},
		{
			"from": [1.7, 5.2, 8.85],
			"to": [2, 6.2, 9.85],
			"faces": {
				"north": {"uv": [6, 10, 8, 11], "rotation": 90, "texture": "#0"},
				"east": {"uv": [6, 10, 8, 11], "rotation": 90, "texture": "#0"},
				"south": {"uv": [6, 10, 8, 11], "rotation": 90, "texture": "#0"},
				"west": {"uv": [6, 9, 8, 11], "rotation": 90, "texture": "#0"},
				"up": {"uv": [6, 10, 8, 11], "rotation": 270, "texture": "#0"},
				"down": {"uv": [6, 10, 8, 11], "rotation": 270, "texture": "#0"}
			}
		},
		{
			"from": [1.8, 6.35, 6.5],
			"to": [2, 6.85, 7],
			"faces": {
				"north": {"uv": [6, 10, 8, 11], "rotation": 90, "texture": "#0"},
				"east": {"uv": [6, 10, 8, 11], "rotation": 180, "texture": "#0"},
				"south": {"uv": [6, 10, 8, 11], "rotation": 270, "texture": "#0"},
				"west": {"uv": [6, 9, 8, 11], "texture": "#0"},
				"up": {"uv": [6, 10, 8, 11], "rotation": 90, "texture": "#0"},
				"down": {"uv": [6, 10, 8, 11], "rotation": 270, "texture": "#0"}
			}
		},
		{
			"from": [3.5, 7, 5.5],
			"to": [4, 7.5, 6],
			"faces": {
				"north": {"uv": [6, 10, 8, 11], "rotation": 90, "texture": "#0"},
				"east": {"uv": [6, 10, 8, 11], "rotation": 90, "texture": "#0"},
				"south": {"uv": [6, 10, 8, 11], "rotation": 90, "texture": "#0"},
				"west": {"uv": [6, 9, 8, 11], "rotation": 90, "texture": "#0"},
				"up": {"uv": [6, 10, 8, 11], "rotation": 270, "texture": "#0"},
				"down": {"uv": [6, 10, 8, 11], "rotation": 270, "texture": "#0"}
			}
		},
		{
			"from": [3.5, 5, 3.5],
			"to": [4, 5.5, 4],
			"faces": {
				"north": {"uv": [6, 10, 8, 11], "rotation": 90, "texture": "#0"},
				"east": {"uv": [6, 10, 8, 11], "rotation": 90, "texture": "#0"},
				"south": {"uv": [6, 10, 8, 11], "rotation": 90, "texture": "#0"},
				"west": {"uv": [6, 9, 8, 11], "rotation": 90, "texture": "#0"},
				"up": {"uv": [6, 10, 8, 11], "rotation": 270, "texture": "#0"},
				"down": {"uv": [6, 10, 8, 11], "rotation": 270, "texture": "#0"}
			}
		},
		{
			"from": [5.8, 7, 3.35],
			"to": [6, 7.5, 3.85],
			"faces": {
				"north": {"uv": [6, 10, 8, 11], "rotation": 90, "texture": "#0"},
				"east": {"uv": [6, 10, 8, 11], "rotation": 90, "texture": "#0"},
				"south": {"uv": [6, 10, 8, 11], "rotation": 90, "texture": "#0"},
				"west": {"uv": [6, 9, 8, 11], "rotation": 90, "texture": "#0"},
				"up": {"uv": [6, 10, 8, 11], "rotation": 270, "texture": "#0"},
				"down": {"uv": [6, 10, 8, 11], "rotation": 270, "texture": "#0"}
			}
		},
		{
			"from": [3.8, 8, 8.35],
			"to": [4, 8.5, 8.85],
			"faces": {
				"north": {"uv": [6, 10, 8, 11], "rotation": 90, "texture": "#0"},
				"east": {"uv": [6, 10, 8, 11], "rotation": 90, "texture": "#0"},
				"south": {"uv": [6, 10, 8, 11], "rotation": 90, "texture": "#0"},
				"west": {"uv": [9, 7, 11, 9], "rotation": 90, "texture": "#0"},
				"up": {"uv": [6, 10, 8, 11], "rotation": 270, "texture": "#0"},
				"down": {"uv": [6, 10, 8, 11], "rotation": 270, "texture": "#0"}
			}
		},
		{
			"from": [5.15, 8, 4.8],
			"to": [5.65, 8.5, 5],
			"faces": {
				"north": {"uv": [9, 7, 11, 9], "rotation": 90, "texture": "#0"},
				"east": {"uv": [6, 10, 8, 11], "rotation": 90, "texture": "#0"},
				"south": {"uv": [6, 10, 8, 11], "rotation": 90, "texture": "#0"},
				"west": {"uv": [6, 10, 8, 11], "rotation": 90, "texture": "#0"},
				"up": {"uv": [6, 10, 8, 11], "texture": "#0"},
				"down": {"uv": [6, 10, 8, 11], "rotation": 180, "texture": "#0"}
			}
		},
		{
			"from": [2.35, 6.1, 5.8],
			"to": [2.85, 6.6, 6],
			"faces": {
				"north": {"uv": [6, 9, 8, 11], "rotation": 270, "texture": "#0"},
				"east": {"uv": [6, 10, 8, 11], "rotation": 270, "texture": "#0"},
				"south": {"uv": [6, 10, 8, 11], "rotation": 270, "texture": "#0"},
				"west": {"uv": [6, 10, 8, 11], "rotation": 270, "texture": "#0"},
				"up": {"uv": [6, 10, 8, 11], "texture": "#0"},
				"down": {"uv": [6, 10, 8, 11], "rotation": 180, "texture": "#0"}
			}
		},
		{
			"from": [4.65, 5.8, 2.6],
			"to": [5.65, 6.8, 3],
			"faces": {
				"north": {"uv": [6, 9, 8, 11], "rotation": 90, "texture": "#0"},
				"east": {"uv": [6, 10, 8, 11], "rotation": 90, "texture": "#0"},
				"south": {"uv": [6, 10, 8, 11], "rotation": 90, "texture": "#0"},
				"west": {"uv": [6, 10, 8, 11], "rotation": 90, "texture": "#0"},
				"up": {"uv": [6, 10, 8, 11], "texture": "#0"},
				"down": {"uv": [6, 10, 8, 11], "rotation": 180, "texture": "#0"}
			}
		},
		{
			"from": [7, 9, 9],
			"to": [8, 9.2, 10],
			"faces": {
				"north": {"uv": [9, 8, 11, 9], "texture": "#0"},
				"east": {"uv": [9, 8, 11, 9], "texture": "#0"},
				"south": {"uv": [9, 8, 11, 9], "texture": "#0"},
				"west": {"uv": [9, 8, 11, 9], "texture": "#0"},
				"up": {"uv": [9, 7, 11, 9], "rotation": 90, "texture": "#0"},
				"down": {"uv": [9, 8, 11, 9], "rotation": 270, "texture": "#0"}
			}
		},
		{
			"from": [8, 9, 7],
			"to": [9, 9.2, 8],
			"faces": {
				"north": {"uv": [9, 8, 11, 9], "texture": "#0"},
				"east": {"uv": [9, 8, 11, 9], "texture": "#0"},
				"south": {"uv": [9, 8, 11, 9], "texture": "#0"},
				"west": {"uv": [9, 8, 11, 9], "texture": "#0"},
				"up": {"uv": [9, 7, 11, 9], "rotation": 90, "texture": "#0"},
				"down": {"uv": [9, 8, 11, 9], "rotation": 270, "texture": "#0"}
			}
		},
		{
			"from": [7, 9, 5],
			"to": [7.5, 9.2, 5.5],
			"faces": {
				"north": {"uv": [9, 8, 11, 9], "texture": "#0"},
				"east": {"uv": [9, 8, 11, 9], "texture": "#0"},
				"south": {"uv": [9, 8, 11, 9], "texture": "#0"},
				"west": {"uv": [9, 8, 11, 9], "texture": "#0"},
				"up": {"uv": [9, 8, 10, 9], "rotation": 90, "texture": "#0"},
				"down": {"uv": [9, 8, 11, 9], "rotation": 270, "texture": "#0"}
			}
		},
		{
			"from": [10, 9, 6],
			"to": [10.5, 9.2, 6.5],
			"faces": {
				"north": {"uv": [9, 8, 11, 9], "texture": "#0"},
				"east": {"uv": [9, 8, 11, 9], "texture": "#0"},
				"south": {"uv": [9, 8, 11, 9], "texture": "#0"},
				"west": {"uv": [9, 8, 11, 9], "texture": "#0"},
				"up": {"uv": [9, 8, 10, 9], "rotation": 90, "texture": "#0"},
				"down": {"uv": [9, 8, 11, 9], "rotation": 270, "texture": "#0"}
			}
		},
		{
			"from": [9, 9, 9],
			"to": [9.5, 9.2, 9.5],
			"faces": {
				"north": {"uv": [9, 8, 11, 9], "texture": "#0"},
				"east": {"uv": [9, 8, 11, 9], "texture": "#0"},
				"south": {"uv": [9, 8, 11, 9], "texture": "#0"},
				"west": {"uv": [9, 8, 11, 9], "texture": "#0"},
				"up": {"uv": [9, 8, 10, 9], "rotation": 90, "texture": "#0"},
				"down": {"uv": [9, 8, 11, 9], "rotation": 270, "texture": "#0"}
			}
		},
		{
			"from": [6, 8, 11],
			"to": [10, 9, 12],
			"faces": {
				"north": {"uv": [0, 0, 4, 1], "texture": "#3"},
				"east": {"uv": [0, 0, 1, 1], "texture": "#3"},
				"south": {"uv": [0, 0, 4, 1], "texture": "#3"},
				"west": {"uv": [0, 0, 1, 1], "texture": "#3"},
				"up": {"uv": [0, 0, 4, 1], "texture": "#3"},
				"down": {"uv": [0, 0, 4, 1], "texture": "#3"}
			}
		},
		{
			"from": [6, 8, 4],
			"to": [10, 9, 5],
			"faces": {
				"north": {"uv": [0, 0, 4, 1], "texture": "#3"},
				"east": {"uv": [0, 0, 1, 1], "texture": "#3"},
				"south": {"uv": [0, 0, 4, 1], "texture": "#3"},
				"west": {"uv": [0, 0, 1, 1], "texture": "#3"},
				"up": {"uv": [0, 0, 4, 1], "texture": "#3"},
				"down": {"uv": [0, 0, 4, 1], "texture": "#3"}
			}
		},
		{
			"from": [4, 8, 6],
			"to": [5, 9, 10],
			"faces": {
				"north": {"uv": [0, 0, 1, 1], "texture": "#3"},
				"east": {"uv": [0, 0, 4, 1], "texture": "#3"},
				"south": {"uv": [0, 0, 1, 1], "texture": "#3"},
				"west": {"uv": [0, 0, 4, 1], "texture": "#3"},
				"up": {"uv": [0, 0, 4, 1], "rotation": 270, "texture": "#3"},
				"down": {"uv": [0, 0, 4, 1], "rotation": 90, "texture": "#3"}
			}
		},
		{
			"from": [11, 8, 6],
			"to": [12, 9, 10],
			"faces": {
				"north": {"uv": [0, 0, 1, 1], "texture": "#3"},
				"east": {"uv": [0, 0, 4, 1], "texture": "#3"},
				"south": {"uv": [0, 0, 1, 1], "texture": "#3"},
				"west": {"uv": [0, 0, 4, 1], "texture": "#3"},
				"up": {"uv": [0, 0, 4, 1], "rotation": 90, "texture": "#3"},
				"down": {"uv": [0, 0, 4, 1], "rotation": 270, "texture": "#3"}
			}
		},
		{
			"from": [6, 5, 2],
			"to": [10, 7, 3],
			"rotation": {"angle": 0, "axis": "y", "origin": [8, 7, 8]},
			"faces": {
				"north": {"uv": [0, 0, 4, 2], "texture": "#1"},
				"east": {"uv": [0, 0, 1, 2], "texture": "#1"},
				"south": {"uv": [0, 0, 4, 2], "texture": "#1"},
				"west": {"uv": [0, 0, 1, 2], "texture": "#1"},
				"up": {"uv": [0, 0, 4, 1], "texture": "#1"},
				"down": {"uv": [0, 0, 4, 1], "texture": "#1"}
			}
		},
		{
			"from": [6, 5, 13],
			"to": [10, 7, 14],
			"rotation": {"angle": 0, "axis": "y", "origin": [8, 7, 8]},
			"faces": {
				"north": {"uv": [0, 0, 4, 2], "texture": "#1"},
				"east": {"uv": [0, 0, 1, 2], "texture": "#1"},
				"south": {"uv": [0, 0, 4, 2], "texture": "#1"},
				"west": {"uv": [0, 0, 1, 2], "texture": "#1"},
				"up": {"uv": [0, 0, 4, 1], "rotation": 180, "texture": "#1"},
				"down": {"uv": [0, 0, 4, 1], "rotation": 180, "texture": "#1"}
			}
		},
		{
			"from": [4, 5, 3],
			"to": [6, 7, 4],
			"rotation": {"angle": 0, "axis": "y", "origin": [8, 7, 8]},
			"faces": {
				"north": {"uv": [0, 0, 2, 2], "texture": "#1"},
				"east": {"uv": [0, 0, 1, 2], "texture": "#1"},
				"south": {"uv": [0, 0, 2, 2], "texture": "#1"},
				"west": {"uv": [0, 0, 1, 2], "texture": "#1"},
				"up": {"uv": [0, 0, 2, 1], "texture": "#1"},
				"down": {"uv": [0, 0, 2, 1], "texture": "#1"}
			}
		},
		{
			"from": [12, 5, 4],
			"to": [13, 7, 6],
			"rotation": {"angle": 0, "axis": "y", "origin": [8, 7, 8]},
			"faces": {
				"north": {"uv": [0, 0, 1, 2], "texture": "#1"},
				"east": {"uv": [0, 0, 2, 2], "texture": "#1"},
				"south": {"uv": [0, 0, 1, 2], "texture": "#1"},
				"west": {"uv": [0, 0, 2, 2], "texture": "#1"},
				"up": {"uv": [0, 0, 2, 1], "rotation": 90, "texture": "#1"},
				"down": {"uv": [0, 0, 2, 1], "rotation": 270, "texture": "#1"}
			}
		},
		{
			"from": [10, 5, 12],
			"to": [12, 7, 13],
			"rotation": {"angle": 0, "axis": "y", "origin": [8, 7, 8]},
			"faces": {
				"north": {"uv": [0, 0, 2, 2], "texture": "#1"},
				"east": {"uv": [0, 0, 1, 2], "texture": "#1"},
				"south": {"uv": [0, 0, 2, 2], "texture": "#1"},
				"west": {"uv": [0, 0, 1, 2], "texture": "#1"},
				"up": {"uv": [0, 0, 2, 1], "rotation": 180, "texture": "#1"},
				"down": {"uv": [0, 0, 2, 1], "rotation": 180, "texture": "#1"}
			}
		},
		{
			"from": [3, 5, 10],
			"to": [4, 7, 12],
			"rotation": {"angle": 0, "axis": "y", "origin": [8, 7, 8]},
			"faces": {
				"north": {"uv": [0, 0, 1, 2], "texture": "#1"},
				"east": {"uv": [0, 0, 2, 2], "texture": "#1"},
				"south": {"uv": [0, 0, 1, 2], "texture": "#1"},
				"west": {"uv": [0, 0, 2, 2], "texture": "#1"},
				"up": {"uv": [0, 0, 2, 1], "rotation": 270, "texture": "#1"},
				"down": {"uv": [0, 0, 2, 1], "rotation": 90, "texture": "#1"}
			}
		},
		{
			"from": [3, 5, 4],
			"to": [4, 7, 6],
			"rotation": {"angle": 0, "axis": "y", "origin": [8, 7, 8]},
			"faces": {
				"north": {"uv": [0, 0, 1, 2], "texture": "#1"},
				"east": {"uv": [0, 0, 2, 2], "texture": "#1"},
				"south": {"uv": [0, 0, 1, 2], "texture": "#1"},
				"west": {"uv": [0, 0, 2, 2], "texture": "#1"},
				"up": {"uv": [0, 0, 2, 1], "rotation": 270, "texture": "#1"},
				"down": {"uv": [0, 0, 2, 1], "rotation": 90, "texture": "#1"}
			}
		},
		{
			"from": [10, 5, 3],
			"to": [12, 7, 4],
			"rotation": {"angle": 0, "axis": "y", "origin": [8, 7, 8]},
			"faces": {
				"north": {"uv": [0, 0, 2, 2], "texture": "#1"},
				"east": {"uv": [0, 0, 1, 2], "texture": "#1"},
				"south": {"uv": [0, 0, 2, 2], "texture": "#1"},
				"west": {"uv": [0, 0, 1, 2], "texture": "#1"},
				"up": {"uv": [0, 0, 2, 1], "texture": "#1"},
				"down": {"uv": [0, 0, 2, 1], "texture": "#1"}
			}
		},
		{
			"from": [12, 5, 10],
			"to": [13, 7, 12],
			"rotation": {"angle": 0, "axis": "y", "origin": [8, 7, 8]},
			"faces": {
				"north": {"uv": [0, 0, 1, 2], "texture": "#1"},
				"east": {"uv": [0, 0, 2, 2], "texture": "#1"},
				"south": {"uv": [0, 0, 1, 2], "texture": "#1"},
				"west": {"uv": [0, 0, 2, 2], "texture": "#1"},
				"up": {"uv": [0, 0, 2, 1], "rotation": 90, "texture": "#1"},
				"down": {"uv": [0, 0, 2, 1], "rotation": 270, "texture": "#1"}
			}
		},
		{
			"from": [4, 5, 12],
			"to": [6, 7, 13],
			"rotation": {"angle": 0, "axis": "y", "origin": [8, 7, 8]},
			"faces": {
				"north": {"uv": [0, 0, 2, 2], "texture": "#1"},
				"east": {"uv": [0, 0, 1, 2], "texture": "#1"},
				"south": {"uv": [0, 0, 2, 2], "texture": "#1"},
				"west": {"uv": [0, 0, 1, 2], "texture": "#1"},
				"up": {"uv": [0, 0, 2, 1], "rotation": 180, "texture": "#1"},
				"down": {"uv": [0, 0, 2, 1], "rotation": 180, "texture": "#1"}
			}
		},
		{
			"from": [2, 5, 6],
			"to": [3, 7, 10],
			"rotation": {"angle": 0, "axis": "y", "origin": [8, 7, 8]},
			"faces": {
				"north": {"uv": [0, 0, 1, 2], "texture": "#1"},
				"east": {"uv": [0, 0, 4, 2], "texture": "#1"},
				"south": {"uv": [0, 0, 1, 2], "texture": "#1"},
				"west": {"uv": [0, 0, 4, 2], "texture": "#1"},
				"up": {"uv": [0, 0, 4, 1], "rotation": 90, "texture": "#1"},
				"down": {"uv": [0, 0, 4, 1], "rotation": 270, "texture": "#1"}
			}
		},
		{
			"from": [13, 5, 6],
			"to": [14, 7, 10],
			"rotation": {"angle": 0, "axis": "y", "origin": [8, 7, 8]},
			"faces": {
				"north": {"uv": [0, 0, 1, 2], "texture": "#1"},
				"east": {"uv": [0, 0, 4, 2], "texture": "#1"},
				"south": {"uv": [0, 0, 1, 2], "texture": "#1"},
				"west": {"uv": [0, 0, 4, 2], "texture": "#1"},
				"up": {"uv": [0, 0, 4, 1], "rotation": 270, "texture": "#1"},
				"down": {"uv": [0, 0, 4, 1], "rotation": 90, "texture": "#1"}
			}
		},
		{
			"from": [3, 7, 6],
			"to": [4, 8, 10],
			"faces": {
				"north": {"uv": [0, 0, 1, 1], "texture": "#2"},
				"east": {"uv": [0, 0, 4, 1], "texture": "#2"},
				"south": {"uv": [0, 0, 1, 1], "texture": "#2"},
				"west": {"uv": [0, 0, 4, 1], "texture": "#2"},
				"up": {"uv": [0, 0, 1, 4], "texture": "#2"},
				"down": {"uv": [0, 0, 1, 4], "texture": "#2"}
			}
		},
		{
			"from": [12, 7, 6],
			"to": [13, 8, 10],
			"faces": {
				"north": {"uv": [0, 0, 1, 1], "texture": "#2"},
				"east": {"uv": [0, 0, 4, 1], "texture": "#2"},
				"south": {"uv": [0, 0, 1, 1], "texture": "#2"},
				"west": {"uv": [0, 0, 4, 1], "texture": "#2"},
				"up": {"uv": [0, 0, 1, 4], "texture": "#2"},
				"down": {"uv": [0, 0, 1, 4], "texture": "#2"}
			}
		},
		{
			"from": [6, 7, 12],
			"to": [10, 8, 13],
			"faces": {
				"north": {"uv": [0, 0, 4, 1], "texture": "#2"},
				"east": {"uv": [0, 0, 1, 1], "texture": "#2"},
				"south": {"uv": [0, 0, 4, 1], "texture": "#2"},
				"west": {"uv": [0, 0, 1, 1], "texture": "#2"},
				"up": {"uv": [0, 0, 1, 4], "rotation": 90, "texture": "#2"},
				"down": {"uv": [0, 0, 1, 4], "rotation": 270, "texture": "#2"}
			}
		},
		{
			"from": [11, 7, 11],
			"to": [12, 8, 12],
			"faces": {
				"north": {"uv": [0, 0, 1, 1], "texture": "#2"},
				"east": {"uv": [0, 0, 1, 1], "texture": "#2"},
				"south": {"uv": [0, 0, 1, 1], "texture": "#2"},
				"west": {"uv": [0, 0, 1, 1], "texture": "#2"},
				"up": {"uv": [0, 0, 1, 1], "rotation": 90, "texture": "#2"},
				"down": {"uv": [0, 0, 1, 1], "rotation": 270, "texture": "#2"}
			}
		},
		{
			"from": [10, 7, 11],
			"to": [11, 8, 12],
			"faces": {
				"north": {"uv": [0, 0, 1, 1], "texture": "#2"},
				"east": {"uv": [0, 0, 1, 1], "texture": "#2"},
				"south": {"uv": [0, 0, 1, 1], "texture": "#2"},
				"west": {"uv": [0, 0, 1, 1], "texture": "#2"},
				"up": {"uv": [0, 0, 1, 1], "rotation": 90, "texture": "#2"},
				"down": {"uv": [0, 0, 1, 1], "rotation": 270, "texture": "#2"}
			}
		},
		{
			"from": [11, 7, 10],
			"to": [12, 8, 11],
			"faces": {
				"north": {"uv": [0, 0, 1, 1], "texture": "#2"},
				"east": {"uv": [0, 0, 1, 1], "texture": "#2"},
				"south": {"uv": [0, 0, 1, 1], "texture": "#2"},
				"west": {"uv": [0, 0, 1, 1], "texture": "#2"},
				"up": {"uv": [0, 0, 1, 1], "rotation": 90, "texture": "#2"},
				"down": {"uv": [0, 0, 1, 1], "rotation": 270, "texture": "#2"}
			}
		},
		{
			"from": [4, 7, 11],
			"to": [5, 8, 12],
			"faces": {
				"north": {"uv": [0, 0, 1, 1], "texture": "#2"},
				"east": {"uv": [0, 0, 1, 1], "texture": "#2"},
				"south": {"uv": [0, 0, 1, 1], "texture": "#2"},
				"west": {"uv": [0, 0, 1, 1], "texture": "#2"},
				"up": {"uv": [0, 0, 1, 1], "rotation": 180, "texture": "#2"},
				"down": {"uv": [0, 0, 1, 1], "rotation": 180, "texture": "#2"}
			}
		},
		{
			"from": [4, 7, 10],
			"to": [5, 8, 11],
			"faces": {
				"north": {"uv": [0, 0, 1, 1], "texture": "#2"},
				"east": {"uv": [0, 0, 1, 1], "texture": "#2"},
				"south": {"uv": [0, 0, 1, 1], "texture": "#2"},
				"west": {"uv": [0, 0, 1, 1], "texture": "#2"},
				"up": {"uv": [0, 0, 1, 1], "rotation": 180, "texture": "#2"},
				"down": {"uv": [0, 0, 1, 1], "rotation": 180, "texture": "#2"}
			}
		},
		{
			"from": [5, 7, 11],
			"to": [6, 8, 12],
			"faces": {
				"north": {"uv": [0, 0, 1, 1], "texture": "#2"},
				"east": {"uv": [0, 0, 1, 1], "texture": "#2"},
				"south": {"uv": [0, 0, 1, 1], "texture": "#2"},
				"west": {"uv": [0, 0, 1, 1], "texture": "#2"},
				"up": {"uv": [0, 0, 1, 1], "rotation": 180, "texture": "#2"},
				"down": {"uv": [0, 0, 1, 1], "rotation": 180, "texture": "#2"}
			}
		},
		{
			"from": [11, 7, 4],
			"to": [12, 8, 5],
			"faces": {
				"north": {"uv": [0, 0, 1, 1], "texture": "#2"},
				"east": {"uv": [0, 0, 1, 1], "texture": "#2"},
				"south": {"uv": [0, 0, 1, 1], "texture": "#2"},
				"west": {"uv": [0, 0, 1, 1], "texture": "#2"},
				"up": {"uv": [0, 0, 1, 1], "texture": "#2"},
				"down": {"uv": [0, 0, 1, 1], "texture": "#2"}
			}
		},
		{
			"from": [11, 7, 5],
			"to": [12, 8, 6],
			"faces": {
				"north": {"uv": [0, 0, 1, 1], "texture": "#2"},
				"east": {"uv": [0, 0, 1, 1], "texture": "#2"},
				"south": {"uv": [0, 0, 1, 1], "texture": "#2"},
				"west": {"uv": [0, 0, 1, 1], "texture": "#2"},
				"up": {"uv": [0, 0, 1, 1], "texture": "#2"},
				"down": {"uv": [0, 0, 1, 1], "texture": "#2"}
			}
		},
		{
			"from": [10, 7, 4],
			"to": [11, 8, 5],
			"faces": {
				"north": {"uv": [0, 0, 1, 1], "texture": "#2"},
				"east": {"uv": [0, 0, 1, 1], "texture": "#2"},
				"south": {"uv": [0, 0, 1, 1], "texture": "#2"},
				"west": {"uv": [0, 0, 1, 1], "texture": "#2"},
				"up": {"uv": [0, 0, 1, 1], "texture": "#2"},
				"down": {"uv": [0, 0, 1, 1], "texture": "#2"}
			}
		},
		{
			"from": [4, 7, 4],
			"to": [5, 8, 5],
			"faces": {
				"north": {"uv": [0, 0, 1, 1], "texture": "#2"},
				"east": {"uv": [0, 0, 1, 1], "texture": "#2"},
				"south": {"uv": [0, 0, 1, 1], "texture": "#2"},
				"west": {"uv": [0, 0, 1, 1], "texture": "#2"},
				"up": {"uv": [0, 0, 1, 1], "rotation": 270, "texture": "#2"},
				"down": {"uv": [0, 0, 1, 1], "rotation": 90, "texture": "#2"}
			}
		},
		{
			"from": [5, 7, 4],
			"to": [6, 8, 5],
			"faces": {
				"north": {"uv": [0, 0, 1, 1], "texture": "#2"},
				"east": {"uv": [0, 0, 1, 1], "texture": "#2"},
				"south": {"uv": [0, 0, 1, 1], "texture": "#2"},
				"west": {"uv": [0, 0, 1, 1], "texture": "#2"},
				"up": {"uv": [0, 0, 1, 1], "rotation": 270, "texture": "#2"},
				"down": {"uv": [0, 0, 1, 1], "rotation": 90, "texture": "#2"}
			}
		},
		{
			"from": [4, 7, 5],
			"to": [5, 8, 6],
			"faces": {
				"north": {"uv": [0, 0, 1, 1], "texture": "#2"},
				"east": {"uv": [0, 0, 1, 1], "texture": "#2"},
				"south": {"uv": [0, 0, 1, 1], "texture": "#2"},
				"west": {"uv": [0, 0, 1, 1], "texture": "#2"},
				"up": {"uv": [0, 0, 1, 1], "rotation": 270, "texture": "#2"},
				"down": {"uv": [0, 0, 1, 1], "rotation": 90, "texture": "#2"}
			}
		},
		{
			"from": [6, 7, 3],
			"to": [10, 8, 4],
			"faces": {
				"north": {"uv": [0, 0, 4, 1], "texture": "#2"},
				"east": {"uv": [0, 0, 1, 1], "texture": "#2"},
				"south": {"uv": [0, 0, 4, 1], "texture": "#2"},
				"west": {"uv": [0, 0, 1, 1], "texture": "#2"},
				"up": {"uv": [0, 0, 1, 4], "rotation": 270, "texture": "#2"},
				"down": {"uv": [0, 0, 1, 4], "rotation": 90, "texture": "#2"}
			}
		}
	],
	"display": {
		"ground": {
			"scale": [0.5, 0.5, 0.5]
		}
	},
	"groups": [0, 1,
		{
			"name": "circleish",
			"origin": [8, 8, 8],
			"children": [2, 3,
				{
					"name": "Dots",
					"origin": [8, 8, 8],
					"children": [4, 5, 6, 7, 8, 9, 10, 11, 12]
				},
				{
					"name": "Dots",
					"origin": [8, 8, 8],
					"children": [13, 14, 15, 16, 17, 18, 19, 20, 21]
				},
				{
					"name": "Dots",
					"origin": [8, 8, 8],
					"children": [22, 23, 24, 25, 26, 27, 28, 29, 30]
				},
				{
					"name": "Dots",
					"origin": [8, 8, 8],
					"children": [31, 32, 33, 34, 35, 36, 37, 38, 39]
				}, 40, 41, 42, 43, 44, 45, 46, 47, 48,
				{
					"name": "ring",
					"origin": [8, 8, 8],
					"children": [49, 50, 51, 52, 53, 54, 55, 56, 57, 58, 59, 60]
				},
				{
					"name": "ring",
					"origin": [8, 8, 8],
					"children": [61, 62, 63,
						{
							"name": "corner L",
							"origin": [8, 8, 8],
							"children": [64, 65, 66]
						},
						{
							"name": "corner L",
							"origin": [8, 8, 8],
							"children": [67, 68, 69]
						},
						{
							"name": "corner L",
							"origin": [8, 8, 8],
							"children": [70, 71, 72]
						},
						{
							"name": "corner L",
							"origin": [8, 8, 8],
							"children": [73, 74, 75]
						}, 76]
				}
			]
		}
	]
}