{
	"credit": "Made with Blockbench by VE",
	"parent": "minecraft:block/cube_bottom_top",
	"textures": {
		"top": "block/respawn_anchor_top_off",
		"bottom": "block/respawn_anchor_bottom",
		"side": "block/respawn_anchor_side0",
		"particle": "block/respawn_anchor_side0"
	},
	"elements": [
		{
			"from": [0, 3, 3],
			"to": [3, 16, 13],
			"faces": {
				"north": {"uv": [0, 0, 3, 13], "texture": "#side"},
				"east": {"uv": [3, 0, 13, 13], "texture": "#bottom"},
				"south": {"uv": [0, 0, 3, 13], "texture": "#side"},
				"west": {"uv": [3, 0, 13, 13], "texture": "#side"},
				"up": {"uv": [0, 3, 3, 13], "texture": "#top"},
				"down": {"uv": [0, 0, 3, 10], "texture": "#bottom"}
			}
		},
		{
			"from": [0, 0, 0],
			"to": [16, 3, 16],
			"faces": {
				"north": {"uv": [0, 13, 16, 16], "texture": "#side"},
				"east": {"uv": [0, 13, 16, 16], "texture": "#side"},
				"south": {"uv": [0, 13, 16, 16], "texture": "#side"},
				"west": {"uv": [0, 13, 16, 16], "texture": "#side"},
				"up": {"uv": [0, 0, 16, 16], "texture": "#bottom"},
				"down": {"uv": [0, 0, 16, 16], "texture": "#bottom"}
			}
		},
		{
			"from": [13, 3, 3],
			"to": [16, 16, 13],
			"faces": {
				"north": {"uv": [0, 0, 1, 16], "texture": "#side"},
				"east": {"uv": [3, 0, 13, 13], "texture": "#side"},
				"south": {"uv": [0, 0, 1, 16], "texture": "#side"},
				"west": {"uv": [3, 0, 13, 13], "texture": "#bottom"},
				"up": {"uv": [13, 2, 16, 13], "texture": "#top"},
				"down": {"uv": [0, 0, 1, 16], "texture": "#bottom"}
			}
		},
		{
			"from": [0, 3, 13],
			"to": [16, 16, 16],
			"faces": {
				"north": {"uv": [0, 0, 16, 13], "texture": "#bottom"},
				"east": {"uv": [0, 0, 3, 13], "texture": "#side"},
				"south": {"uv": [0, 0, 16, 13], "texture": "#side"},
				"west": {"uv": [13, 0, 16, 13], "texture": "#side"},
				"up": {"uv": [13, 0, 16, 16], "rotation": 90, "texture": "#top"},
				"down": {"uv": [0, 0, 1, 16], "rotation": 270, "texture": "#bottom"}
			}
		},
		{
			"from": [0, 3, 0],
			"to": [16, 16, 3],
			"faces": {
				"north": {"uv": [0, 0, 16, 13], "texture": "#side"},
				"east": {"uv": [13, 0, 16, 13], "texture": "#side"},
				"south": {"uv": [0, 0, 16, 13], "texture": "#bottom"},
				"west": {"uv": [0, 0, 3, 13], "texture": "#side"},
				"up": {"uv": [13, 0, 16, 16], "rotation": 270, "texture": "#top"},
				"down": {"uv": [0, 0, 1, 16], "rotation": 90, "texture": "#bottom"}
			}
		}
	]
}