{
  "type": "minecraft:chest",
  "pools": [
    {
      "rolls": {
        "min": 1,
        "max": 5,
        "type": "minecraft:uniform"
      },
      "entries": [
        {
          "type": "minecraft:item",
          "name": "minecraft:map",
          "weight": 10,
          "functions": [
            {
              "function": "minecraft:set_count",
              "count": {
                "min": 1,
                "max": 3,
                "type": "minecraft:uniform"
              }
            }
          ]
        },
        {
          "type": "minecraft:item",
          "name": "minecraft:paper",
          "weight": 15,
          "functions": [
            {
              "function": "minecraft:set_count",
              "count": {
                "min": 1,
                "max": 5,
                "type": "minecraft:uniform"
              }
            }
          ]
        },
        {
          "type": "minecraft:item",
          "name": "minecraft:compass",
          "weight": 5
        },
        {
          "type": "minecraft:item",
          "name": "minecraft:bread",
          "weight": 15,
          "functions": [
            {
              "function": "minecraft:set_count",
              "count": {
                "min": 1,
                "max": 4,
                "type": "minecraft:uniform"
              }
            }
          ]
        },
        {
          "type": "minecraft:item",
          "name": "minecraft:stick",
          "weight": 5,
          "functions": [
            {
              "function": "minecraft:set_count",
              "count": {
                "min": 1,
                "max": 2,
                "type": "minecraft:uniform"
              }
            }
          ]
        },
        {
          "type": "minecraft:group",
          "weight": 4,
          "children": [
            {
              "type": "minecraft:item",
              "name": "minecraft:map",
              "weight": 4,
              "functions": [
                {
                  "function": "minecraft:exploration_map",
                  "destination": "mineshaft",
                  "decoration": "target_x",
                  "skip_existing_chunks": true
                },
                {
                  "function": "minecraft:set_name",
                  "name": "Underground Explorer Map",
                  "entity": "this"
                }
              ]
            },
            {
              "type": "minecraft:item",
              "name": "minecraft:map",
              "weight": 3,
              "functions": [
                {
                  "function": "minecraft:exploration_map",
                  "destination": "desert_pyramid",
                  "decoration": "red_marker",
                  "skip_existing_chunks": true
                },
                {
                  "function": "minecraft:set_name",
                  "name": "Explorer Map",
                  "entity": "this"
                }
              ]
            },
            {
              "type": "minecraft:item",
              "name": "minecraft:map",
              "functions": [
                {
                  "function": "minecraft:exploration_map",
                  "destination": "jungle_pyramid",
                  "decoration": "red_marker",
                  "zoom": 2,
                  "skip_existing_chunks": true
                },
                {
                  "function": "minecraft:set_name",
                  "name": "Explorer Map",
                  "entity": "this"
                }
              ]
            },
            {
              "type": "minecraft:item",
              "name": "minecraft:map",
              "weight": 2,
              "functions": [
                {
                  "function": "minecraft:exploration_map",
                  "destination": "igloo",
                  "decoration": "red_marker",
                  "skip_existing_chunks": true
                },
                {
                  "function": "minecraft:set_name",
                  "name": "Explorer Map",
                  "entity": "this"
                }
              ]
            }
          ]
        }
      ]
    }
  ]
}