{
	"credit": "Made for VE",
	"parent": "minecraft:block/cube_column",
	"textures": {
		"end": "block/lodestone_top",
		"side": "block/lodestone_side"
	},
	"elements": [
		{
			"from": [15, 1, 15],
			"to": [16, 15, 16],
			"faces": {
				"north": {"uv": [0, 1, 1, 15], "texture": "#side"},
				"east": {"uv": [0, 1, 1, 15], "texture": "#side"},
				"south": {"uv": [15, 1, 16, 15], "texture": "#side"},
				"west": {"uv": [0, 1, 1, 15], "texture": "#side"},
				"up": {"uv": [0, 1, 1, 15], "texture": "#side"},
				"down": {"uv": [0, 1, 1, 15], "texture": "#side"}
			}
		},
		{
			"from": [0, 1, 15],
			"to": [1, 15, 16],
			"faces": {
				"north": {"uv": [0, 1, 1, 15], "texture": "#side"},
				"east": {"uv": [0, 1, 1, 15], "texture": "#side"},
				"south": {"uv": [0, 1, 1, 15], "texture": "#side"},
				"west": {"uv": [15, 1, 16, 15], "texture": "#side"},
				"up": {"uv": [0, 1, 1, 15], "rotation": 90, "texture": "#side"},
				"down": {"uv": [0, 1, 1, 15], "rotation": 270, "texture": "#side"}
			}
		},
		{
			"from": [0, 1, 0],
			"to": [1, 15, 1],
			"faces": {
				"north": {"uv": [15, 1, 16, 15], "texture": "#side"},
				"east": {"uv": [0, 1, 1, 15], "texture": "#side"},
				"south": {"uv": [0, 1, 1, 15], "texture": "#side"},
				"west": {"uv": [0, 1, 1, 15], "texture": "#side"},
				"up": {"uv": [0, 1, 1, 15], "rotation": 180, "texture": "#side"},
				"down": {"uv": [0, 1, 1, 15], "rotation": 180, "texture": "#side"}
			}
		},
		{
			"from": [15, 1, 0],
			"to": [16, 15, 1],
			"faces": {
				"north": {"uv": [0, 1, 1, 15], "texture": "#side"},
				"east": {"uv": [15, 1, 16, 15], "texture": "#side"},
				"south": {"uv": [0, 1, 1, 15], "texture": "#side"},
				"west": {"uv": [0, 1, 1, 15], "texture": "#side"},
				"up": {"uv": [0, 1, 1, 15], "rotation": 270, "texture": "#side"},
				"down": {"uv": [0, 1, 1, 15], "rotation": 90, "texture": "#side"}
			}
		},
		{
			"from": [0, 15, 0],
			"to": [16, 16, 1],
			"faces": {
				"north": {"uv": [0, 15, 16, 16], "texture": "#side"},
				"east": {"uv": [15, 0, 16, 1], "texture": "#side"},
				"south": {"uv": [0, 15, 16, 16], "texture": "#end"},
				"west": {"uv": [0, 0, 1, 1], "texture": "#side"},
				"up": {"uv": [0, 15, 16, 16], "texture": "#end"},
				"down": {"uv": [0, 15, 16, 16], "texture": "#end"}
			}
		},
		{
			"from": [0, 15, 15],
			"to": [16, 16, 16],
			"faces": {
				"north": {"uv": [0, 0, 16, 1], "texture": "#end"},
				"east": {"uv": [0, 0, 1, 1], "texture": "#side"},
				"south": {"uv": [0, 0, 16, 1], "texture": "#side"},
				"west": {"uv": [15, 0, 16, 1], "texture": "#side"},
				"up": {"uv": [0, 0, 16, 1], "texture": "#end"},
				"down": {"uv": [0, 0, 16, 1], "texture": "#end"}
			}
		},
		{
			"from": [2, 15, 2],
			"to": [14, 16, 14],
			"faces": {
				"north": {"uv": [0, 0, 16, 1], "texture": "#end"},
				"east": {"uv": [0, 0, 16, 1], "texture": "#end"},
				"south": {"uv": [0, 0, 16, 1], "texture": "#end"},
				"west": {"uv": [0, 0, 16, 1], "texture": "#end"},
				"up": {"uv": [2, 2, 14, 14], "texture": "#end"},
				"down": {"uv": [0, 0, 16, 1], "texture": "#end"}
			}
		},
		{
			"from": [2, 15.01, 14],
			"to": [14, 15.01, 15],
			"faces": {
				"north": {"uv": [2, 1, 14, 2], "texture": "#end"},
				"east": {"uv": [0, 0, 16, 1], "texture": "#end"},
				"south": {"uv": [0, 0, 16, 1], "texture": "#end"},
				"west": {"uv": [0, 0, 16, 1], "texture": "#end"},
				"up": {"uv": [2, 1, 14, 2], "texture": "#end"},
				"down": {"uv": [0, 0, 16, 1], "texture": "#end"}
			}
		},
		{
			"from": [2, 15.01, 1],
			"to": [14, 15.01, 2],
			"faces": {
				"north": {"uv": [0, 0, 16, 1], "texture": "#end"},
				"east": {"uv": [0, 0, 16, 1], "texture": "#end"},
				"south": {"uv": [0, 0, 16, 1], "texture": "#end"},
				"west": {"uv": [0, 0, 16, 1], "texture": "#end"},
				"up": {"uv": [2, 14, 14, 15], "texture": "#end"},
				"down": {"uv": [0, 0, 16, 1], "texture": "#end"}
			}
		},
		{
			"from": [0, 15, 1],
			"to": [1, 16, 15],
			"faces": {
				"north": {"uv": [15, 1, 16, 15], "texture": "#end"},
				"east": {"uv": [15, 1, 16, 15], "rotation": 90, "texture": "#end"},
				"south": {"uv": [15, 1, 16, 15], "texture": "#end"},
				"west": {"uv": [1, 0, 15, 1], "texture": "#side"},
				"up": {"uv": [15, 1, 16, 15], "texture": "#end"},
				"down": {"uv": [15, 1, 16, 15], "texture": "#end"}
			}
		},
		{
			"from": [1, 15.01, 1],
			"to": [2, 15.01, 15],
			"faces": {
				"north": {"uv": [15, 1, 16, 15], "texture": "#end"},
				"east": {"uv": [15, 1, 16, 15], "texture": "#end"},
				"south": {"uv": [15, 1, 16, 15], "texture": "#end"},
				"west": {"uv": [15, 1, 16, 15], "texture": "#end"},
				"up": {"uv": [14, 1, 15, 15], "texture": "#end"},
				"down": {"uv": [15, 1, 16, 15], "texture": "#end"}
			}
		},
		{
			"from": [15, 15, 1],
			"to": [16, 16, 15],
			"faces": {
				"north": {"uv": [0, 1, 1, 15], "texture": "#end"},
				"east": {"uv": [1, 0, 15, 1], "texture": "#side"},
				"south": {"uv": [0, 1, 1, 15], "texture": "#end"},
				"west": {"uv": [0, 1, 1, 15], "rotation": 90, "texture": "#end"},
				"up": {"uv": [0, 1, 1, 15], "texture": "#end"},
				"down": {"uv": [0, 1, 1, 15], "texture": "#end"}
			}
		},
		{
			"from": [14, 15.01, 1],
			"to": [15, 15.01, 15],
			"faces": {
				"north": {"uv": [0, 1, 1, 15], "texture": "#end"},
				"east": {"uv": [0, 1, 1, 15], "texture": "#end"},
				"south": {"uv": [0, 1, 1, 15], "texture": "#end"},
				"west": {"uv": [0, 1, 1, 15], "texture": "#end"},
				"up": {"uv": [1, 1, 2, 15], "texture": "#end"},
				"down": {"uv": [0, 1, 1, 15], "texture": "#end"}
			}
		},
		{
			"from": [0, 0, 0],
			"to": [16, 1, 1],
			"faces": {
				"north": {"uv": [0, 15, 16, 16], "texture": "#side"},
				"east": {"uv": [0, 0, 1, 1], "rotation": 180, "texture": "#side"},
				"south": {"uv": [0, 15, 16, 16], "rotation": 180, "texture": "#end"},
				"west": {"uv": [15, 0, 16, 1], "rotation": 180, "texture": "#side"},
				"up": {"uv": [0, 15, 16, 16], "rotation": 180, "texture": "#end"},
				"down": {"uv": [0, 15, 16, 16], "rotation": 180, "texture": "#end"}
			}
		},
		{
			"from": [0, 0, 15],
			"to": [16, 1, 16],
			"faces": {
				"north": {"uv": [0, 0, 16, 1], "rotation": 180, "texture": "#end"},
				"east": {"uv": [15, 0, 16, 1], "rotation": 180, "texture": "#side"},
				"south": {"uv": [0, 15, 16, 16], "texture": "#side"},
				"west": {"uv": [0, 0, 1, 1], "rotation": 180, "texture": "#side"},
				"up": {"uv": [0, 0, 16, 1], "rotation": 180, "texture": "#end"},
				"down": {"uv": [0, 0, 16, 1], "rotation": 180, "texture": "#end"}
			}
		},
		{
			"from": [2, 0, 2],
			"to": [14, 1, 14],
			"faces": {
				"north": {"uv": [0, 0, 16, 1], "rotation": 180, "texture": "#end"},
				"east": {"uv": [0, 0, 16, 1], "rotation": 180, "texture": "#end"},
				"south": {"uv": [0, 0, 16, 1], "rotation": 180, "texture": "#end"},
				"west": {"uv": [0, 0, 16, 1], "rotation": 180, "texture": "#end"},
				"up": {"uv": [0, 0, 16, 1], "rotation": 180, "texture": "#end"},
				"down": {"uv": [2, 2, 14, 14], "rotation": 180, "texture": "#end"}
			}
		},
		{
			"from": [2, 0.99, 14],
			"to": [14, 0.99, 15],
			"faces": {
				"north": {"uv": [2, 1, 14, 2], "rotation": 180, "texture": "#end"},
				"east": {"uv": [0, 0, 16, 1], "rotation": 180, "texture": "#end"},
				"south": {"uv": [0, 0, 16, 1], "rotation": 180, "texture": "#end"},
				"west": {"uv": [0, 0, 16, 1], "rotation": 180, "texture": "#end"},
				"up": {"uv": [0, 0, 16, 1], "rotation": 180, "texture": "#end"},
				"down": {"uv": [2, 1, 14, 2], "rotation": 180, "texture": "#end"}
			}
		},
		{
			"from": [2, 0.99, 1],
			"to": [14, 0.99, 2],
			"faces": {
				"north": {"uv": [0, 0, 16, 1], "rotation": 180, "texture": "#end"},
				"east": {"uv": [0, 0, 16, 1], "rotation": 180, "texture": "#end"},
				"south": {"uv": [0, 0, 16, 1], "rotation": 180, "texture": "#end"},
				"west": {"uv": [0, 0, 16, 1], "rotation": 180, "texture": "#end"},
				"up": {"uv": [0, 0, 16, 1], "rotation": 180, "texture": "#end"},
				"down": {"uv": [2, 14, 14, 15], "rotation": 180, "texture": "#end"}
			}
		},
		{
			"from": [14, 0.99, 1],
			"to": [15, 0.99, 15],
			"faces": {
				"north": {"uv": [15, 1, 16, 15], "rotation": 180, "texture": "#end"},
				"east": {"uv": [15, 1, 16, 15], "rotation": 180, "texture": "#end"},
				"south": {"uv": [15, 1, 16, 15], "rotation": 180, "texture": "#end"},
				"west": {"uv": [15, 1, 16, 15], "rotation": 180, "texture": "#end"},
				"up": {"uv": [15, 1, 16, 15], "rotation": 180, "texture": "#end"},
				"down": {"uv": [14, 1, 15, 15], "rotation": 180, "texture": "#end"}
			}
		},
		{
			"from": [1, 0.99, 1],
			"to": [2, 0.99, 15],
			"faces": {
				"north": {"uv": [0, 1, 1, 15], "rotation": 180, "texture": "#end"},
				"east": {"uv": [0, 1, 1, 15], "rotation": 180, "texture": "#end"},
				"south": {"uv": [0, 1, 1, 15], "rotation": 180, "texture": "#end"},
				"west": {"uv": [0, 1, 1, 15], "rotation": 180, "texture": "#end"},
				"up": {"uv": [0, 1, 1, 15], "rotation": 180, "texture": "#end"},
				"down": {"uv": [1, 1, 2, 15], "rotation": 180, "texture": "#end"}
			}
		},
		{
			"from": [0, 0, 1],
			"to": [1, 1, 15],
			"faces": {
				"north": {"uv": [0, 1, 1, 15], "rotation": 180, "texture": "#end"},
				"east": {"uv": [0, 1, 1, 15], "rotation": 90, "texture": "#end"},
				"south": {"uv": [0, 1, 1, 15], "rotation": 180, "texture": "#end"},
				"west": {"uv": [1, 15, 15, 16], "texture": "#side"},
				"up": {"uv": [0, 1, 1, 15], "rotation": 180, "texture": "#end"},
				"down": {"uv": [0, 1, 1, 15], "rotation": 180, "texture": "#end"}
			}
		},
		{
			"from": [15, 0, 1],
			"to": [16, 1, 15],
			"faces": {
				"north": {"uv": [15, 1, 16, 15], "rotation": 180, "texture": "#end"},
				"east": {"uv": [1, 15, 15, 16], "texture": "#side"},
				"south": {"uv": [15, 1, 16, 15], "rotation": 180, "texture": "#end"},
				"west": {"uv": [15, 1, 16, 15], "rotation": 90, "texture": "#end"},
				"up": {"uv": [15, 1, 16, 15], "rotation": 180, "texture": "#end"},
				"down": {"uv": [15, 1, 16, 15], "rotation": 180, "texture": "#end"}
			}
		},
		{
			"from": [15, 13, 13],
			"to": [16, 15, 15],
			"faces": {
				"north": {"uv": [1, 2, 3, 3], "texture": "#side"},
				"east": {"uv": [1, 1, 3, 3], "texture": "#side"},
				"south": {"uv": [1, 1, 3, 3], "texture": "#side"},
				"west": {"uv": [1, 1, 3, 3], "texture": "#side"},
				"up": {"uv": [1, 1, 3, 3], "texture": "#side"},
				"down": {"uv": [1, 2, 3, 3], "texture": "#side"}
			}
		},
		{
			"from": [14, 13, 3],
			"to": [15, 15, 13],
			"faces": {
				"north": {"uv": [1, 2, 3, 3], "texture": "#side"},
				"east": {"uv": [3, 1, 13, 3], "texture": "#side"},
				"south": {"uv": [1, 1, 3, 3], "texture": "#side"},
				"west": {"uv": [1, 1, 3, 3], "texture": "#side"},
				"up": {"uv": [1, 1, 3, 3], "texture": "#side"},
				"down": {"uv": [1, 2, 3, 3], "texture": "#side"}
			}
		},
		{
			"from": [14, 11, 10],
			"to": [15, 13, 13],
			"faces": {
				"north": {"uv": [1, 2, 3, 3], "texture": "#side"},
				"east": {"uv": [3, 3, 6, 5], "texture": "#side"},
				"south": {"uv": [1, 1, 3, 3], "texture": "#side"},
				"west": {"uv": [1, 1, 3, 3], "texture": "#side"},
				"up": {"uv": [1, 1, 3, 3], "texture": "#side"},
				"down": {"uv": [1, 2, 3, 3], "texture": "#side"}
			}
		},
		{
			"from": [14, 10, 11],
			"to": [15, 11, 13],
			"faces": {
				"north": {"uv": [1, 2, 3, 3], "texture": "#side"},
				"east": {"uv": [3, 5, 5, 6], "texture": "#side"},
				"south": {"uv": [1, 1, 3, 3], "texture": "#side"},
				"west": {"uv": [1, 1, 3, 3], "texture": "#side"},
				"up": {"uv": [1, 1, 3, 3], "texture": "#side"},
				"down": {"uv": [1, 2, 3, 3], "texture": "#side"}
			}
		},
		{
			"from": [14, 5, 11],
			"to": [15, 6, 13],
			"faces": {
				"north": {"uv": [1, 2, 3, 3], "texture": "#side"},
				"east": {"uv": [3, 10, 5, 11], "texture": "#side"},
				"south": {"uv": [1, 1, 3, 3], "texture": "#side"},
				"west": {"uv": [1, 1, 3, 3], "texture": "#side"},
				"up": {"uv": [2, 1, 3, 3], "texture": "#side"},
				"down": {"uv": [1, 2, 3, 3], "texture": "#side"}
			}
		},
		{
			"from": [14, 5, 3],
			"to": [15, 6, 5],
			"faces": {
				"north": {"uv": [1, 2, 3, 3], "texture": "#side"},
				"east": {"uv": [11, 10, 13, 11], "texture": "#side"},
				"south": {"uv": [2, 1, 3, 3], "texture": "#side"},
				"west": {"uv": [1, 1, 3, 3], "texture": "#side"},
				"up": {"uv": [2, 1, 3, 3], "texture": "#side"},
				"down": {"uv": [1, 2, 3, 3], "texture": "#side"}
			}
		},
		{
			"from": [14, 10, 3],
			"to": [15, 11, 5],
			"faces": {
				"north": {"uv": [1, 2, 3, 3], "texture": "#side"},
				"east": {"uv": [11, 5, 13, 6], "texture": "#side"},
				"south": {"uv": [2, 1, 3, 3], "texture": "#side"},
				"west": {"uv": [1, 1, 3, 3], "texture": "#side"},
				"up": {"uv": [1, 1, 3, 3], "texture": "#side"},
				"down": {"uv": [1, 2, 3, 3], "texture": "#side"}
			}
		},
		{
			"from": [14, 11, 3],
			"to": [15, 13, 6],
			"faces": {
				"north": {"uv": [1, 2, 3, 3], "texture": "#side"},
				"east": {"uv": [10, 3, 13, 5], "texture": "#side"},
				"south": {"uv": [3, 3, 4, 5], "texture": "#side"},
				"west": {"uv": [1, 1, 3, 3], "texture": "#side"},
				"up": {"uv": [1, 1, 3, 3], "texture": "#side"},
				"down": {"uv": [1, 2, 3, 3], "texture": "#side"}
			}
		},
		{
			"from": [13, 10, 6],
			"to": [14, 13, 10],
			"faces": {
				"north": {"uv": [1, 2, 3, 3], "texture": "#side"},
				"east": {"uv": [6, 3, 10, 6], "texture": "#side"},
				"south": {"uv": [1, 1, 3, 3], "texture": "#side"},
				"west": {"uv": [1, 1, 3, 3], "texture": "#side"},
				"up": {"uv": [1, 1, 3, 3], "texture": "#side"},
				"down": {"uv": [1, 2, 3, 3], "texture": "#side"}
			}
		},
		{
			"from": [13, 3, 6],
			"to": [14, 6, 10],
			"faces": {
				"north": {"uv": [1, 2, 3, 3], "texture": "#side"},
				"east": {"uv": [6, 10, 10, 13], "texture": "#side"},
				"south": {"uv": [1, 1, 3, 3], "texture": "#side"},
				"west": {"uv": [1, 1, 3, 3], "texture": "#side"},
				"up": {"uv": [2, 1, 3, 3], "texture": "#side"},
				"down": {"uv": [1, 2, 3, 3], "texture": "#side"}
			}
		},
		{
			"from": [12, 6, 7],
			"to": [13, 10, 9],
			"faces": {
				"north": {"uv": [1, 2, 3, 3], "texture": "#side"},
				"east": {"uv": [7, 6, 9, 10], "texture": "#side"},
				"south": {"uv": [1, 1, 3, 3], "texture": "#side"},
				"west": {"uv": [1, 1, 3, 3], "texture": "#side"},
				"up": {"uv": [1, 1, 3, 3], "texture": "#side"},
				"down": {"uv": [1, 2, 3, 3], "texture": "#side"}
			}
		},
		{
			"from": [12, 7, 9],
			"to": [13, 9, 10],
			"faces": {
				"north": {"uv": [1, 2, 3, 3], "texture": "#side"},
				"east": {"uv": [6, 7, 7, 9], "texture": "#side"},
				"south": {"uv": [1, 1, 3, 3], "texture": "#side"},
				"west": {"uv": [1, 1, 3, 3], "texture": "#side"},
				"up": {"uv": [1, 1, 3, 3], "texture": "#side"},
				"down": {"uv": [1, 2, 3, 3], "texture": "#side"}
			}
		},
		{
			"from": [12, 7, 6],
			"to": [13, 9, 7],
			"faces": {
				"north": {"uv": [1, 2, 3, 3], "texture": "#side"},
				"east": {"uv": [9, 7, 10, 9], "texture": "#side"},
				"south": {"uv": [1, 1, 3, 3], "texture": "#side"},
				"west": {"uv": [1, 1, 3, 3], "texture": "#side"},
				"up": {"uv": [1, 1, 3, 3], "texture": "#side"},
				"down": {"uv": [1, 2, 3, 3], "texture": "#side"}
			}
		},
		{
			"from": [13, 6, 10],
			"to": [14, 10, 13],
			"faces": {
				"north": {"uv": [1, 2, 3, 3], "texture": "#side"},
				"east": {"uv": [3, 6, 6, 10], "texture": "#side"},
				"south": {"uv": [1, 1, 3, 3], "texture": "#side"},
				"west": {"uv": [1, 1, 3, 3], "texture": "#side"},
				"up": {"uv": [1, 1, 3, 3], "texture": "#side"},
				"down": {"uv": [1, 2, 3, 3], "texture": "#side"}
			}
		},
		{
			"from": [13, 6, 3],
			"to": [14, 10, 6],
			"faces": {
				"north": {"uv": [1, 2, 3, 3], "texture": "#side"},
				"east": {"uv": [10, 6, 13, 10], "texture": "#side"},
				"south": {"uv": [2, 1, 3, 3], "texture": "#side"},
				"west": {"uv": [1, 1, 3, 3], "texture": "#side"},
				"up": {"uv": [1, 1, 3, 3], "texture": "#side"},
				"down": {"uv": [1, 2, 3, 3], "texture": "#side"}
			}
		},
		{
			"from": [13, 10, 5],
			"to": [14, 11, 6],
			"faces": {
				"north": {"uv": [1, 2, 3, 3], "texture": "#side"},
				"east": {"uv": [10, 5, 11, 6], "texture": "#side"},
				"south": {"uv": [1, 1, 3, 3], "texture": "#side"},
				"west": {"uv": [1, 1, 3, 3], "texture": "#side"},
				"up": {"uv": [1, 1, 3, 3], "texture": "#side"},
				"down": {"uv": [1, 2, 3, 3], "texture": "#side"}
			}
		},
		{
			"from": [13, 10, 10],
			"to": [14, 11, 11],
			"faces": {
				"north": {"uv": [1, 2, 3, 3], "texture": "#side"},
				"east": {"uv": [5, 5, 6, 6], "texture": "#side"},
				"south": {"uv": [1, 1, 3, 3], "texture": "#side"},
				"west": {"uv": [1, 1, 3, 3], "texture": "#side"},
				"up": {"uv": [1, 1, 3, 3], "texture": "#side"},
				"down": {"uv": [1, 2, 3, 3], "texture": "#side"}
			}
		},
		{
			"from": [13, 9, 9],
			"to": [14, 10, 10],
			"faces": {
				"north": {"uv": [1, 2, 3, 3], "texture": "#side"},
				"east": {"uv": [6, 6, 7, 7], "texture": "#side"},
				"south": {"uv": [1, 1, 3, 3], "texture": "#side"},
				"west": {"uv": [1, 1, 3, 3], "texture": "#side"},
				"up": {"uv": [1, 1, 3, 3], "texture": "#side"},
				"down": {"uv": [1, 2, 3, 3], "texture": "#side"}
			}
		},
		{
			"from": [13, 9, 6],
			"to": [14, 10, 7],
			"faces": {
				"north": {"uv": [1, 2, 3, 3], "texture": "#side"},
				"east": {"uv": [9, 6, 10, 7], "texture": "#side"},
				"south": {"uv": [2, 1, 3, 3], "texture": "#side"},
				"west": {"uv": [1, 1, 3, 3], "texture": "#side"},
				"up": {"uv": [1, 1, 3, 3], "texture": "#side"},
				"down": {"uv": [1, 2, 3, 3], "texture": "#side"}
			}
		},
		{
			"from": [13, 6, 6],
			"to": [14, 7, 7],
			"faces": {
				"north": {"uv": [1, 2, 3, 3], "texture": "#side"},
				"east": {"uv": [9, 9, 10, 10], "texture": "#side"},
				"south": {"uv": [2, 1, 3, 3], "texture": "#side"},
				"west": {"uv": [1, 1, 3, 3], "texture": "#side"},
				"up": {"uv": [2, 1, 3, 3], "texture": "#side"},
				"down": {"uv": [1, 2, 3, 3], "texture": "#side"}
			}
		},
		{
			"from": [13, 6, 9],
			"to": [14, 7, 10],
			"faces": {
				"north": {"uv": [1, 2, 3, 3], "texture": "#side"},
				"east": {"uv": [6, 9, 7, 10], "texture": "#side"},
				"south": {"uv": [1, 1, 3, 3], "texture": "#side"},
				"west": {"uv": [1, 1, 3, 3], "texture": "#side"},
				"up": {"uv": [2, 1, 3, 3], "texture": "#side"},
				"down": {"uv": [1, 2, 3, 3], "texture": "#side"}
			}
		},
		{
			"from": [13, 5, 10],
			"to": [14, 6, 11],
			"faces": {
				"north": {"uv": [1, 2, 3, 3], "texture": "#side"},
				"east": {"uv": [5, 10, 6, 11], "texture": "#side"},
				"south": {"uv": [1, 1, 3, 3], "texture": "#side"},
				"west": {"uv": [1, 1, 3, 3], "texture": "#side"},
				"up": {"uv": [1, 1, 3, 3], "texture": "#side"},
				"down": {"uv": [1, 2, 3, 3], "texture": "#side"}
			}
		},
		{
			"from": [13, 5, 5],
			"to": [14, 6, 6],
			"faces": {
				"north": {"uv": [1, 2, 3, 3], "texture": "#side"},
				"east": {"uv": [10, 10, 11, 11], "texture": "#side"},
				"south": {"uv": [1, 1, 3, 3], "texture": "#side"},
				"west": {"uv": [1, 1, 3, 3], "texture": "#side"},
				"up": {"uv": [1, 1, 3, 3], "texture": "#side"},
				"down": {"uv": [1, 2, 3, 3], "texture": "#side"}
			}
		},
		{
			"from": [14, 3, 3],
			"to": [15, 5, 6],
			"faces": {
				"north": {"uv": [1, 2, 3, 3], "texture": "#side"},
				"east": {"uv": [10, 11, 13, 13], "texture": "#side"},
				"south": {"uv": [2, 6, 3, 8], "texture": "#side"},
				"west": {"uv": [1, 1, 3, 3], "texture": "#side"},
				"up": {"uv": [1, 1, 3, 3], "texture": "#side"},
				"down": {"uv": [1, 2, 3, 3], "texture": "#side"}
			}
		},
		{
			"from": [14, 3, 10],
			"to": [15, 5, 13],
			"faces": {
				"north": {"uv": [1, 2, 3, 3], "texture": "#side"},
				"east": {"uv": [3, 11, 6, 13], "texture": "#side"},
				"south": {"uv": [1, 1, 3, 3], "texture": "#side"},
				"west": {"uv": [1, 1, 3, 3], "texture": "#side"},
				"up": {"uv": [2, 2, 3, 3], "texture": "#side"},
				"down": {"uv": [1, 2, 3, 3], "texture": "#side"}
			}
		},
		{
			"from": [14, 1, 3],
			"to": [15, 3, 13],
			"faces": {
				"north": {"uv": [1, 2, 3, 3], "texture": "#side"},
				"east": {"uv": [3, 13, 13, 15], "texture": "#side"},
				"south": {"uv": [1, 1, 3, 3], "texture": "#side"},
				"west": {"uv": [1, 1, 3, 3], "texture": "#side"},
				"up": {"uv": [2, 3, 3, 13], "texture": "#side"},
				"down": {"uv": [1, 2, 3, 3], "texture": "#side"}
			}
		},
		{
			"from": [14, 3, 13],
			"to": [15, 13, 15],
			"faces": {
				"north": {"uv": [2, 3, 3, 13], "texture": "#side"},
				"east": {"uv": [1, 3, 3, 13], "texture": "#side"},
				"south": {"uv": [14, 3, 15, 13], "texture": "#side"},
				"west": {"uv": [1, 1, 3, 3], "texture": "#side"},
				"up": {"uv": [1, 1, 3, 3], "texture": "#side"},
				"down": {"uv": [1, 2, 3, 3], "texture": "#side"}
			}
		},
		{
			"from": [14, 3, 1],
			"to": [15, 13, 3],
			"faces": {
				"north": {"uv": [1, 3, 2, 13], "texture": "#side"},
				"east": {"uv": [13, 3, 15, 13], "texture": "#side"},
				"south": {"uv": [13, 3, 14, 13], "texture": "#side"},
				"west": {"uv": [1, 1, 3, 3], "texture": "#side"},
				"up": {"uv": [1, 1, 3, 3], "texture": "#side"},
				"down": {"uv": [1, 2, 3, 3], "texture": "#side"}
			}
		},
		{
			"from": [15, 1, 13],
			"to": [16, 3, 15],
			"faces": {
				"north": {"uv": [1, 2, 3, 3], "texture": "#side"},
				"east": {"uv": [1, 13, 3, 15], "texture": "#side"},
				"south": {"uv": [1, 1, 3, 3], "texture": "#side"},
				"west": {"uv": [1, 1, 3, 3], "texture": "#side"},
				"up": {"uv": [1, 1, 2, 2], "texture": "#side"},
				"down": {"uv": [1, 2, 3, 3], "texture": "#side"}
			}
		},
		{
			"from": [15, 1, 1],
			"to": [16, 3, 3],
			"faces": {
				"north": {"uv": [1, 2, 3, 3], "texture": "#side"},
				"east": {"uv": [13, 13, 15, 15], "texture": "#side"},
				"south": {"uv": [1, 1, 2, 3], "texture": "#side"},
				"west": {"uv": [1, 1, 3, 3], "texture": "#side"},
				"up": {"uv": [12, 13, 13, 15], "texture": "#side"},
				"down": {"uv": [1, 2, 3, 3], "texture": "#side"}
			}
		},
		{
			"from": [15, 13, 1],
			"to": [16, 15, 3],
			"faces": {
				"north": {"uv": [1, 2, 3, 3], "texture": "#side"},
				"east": {"uv": [13, 1, 15, 3], "texture": "#side"},
				"south": {"uv": [2, 1, 3, 3], "texture": "#side"},
				"west": {"uv": [1, 1, 3, 3], "texture": "#side"},
				"up": {"uv": [1, 1, 3, 3], "texture": "#side"},
				"down": {"uv": [1, 2, 3, 3], "texture": "#side"}
			}
		},
		{
			"from": [0, 13, 1],
			"to": [1, 15, 3],
			"faces": {
				"north": {"uv": [1, 1, 3, 3], "texture": "#side"},
				"east": {"uv": [1, 1, 3, 3], "texture": "#side"},
				"south": {"uv": [1, 2, 3, 3], "texture": "#side"},
				"west": {"uv": [1, 1, 3, 3], "texture": "#side"},
				"up": {"uv": [1, 1, 3, 3], "rotation": 180, "texture": "#side"},
				"down": {"uv": [1, 2, 3, 3], "rotation": 180, "texture": "#side"}
			}
		},
		{
			"from": [1, 13, 3],
			"to": [2, 15, 13],
			"faces": {
				"north": {"uv": [1, 1, 3, 3], "texture": "#side"},
				"east": {"uv": [1, 1, 3, 3], "texture": "#side"},
				"south": {"uv": [1, 2, 3, 3], "texture": "#side"},
				"west": {"uv": [3, 1, 13, 3], "texture": "#side"},
				"up": {"uv": [1, 1, 3, 3], "rotation": 180, "texture": "#side"},
				"down": {"uv": [1, 2, 3, 3], "rotation": 180, "texture": "#side"}
			}
		},
		{
			"from": [1, 11, 3],
			"to": [2, 13, 6],
			"faces": {
				"north": {"uv": [1, 1, 3, 3], "texture": "#side"},
				"east": {"uv": [1, 1, 3, 3], "texture": "#side"},
				"south": {"uv": [1, 2, 3, 3], "texture": "#side"},
				"west": {"uv": [3, 3, 6, 5], "texture": "#side"},
				"up": {"uv": [1, 1, 3, 3], "rotation": 180, "texture": "#side"},
				"down": {"uv": [1, 2, 3, 3], "rotation": 180, "texture": "#side"}
			}
		},
		{
			"from": [1, 10, 3],
			"to": [2, 11, 5],
			"faces": {
				"north": {"uv": [1, 1, 3, 3], "texture": "#side"},
				"east": {"uv": [1, 1, 3, 3], "texture": "#side"},
				"south": {"uv": [1, 2, 3, 3], "texture": "#side"},
				"west": {"uv": [3, 5, 5, 6], "texture": "#side"},
				"up": {"uv": [1, 1, 3, 3], "rotation": 180, "texture": "#side"},
				"down": {"uv": [1, 2, 3, 3], "rotation": 180, "texture": "#side"}
			}
		},
		{
			"from": [1, 5, 3],
			"to": [2, 6, 5],
			"faces": {
				"north": {"uv": [1, 1, 3, 3], "texture": "#side"},
				"east": {"uv": [1, 1, 3, 3], "texture": "#side"},
				"south": {"uv": [1, 2, 3, 3], "texture": "#side"},
				"west": {"uv": [3, 10, 5, 11], "texture": "#side"},
				"up": {"uv": [2, 1, 3, 3], "rotation": 180, "texture": "#side"},
				"down": {"uv": [1, 2, 3, 3], "rotation": 180, "texture": "#side"}
			}
		},
		{
			"from": [1, 5, 11],
			"to": [2, 6, 13],
			"faces": {
				"north": {"uv": [2, 1, 3, 3], "texture": "#side"},
				"east": {"uv": [1, 1, 3, 3], "texture": "#side"},
				"south": {"uv": [1, 2, 3, 3], "texture": "#side"},
				"west": {"uv": [11, 10, 13, 11], "texture": "#side"},
				"up": {"uv": [2, 1, 3, 3], "rotation": 180, "texture": "#side"},
				"down": {"uv": [1, 2, 3, 3], "rotation": 180, "texture": "#side"}
			}
		},
		{
			"from": [1, 10, 11],
			"to": [2, 11, 13],
			"faces": {
				"north": {"uv": [2, 1, 3, 3], "texture": "#side"},
				"east": {"uv": [1, 1, 3, 3], "texture": "#side"},
				"south": {"uv": [1, 2, 3, 3], "texture": "#side"},
				"west": {"uv": [11, 5, 13, 6], "texture": "#side"},
				"up": {"uv": [1, 1, 3, 3], "rotation": 180, "texture": "#side"},
				"down": {"uv": [1, 2, 3, 3], "rotation": 180, "texture": "#side"}
			}
		},
		{
			"from": [1, 11, 10],
			"to": [2, 13, 13],
			"faces": {
				"north": {"uv": [3, 3, 4, 5], "texture": "#side"},
				"east": {"uv": [1, 1, 3, 3], "texture": "#side"},
				"south": {"uv": [1, 2, 3, 3], "texture": "#side"},
				"west": {"uv": [10, 3, 13, 5], "texture": "#side"},
				"up": {"uv": [1, 1, 3, 3], "rotation": 180, "texture": "#side"},
				"down": {"uv": [1, 2, 3, 3], "rotation": 180, "texture": "#side"}
			}
		},
		{
			"from": [2, 10, 6],
			"to": [3, 13, 10],
			"faces": {
				"north": {"uv": [1, 1, 3, 3], "texture": "#side"},
				"east": {"uv": [1, 1, 3, 3], "texture": "#side"},
				"south": {"uv": [1, 2, 3, 3], "texture": "#side"},
				"west": {"uv": [6, 3, 10, 6], "texture": "#side"},
				"up": {"uv": [1, 1, 3, 3], "rotation": 180, "texture": "#side"},
				"down": {"uv": [1, 2, 3, 3], "rotation": 180, "texture": "#side"}
			}
		},
		{
			"from": [2, 3, 6],
			"to": [3, 6, 10],
			"faces": {
				"north": {"uv": [1, 1, 3, 3], "texture": "#side"},
				"east": {"uv": [1, 1, 3, 3], "texture": "#side"},
				"south": {"uv": [1, 2, 3, 3], "texture": "#side"},
				"west": {"uv": [6, 10, 10, 13], "texture": "#side"},
				"up": {"uv": [2, 1, 3, 3], "rotation": 180, "texture": "#side"},
				"down": {"uv": [1, 2, 3, 3], "rotation": 180, "texture": "#side"}
			}
		},
		{
			"from": [3, 6, 7],
			"to": [4, 10, 9],
			"faces": {
				"north": {"uv": [1, 1, 3, 3], "texture": "#side"},
				"east": {"uv": [1, 1, 3, 3], "texture": "#side"},
				"south": {"uv": [1, 2, 3, 3], "texture": "#side"},
				"west": {"uv": [7, 6, 9, 10], "texture": "#side"},
				"up": {"uv": [1, 1, 3, 3], "rotation": 180, "texture": "#side"},
				"down": {"uv": [1, 2, 3, 3], "rotation": 180, "texture": "#side"}
			}
		},
		{
			"from": [3, 7, 6],
			"to": [4, 9, 7],
			"faces": {
				"north": {"uv": [1, 1, 3, 3], "texture": "#side"},
				"east": {"uv": [1, 1, 3, 3], "texture": "#side"},
				"south": {"uv": [1, 2, 3, 3], "texture": "#side"},
				"west": {"uv": [6, 7, 7, 9], "texture": "#side"},
				"up": {"uv": [1, 1, 3, 3], "rotation": 180, "texture": "#side"},
				"down": {"uv": [1, 2, 3, 3], "rotation": 180, "texture": "#side"}
			}
		},
		{
			"from": [3, 7, 9],
			"to": [4, 9, 10],
			"faces": {
				"north": {"uv": [1, 1, 3, 3], "texture": "#side"},
				"east": {"uv": [1, 1, 3, 3], "texture": "#side"},
				"south": {"uv": [1, 2, 3, 3], "texture": "#side"},
				"west": {"uv": [9, 7, 10, 9], "texture": "#side"},
				"up": {"uv": [1, 1, 3, 3], "rotation": 180, "texture": "#side"},
				"down": {"uv": [1, 2, 3, 3], "rotation": 180, "texture": "#side"}
			}
		},
		{
			"from": [2, 6, 3],
			"to": [3, 10, 6],
			"faces": {
				"north": {"uv": [1, 1, 3, 3], "texture": "#side"},
				"east": {"uv": [1, 1, 3, 3], "texture": "#side"},
				"south": {"uv": [1, 2, 3, 3], "texture": "#side"},
				"west": {"uv": [3, 6, 6, 10], "texture": "#side"},
				"up": {"uv": [1, 1, 3, 3], "rotation": 180, "texture": "#side"},
				"down": {"uv": [1, 2, 3, 3], "rotation": 180, "texture": "#side"}
			}
		},
		{
			"from": [2, 6, 10],
			"to": [3, 10, 13],
			"faces": {
				"north": {"uv": [2, 1, 3, 3], "texture": "#side"},
				"east": {"uv": [1, 1, 3, 3], "texture": "#side"},
				"south": {"uv": [1, 2, 3, 3], "texture": "#side"},
				"west": {"uv": [10, 6, 13, 10], "texture": "#side"},
				"up": {"uv": [1, 1, 3, 3], "rotation": 180, "texture": "#side"},
				"down": {"uv": [1, 2, 3, 3], "rotation": 180, "texture": "#side"}
			}
		},
		{
			"from": [2, 10, 10],
			"to": [3, 11, 11],
			"faces": {
				"north": {"uv": [1, 1, 3, 3], "texture": "#side"},
				"east": {"uv": [1, 1, 3, 3], "texture": "#side"},
				"south": {"uv": [1, 2, 3, 3], "texture": "#side"},
				"west": {"uv": [10, 5, 11, 6], "texture": "#side"},
				"up": {"uv": [1, 1, 3, 3], "rotation": 180, "texture": "#side"},
				"down": {"uv": [1, 2, 3, 3], "rotation": 180, "texture": "#side"}
			}
		},
		{
			"from": [2, 10, 5],
			"to": [3, 11, 6],
			"faces": {
				"north": {"uv": [1, 1, 3, 3], "texture": "#side"},
				"east": {"uv": [1, 1, 3, 3], "texture": "#side"},
				"south": {"uv": [1, 2, 3, 3], "texture": "#side"},
				"west": {"uv": [5, 5, 6, 6], "texture": "#side"},
				"up": {"uv": [1, 1, 3, 3], "rotation": 180, "texture": "#side"},
				"down": {"uv": [1, 2, 3, 3], "rotation": 180, "texture": "#side"}
			}
		},
		{
			"from": [2, 9, 6],
			"to": [3, 10, 7],
			"faces": {
				"north": {"uv": [1, 1, 3, 3], "texture": "#side"},
				"east": {"uv": [1, 1, 3, 3], "texture": "#side"},
				"south": {"uv": [1, 2, 3, 3], "texture": "#side"},
				"west": {"uv": [6, 6, 7, 7], "texture": "#side"},
				"up": {"uv": [1, 1, 3, 3], "rotation": 180, "texture": "#side"},
				"down": {"uv": [1, 2, 3, 3], "rotation": 180, "texture": "#side"}
			}
		},
		{
			"from": [2, 9, 9],
			"to": [3, 10, 10],
			"faces": {
				"north": {"uv": [2, 1, 3, 3], "texture": "#side"},
				"east": {"uv": [1, 1, 3, 3], "texture": "#side"},
				"south": {"uv": [1, 2, 3, 3], "texture": "#side"},
				"west": {"uv": [9, 6, 10, 7], "texture": "#side"},
				"up": {"uv": [1, 1, 3, 3], "rotation": 180, "texture": "#side"},
				"down": {"uv": [1, 2, 3, 3], "rotation": 180, "texture": "#side"}
			}
		},
		{
			"from": [2, 6, 9],
			"to": [3, 7, 10],
			"faces": {
				"north": {"uv": [2, 1, 3, 3], "texture": "#side"},
				"east": {"uv": [1, 1, 3, 3], "texture": "#side"},
				"south": {"uv": [1, 2, 3, 3], "texture": "#side"},
				"west": {"uv": [9, 9, 10, 10], "texture": "#side"},
				"up": {"uv": [2, 1, 3, 3], "rotation": 180, "texture": "#side"},
				"down": {"uv": [1, 2, 3, 3], "rotation": 180, "texture": "#side"}
			}
		},
		{
			"from": [2, 6, 6],
			"to": [3, 7, 7],
			"faces": {
				"north": {"uv": [1, 1, 3, 3], "texture": "#side"},
				"east": {"uv": [1, 1, 3, 3], "texture": "#side"},
				"south": {"uv": [1, 2, 3, 3], "texture": "#side"},
				"west": {"uv": [6, 9, 7, 10], "texture": "#side"},
				"up": {"uv": [2, 1, 3, 3], "rotation": 180, "texture": "#side"},
				"down": {"uv": [1, 2, 3, 3], "rotation": 180, "texture": "#side"}
			}
		},
		{
			"from": [2, 5, 5],
			"to": [3, 6, 6],
			"faces": {
				"north": {"uv": [1, 1, 3, 3], "texture": "#side"},
				"east": {"uv": [1, 1, 3, 3], "texture": "#side"},
				"south": {"uv": [1, 2, 3, 3], "texture": "#side"},
				"west": {"uv": [5, 10, 6, 11], "texture": "#side"},
				"up": {"uv": [1, 1, 3, 3], "rotation": 180, "texture": "#side"},
				"down": {"uv": [1, 2, 3, 3], "rotation": 180, "texture": "#side"}
			}
		},
		{
			"from": [2, 5, 10],
			"to": [3, 6, 11],
			"faces": {
				"north": {"uv": [1, 1, 3, 3], "texture": "#side"},
				"east": {"uv": [1, 1, 3, 3], "texture": "#side"},
				"south": {"uv": [1, 2, 3, 3], "texture": "#side"},
				"west": {"uv": [10, 10, 11, 11], "texture": "#side"},
				"up": {"uv": [1, 1, 3, 3], "rotation": 180, "texture": "#side"},
				"down": {"uv": [1, 2, 3, 3], "rotation": 180, "texture": "#side"}
			}
		},
		{
			"from": [1, 3, 10],
			"to": [2, 5, 13],
			"faces": {
				"north": {"uv": [2, 6, 3, 8], "texture": "#side"},
				"east": {"uv": [1, 1, 3, 3], "texture": "#side"},
				"south": {"uv": [1, 2, 3, 3], "texture": "#side"},
				"west": {"uv": [10, 11, 13, 13], "texture": "#side"},
				"up": {"uv": [1, 1, 3, 3], "rotation": 180, "texture": "#side"},
				"down": {"uv": [1, 2, 3, 3], "rotation": 180, "texture": "#side"}
			}
		},
		{
			"from": [1, 3, 3],
			"to": [2, 5, 6],
			"faces": {
				"north": {"uv": [1, 1, 3, 3], "texture": "#side"},
				"east": {"uv": [1, 1, 3, 3], "texture": "#side"},
				"south": {"uv": [1, 2, 3, 3], "texture": "#side"},
				"west": {"uv": [3, 11, 6, 13], "texture": "#side"},
				"up": {"uv": [2, 2, 3, 3], "rotation": 180, "texture": "#side"},
				"down": {"uv": [1, 2, 3, 3], "rotation": 180, "texture": "#side"}
			}
		},
		{
			"from": [1, 1, 3],
			"to": [2, 3, 13],
			"faces": {
				"north": {"uv": [1, 1, 3, 3], "texture": "#side"},
				"east": {"uv": [1, 1, 3, 3], "texture": "#side"},
				"south": {"uv": [1, 2, 3, 3], "texture": "#side"},
				"west": {"uv": [3, 13, 13, 15], "texture": "#side"},
				"up": {"uv": [2, 3, 3, 13], "rotation": 180, "texture": "#side"},
				"down": {"uv": [1, 2, 3, 3], "rotation": 180, "texture": "#side"}
			}
		},
		{
			"from": [1, 3, 1],
			"to": [2, 13, 3],
			"faces": {
				"north": {"uv": [14, 3, 15, 13], "texture": "#side"},
				"east": {"uv": [1, 1, 3, 3], "texture": "#side"},
				"south": {"uv": [2, 3, 3, 13], "texture": "#side"},
				"west": {"uv": [1, 3, 3, 13], "texture": "#side"},
				"up": {"uv": [1, 1, 3, 3], "rotation": 180, "texture": "#side"},
				"down": {"uv": [1, 2, 3, 3], "rotation": 180, "texture": "#side"}
			}
		},
		{
			"from": [1, 3, 13],
			"to": [2, 13, 15],
			"faces": {
				"north": {"uv": [13, 3, 14, 13], "texture": "#side"},
				"east": {"uv": [1, 1, 3, 3], "texture": "#side"},
				"south": {"uv": [1, 3, 2, 13], "texture": "#side"},
				"west": {"uv": [13, 3, 15, 13], "texture": "#side"},
				"up": {"uv": [1, 1, 3, 3], "rotation": 180, "texture": "#side"},
				"down": {"uv": [1, 2, 3, 3], "rotation": 180, "texture": "#side"}
			}
		},
		{
			"from": [0, 1, 1],
			"to": [1, 3, 3],
			"faces": {
				"north": {"uv": [1, 1, 3, 3], "texture": "#side"},
				"east": {"uv": [1, 1, 3, 3], "texture": "#side"},
				"south": {"uv": [1, 2, 3, 3], "texture": "#side"},
				"west": {"uv": [1, 13, 3, 15], "texture": "#side"},
				"up": {"uv": [1, 1, 2, 2], "rotation": 180, "texture": "#side"},
				"down": {"uv": [1, 2, 3, 3], "rotation": 180, "texture": "#side"}
			}
		},
		{
			"from": [0, 1, 13],
			"to": [1, 3, 15],
			"faces": {
				"north": {"uv": [1, 1, 2, 3], "texture": "#side"},
				"east": {"uv": [1, 1, 3, 3], "texture": "#side"},
				"south": {"uv": [1, 2, 3, 3], "texture": "#side"},
				"west": {"uv": [13, 13, 15, 15], "texture": "#side"},
				"up": {"uv": [12, 13, 13, 15], "rotation": 180, "texture": "#side"},
				"down": {"uv": [1, 2, 3, 3], "rotation": 180, "texture": "#side"}
			}
		},
		{
			"from": [0, 13, 13],
			"to": [1, 15, 15],
			"faces": {
				"north": {"uv": [2, 1, 3, 3], "texture": "#side"},
				"east": {"uv": [1, 1, 3, 3], "texture": "#side"},
				"south": {"uv": [1, 2, 3, 3], "texture": "#side"},
				"west": {"uv": [13, 1, 15, 3], "texture": "#side"},
				"up": {"uv": [1, 1, 3, 3], "rotation": 180, "texture": "#side"},
				"down": {"uv": [1, 2, 3, 3], "rotation": 180, "texture": "#side"}
			}
		},
		{
			"from": [1, 13, 15],
			"to": [3, 15, 16],
			"faces": {
				"north": {"uv": [1, 1, 3, 3], "texture": "#side"},
				"east": {"uv": [1, 2, 3, 3], "texture": "#side"},
				"south": {"uv": [1, 1, 3, 3], "texture": "#side"},
				"west": {"uv": [1, 1, 3, 3], "texture": "#side"},
				"up": {"uv": [1, 1, 3, 3], "rotation": 90, "texture": "#side"},
				"down": {"uv": [1, 2, 3, 3], "rotation": 270, "texture": "#side"}
			}
		},
		{
			"from": [3, 13, 14],
			"to": [13, 15, 15],
			"faces": {
				"north": {"uv": [1, 1, 3, 3], "texture": "#side"},
				"east": {"uv": [1, 2, 3, 3], "texture": "#side"},
				"south": {"uv": [3, 1, 13, 3], "texture": "#side"},
				"west": {"uv": [1, 1, 3, 3], "texture": "#side"},
				"up": {"uv": [1, 1, 3, 3], "rotation": 90, "texture": "#side"},
				"down": {"uv": [1, 2, 3, 3], "rotation": 270, "texture": "#side"}
			}
		},
		{
			"from": [3, 11, 14],
			"to": [6, 13, 15],
			"faces": {
				"north": {"uv": [1, 1, 3, 3], "texture": "#side"},
				"east": {"uv": [1, 2, 3, 3], "texture": "#side"},
				"south": {"uv": [3, 3, 6, 5], "texture": "#side"},
				"west": {"uv": [1, 1, 3, 3], "texture": "#side"},
				"up": {"uv": [1, 1, 3, 3], "rotation": 90, "texture": "#side"},
				"down": {"uv": [1, 2, 3, 3], "rotation": 270, "texture": "#side"}
			}
		},
		{
			"from": [3, 10, 14],
			"to": [5, 11, 15],
			"faces": {
				"north": {"uv": [1, 1, 3, 3], "texture": "#side"},
				"east": {"uv": [1, 2, 3, 3], "texture": "#side"},
				"south": {"uv": [3, 5, 5, 6], "texture": "#side"},
				"west": {"uv": [1, 1, 3, 3], "texture": "#side"},
				"up": {"uv": [1, 1, 3, 3], "rotation": 90, "texture": "#side"},
				"down": {"uv": [1, 2, 3, 3], "rotation": 270, "texture": "#side"}
			}
		},
		{
			"from": [3, 5, 14],
			"to": [5, 6, 15],
			"faces": {
				"north": {"uv": [1, 1, 3, 3], "texture": "#side"},
				"east": {"uv": [1, 2, 3, 3], "texture": "#side"},
				"south": {"uv": [3, 10, 5, 11], "texture": "#side"},
				"west": {"uv": [1, 1, 3, 3], "texture": "#side"},
				"up": {"uv": [2, 1, 3, 3], "rotation": 90, "texture": "#side"},
				"down": {"uv": [1, 2, 3, 3], "rotation": 270, "texture": "#side"}
			}
		},
		{
			"from": [11, 5, 14],
			"to": [13, 6, 15],
			"faces": {
				"north": {"uv": [1, 1, 3, 3], "texture": "#side"},
				"east": {"uv": [1, 2, 3, 3], "texture": "#side"},
				"south": {"uv": [11, 10, 13, 11], "texture": "#side"},
				"west": {"uv": [2, 1, 3, 3], "texture": "#side"},
				"up": {"uv": [2, 1, 3, 3], "rotation": 90, "texture": "#side"},
				"down": {"uv": [1, 2, 3, 3], "rotation": 270, "texture": "#side"}
			}
		},
		{
			"from": [11, 10, 14],
			"to": [13, 11, 15],
			"faces": {
				"north": {"uv": [1, 1, 3, 3], "texture": "#side"},
				"east": {"uv": [1, 2, 3, 3], "texture": "#side"},
				"south": {"uv": [11, 5, 13, 6], "texture": "#side"},
				"west": {"uv": [2, 1, 3, 3], "texture": "#side"},
				"up": {"uv": [1, 1, 3, 3], "rotation": 90, "texture": "#side"},
				"down": {"uv": [1, 2, 3, 3], "rotation": 270, "texture": "#side"}
			}
		},
		{
			"from": [10, 11, 14],
			"to": [13, 13, 15],
			"faces": {
				"north": {"uv": [1, 1, 3, 3], "texture": "#side"},
				"east": {"uv": [1, 2, 3, 3], "texture": "#side"},
				"south": {"uv": [10, 3, 13, 5], "texture": "#side"},
				"west": {"uv": [3, 3, 4, 5], "texture": "#side"},
				"up": {"uv": [1, 1, 3, 3], "rotation": 90, "texture": "#side"},
				"down": {"uv": [1, 2, 3, 3], "rotation": 270, "texture": "#side"}
			}
		},
		{
			"from": [6, 10, 13],
			"to": [10, 13, 14],
			"faces": {
				"north": {"uv": [1, 1, 3, 3], "texture": "#side"},
				"east": {"uv": [1, 2, 3, 3], "texture": "#side"},
				"south": {"uv": [6, 3, 10, 6], "texture": "#side"},
				"west": {"uv": [1, 1, 3, 3], "texture": "#side"},
				"up": {"uv": [1, 1, 3, 3], "rotation": 90, "texture": "#side"},
				"down": {"uv": [1, 2, 3, 3], "rotation": 270, "texture": "#side"}
			}
		},
		{
			"from": [6, 3, 13],
			"to": [10, 6, 14],
			"faces": {
				"north": {"uv": [1, 1, 3, 3], "texture": "#side"},
				"east": {"uv": [1, 2, 3, 3], "texture": "#side"},
				"south": {"uv": [6, 10, 10, 13], "texture": "#side"},
				"west": {"uv": [1, 1, 3, 3], "texture": "#side"},
				"up": {"uv": [2, 1, 3, 3], "rotation": 90, "texture": "#side"},
				"down": {"uv": [1, 2, 3, 3], "rotation": 270, "texture": "#side"}
			}
		},
		{
			"from": [7, 6, 12],
			"to": [9, 10, 13],
			"faces": {
				"north": {"uv": [1, 1, 3, 3], "texture": "#side"},
				"east": {"uv": [1, 2, 3, 3], "texture": "#side"},
				"south": {"uv": [7, 6, 9, 10], "texture": "#side"},
				"west": {"uv": [1, 1, 3, 3], "texture": "#side"},
				"up": {"uv": [1, 1, 3, 3], "rotation": 90, "texture": "#side"},
				"down": {"uv": [1, 2, 3, 3], "rotation": 270, "texture": "#side"}
			}
		},
		{
			"from": [6, 7, 12],
			"to": [7, 9, 13],
			"faces": {
				"north": {"uv": [1, 1, 3, 3], "texture": "#side"},
				"east": {"uv": [1, 2, 3, 3], "texture": "#side"},
				"south": {"uv": [6, 7, 7, 9], "texture": "#side"},
				"west": {"uv": [1, 1, 3, 3], "texture": "#side"},
				"up": {"uv": [1, 1, 3, 3], "rotation": 90, "texture": "#side"},
				"down": {"uv": [1, 2, 3, 3], "rotation": 270, "texture": "#side"}
			}
		},
		{
			"from": [9, 7, 12],
			"to": [10, 9, 13],
			"faces": {
				"north": {"uv": [1, 1, 3, 3], "texture": "#side"},
				"east": {"uv": [1, 2, 3, 3], "texture": "#side"},
				"south": {"uv": [9, 7, 10, 9], "texture": "#side"},
				"west": {"uv": [1, 1, 3, 3], "texture": "#side"},
				"up": {"uv": [1, 1, 3, 3], "rotation": 90, "texture": "#side"},
				"down": {"uv": [1, 2, 3, 3], "rotation": 270, "texture": "#side"}
			}
		},
		{
			"from": [3, 6, 13],
			"to": [6, 10, 14],
			"faces": {
				"north": {"uv": [1, 1, 3, 3], "texture": "#side"},
				"east": {"uv": [1, 2, 3, 3], "texture": "#side"},
				"south": {"uv": [3, 6, 6, 10], "texture": "#side"},
				"west": {"uv": [1, 1, 3, 3], "texture": "#side"},
				"up": {"uv": [1, 1, 3, 3], "rotation": 90, "texture": "#side"},
				"down": {"uv": [1, 2, 3, 3], "rotation": 270, "texture": "#side"}
			}
		},
		{
			"from": [10, 6, 13],
			"to": [13, 10, 14],
			"faces": {
				"north": {"uv": [1, 1, 3, 3], "texture": "#side"},
				"east": {"uv": [1, 2, 3, 3], "texture": "#side"},
				"south": {"uv": [10, 6, 13, 10], "texture": "#side"},
				"west": {"uv": [2, 1, 3, 3], "texture": "#side"},
				"up": {"uv": [1, 1, 3, 3], "rotation": 90, "texture": "#side"},
				"down": {"uv": [1, 2, 3, 3], "rotation": 270, "texture": "#side"}
			}
		},
		{
			"from": [10, 10, 13],
			"to": [11, 11, 14],
			"faces": {
				"north": {"uv": [1, 1, 3, 3], "texture": "#side"},
				"east": {"uv": [1, 2, 3, 3], "texture": "#side"},
				"south": {"uv": [10, 5, 11, 6], "texture": "#side"},
				"west": {"uv": [1, 1, 3, 3], "texture": "#side"},
				"up": {"uv": [1, 1, 3, 3], "rotation": 90, "texture": "#side"},
				"down": {"uv": [1, 2, 3, 3], "rotation": 270, "texture": "#side"}
			}
		},
		{
			"from": [5, 10, 13],
			"to": [6, 11, 14],
			"faces": {
				"north": {"uv": [1, 1, 3, 3], "texture": "#side"},
				"east": {"uv": [1, 2, 3, 3], "texture": "#side"},
				"south": {"uv": [5, 5, 6, 6], "texture": "#side"},
				"west": {"uv": [1, 1, 3, 3], "texture": "#side"},
				"up": {"uv": [1, 1, 3, 3], "rotation": 90, "texture": "#side"},
				"down": {"uv": [1, 2, 3, 3], "rotation": 270, "texture": "#side"}
			}
		},
		{
			"from": [6, 9, 13],
			"to": [7, 10, 14],
			"faces": {
				"north": {"uv": [1, 1, 3, 3], "texture": "#side"},
				"east": {"uv": [1, 2, 3, 3], "texture": "#side"},
				"south": {"uv": [6, 6, 7, 7], "texture": "#side"},
				"west": {"uv": [1, 1, 3, 3], "texture": "#side"},
				"up": {"uv": [1, 1, 3, 3], "rotation": 90, "texture": "#side"},
				"down": {"uv": [1, 2, 3, 3], "rotation": 270, "texture": "#side"}
			}
		},
		{
			"from": [9, 9, 13],
			"to": [10, 10, 14],
			"faces": {
				"north": {"uv": [1, 1, 3, 3], "texture": "#side"},
				"east": {"uv": [1, 2, 3, 3], "texture": "#side"},
				"south": {"uv": [9, 6, 10, 7], "texture": "#side"},
				"west": {"uv": [2, 1, 3, 3], "texture": "#side"},
				"up": {"uv": [1, 1, 3, 3], "rotation": 90, "texture": "#side"},
				"down": {"uv": [1, 2, 3, 3], "rotation": 270, "texture": "#side"}
			}
		},
		{
			"from": [9, 6, 13],
			"to": [10, 7, 14],
			"faces": {
				"north": {"uv": [1, 1, 3, 3], "texture": "#side"},
				"east": {"uv": [1, 2, 3, 3], "texture": "#side"},
				"south": {"uv": [9, 9, 10, 10], "texture": "#side"},
				"west": {"uv": [2, 1, 3, 3], "texture": "#side"},
				"up": {"uv": [2, 1, 3, 3], "rotation": 90, "texture": "#side"},
				"down": {"uv": [1, 2, 3, 3], "rotation": 270, "texture": "#side"}
			}
		},
		{
			"from": [6, 6, 13],
			"to": [7, 7, 14],
			"faces": {
				"north": {"uv": [1, 1, 3, 3], "texture": "#side"},
				"east": {"uv": [1, 2, 3, 3], "texture": "#side"},
				"south": {"uv": [6, 9, 7, 10], "texture": "#side"},
				"west": {"uv": [1, 1, 3, 3], "texture": "#side"},
				"up": {"uv": [2, 1, 3, 3], "rotation": 90, "texture": "#side"},
				"down": {"uv": [1, 2, 3, 3], "rotation": 270, "texture": "#side"}
			}
		},
		{
			"from": [5, 5, 13],
			"to": [6, 6, 14],
			"faces": {
				"north": {"uv": [1, 1, 3, 3], "texture": "#side"},
				"east": {"uv": [1, 2, 3, 3], "texture": "#side"},
				"south": {"uv": [5, 10, 6, 11], "texture": "#side"},
				"west": {"uv": [1, 1, 3, 3], "texture": "#side"},
				"up": {"uv": [1, 1, 3, 3], "rotation": 90, "texture": "#side"},
				"down": {"uv": [1, 2, 3, 3], "rotation": 270, "texture": "#side"}
			}
		},
		{
			"from": [10, 5, 13],
			"to": [11, 6, 14],
			"faces": {
				"north": {"uv": [1, 1, 3, 3], "texture": "#side"},
				"east": {"uv": [1, 2, 3, 3], "texture": "#side"},
				"south": {"uv": [10, 10, 11, 11], "texture": "#side"},
				"west": {"uv": [1, 1, 3, 3], "texture": "#side"},
				"up": {"uv": [1, 1, 3, 3], "rotation": 90, "texture": "#side"},
				"down": {"uv": [1, 2, 3, 3], "rotation": 270, "texture": "#side"}
			}
		},
		{
			"from": [10, 3, 14],
			"to": [13, 5, 15],
			"faces": {
				"north": {"uv": [1, 1, 3, 3], "texture": "#side"},
				"east": {"uv": [1, 2, 3, 3], "texture": "#side"},
				"south": {"uv": [10, 11, 13, 13], "texture": "#side"},
				"west": {"uv": [2, 6, 3, 8], "texture": "#side"},
				"up": {"uv": [1, 1, 3, 3], "rotation": 90, "texture": "#side"},
				"down": {"uv": [1, 2, 3, 3], "rotation": 270, "texture": "#side"}
			}
		},
		{
			"from": [3, 3, 14],
			"to": [6, 5, 15],
			"faces": {
				"north": {"uv": [1, 1, 3, 3], "texture": "#side"},
				"east": {"uv": [1, 2, 3, 3], "texture": "#side"},
				"south": {"uv": [3, 11, 6, 13], "texture": "#side"},
				"west": {"uv": [1, 1, 3, 3], "texture": "#side"},
				"up": {"uv": [2, 2, 3, 3], "rotation": 90, "texture": "#side"},
				"down": {"uv": [1, 2, 3, 3], "rotation": 270, "texture": "#side"}
			}
		},
		{
			"from": [3, 1, 14],
			"to": [13, 3, 15],
			"faces": {
				"north": {"uv": [1, 1, 3, 3], "texture": "#side"},
				"east": {"uv": [1, 2, 3, 3], "texture": "#side"},
				"south": {"uv": [3, 13, 13, 15], "texture": "#side"},
				"west": {"uv": [1, 1, 3, 3], "texture": "#side"},
				"up": {"uv": [2, 3, 3, 13], "rotation": 90, "texture": "#side"},
				"down": {"uv": [1, 2, 3, 3], "rotation": 270, "texture": "#side"}
			}
		},
		{
			"from": [2, 3, 14],
			"to": [3, 13, 15],
			"faces": {
				"north": {"uv": [1, 1, 3, 3], "texture": "#side"},
				"east": {"uv": [2, 3, 3, 13], "texture": "#side"},
				"south": {"uv": [2, 3, 3, 13], "texture": "#side"},
				"west": {"uv": [14, 3, 15, 13], "texture": "#side"},
				"up": {"uv": [1, 1, 3, 3], "rotation": 90, "texture": "#side"},
				"down": {"uv": [1, 2, 3, 3], "rotation": 270, "texture": "#side"}
			}
		},
		{
			"from": [13, 3, 14],
			"to": [14, 13, 15],
			"faces": {
				"north": {"uv": [1, 1, 3, 3], "texture": "#side"},
				"east": {"uv": [1, 3, 2, 13], "texture": "#side"},
				"south": {"uv": [13, 3, 14, 13], "texture": "#side"},
				"west": {"uv": [13, 3, 14, 13], "texture": "#side"},
				"up": {"uv": [1, 1, 3, 3], "rotation": 90, "texture": "#side"},
				"down": {"uv": [1, 2, 3, 3], "rotation": 270, "texture": "#side"}
			}
		},
		{
			"from": [1, 1, 15],
			"to": [3, 3, 16],
			"faces": {
				"north": {"uv": [1, 1, 3, 3], "texture": "#side"},
				"east": {"uv": [1, 2, 3, 3], "texture": "#side"},
				"south": {"uv": [1, 13, 3, 15], "texture": "#side"},
				"west": {"uv": [1, 1, 3, 3], "texture": "#side"},
				"up": {"uv": [1, 1, 2, 2], "rotation": 90, "texture": "#side"},
				"down": {"uv": [1, 2, 3, 3], "rotation": 270, "texture": "#side"}
			}
		},
		{
			"from": [13, 1, 15],
			"to": [15, 3, 16],
			"faces": {
				"north": {"uv": [1, 1, 3, 3], "texture": "#side"},
				"east": {"uv": [1, 2, 3, 3], "texture": "#side"},
				"south": {"uv": [13, 13, 15, 15], "texture": "#side"},
				"west": {"uv": [1, 1, 2, 3], "texture": "#side"},
				"up": {"uv": [12, 13, 13, 15], "rotation": 90, "texture": "#side"},
				"down": {"uv": [1, 2, 3, 3], "rotation": 270, "texture": "#side"}
			}
		},
		{
			"from": [13, 13, 15],
			"to": [15, 15, 16],
			"faces": {
				"north": {"uv": [1, 1, 3, 3], "texture": "#side"},
				"east": {"uv": [1, 2, 3, 3], "texture": "#side"},
				"south": {"uv": [13, 1, 15, 3], "texture": "#side"},
				"west": {"uv": [2, 1, 3, 3], "texture": "#side"},
				"up": {"uv": [1, 1, 3, 3], "rotation": 90, "texture": "#side"},
				"down": {"uv": [1, 2, 3, 3], "rotation": 270, "texture": "#side"}
			}
		},
		{
			"from": [13, 13, 0],
			"to": [15, 15, 1],
			"faces": {
				"north": {"uv": [1, 1, 3, 3], "texture": "#side"},
				"east": {"uv": [1, 1, 3, 3], "texture": "#side"},
				"south": {"uv": [1, 1, 3, 3], "texture": "#side"},
				"west": {"uv": [1, 2, 3, 3], "texture": "#side"},
				"up": {"uv": [1, 1, 3, 3], "rotation": 270, "texture": "#side"},
				"down": {"uv": [1, 2, 3, 3], "rotation": 90, "texture": "#side"}
			}
		},
		{
			"from": [3, 13, 1],
			"to": [13, 15, 2],
			"faces": {
				"north": {"uv": [3, 1, 13, 3], "texture": "#side"},
				"east": {"uv": [1, 1, 3, 3], "texture": "#side"},
				"south": {"uv": [1, 1, 3, 3], "texture": "#side"},
				"west": {"uv": [1, 2, 3, 3], "texture": "#side"},
				"up": {"uv": [1, 1, 3, 3], "rotation": 270, "texture": "#side"},
				"down": {"uv": [1, 2, 3, 3], "rotation": 90, "texture": "#side"}
			}
		},
		{
			"from": [10, 11, 1],
			"to": [13, 13, 2],
			"faces": {
				"north": {"uv": [3, 3, 6, 5], "texture": "#side"},
				"east": {"uv": [1, 1, 3, 3], "texture": "#side"},
				"south": {"uv": [1, 1, 3, 3], "texture": "#side"},
				"west": {"uv": [1, 2, 3, 3], "texture": "#side"},
				"up": {"uv": [1, 1, 3, 3], "rotation": 270, "texture": "#side"},
				"down": {"uv": [1, 2, 3, 3], "rotation": 90, "texture": "#side"}
			}
		},
		{
			"from": [11, 10, 1],
			"to": [13, 11, 2],
			"faces": {
				"north": {"uv": [3, 5, 5, 6], "texture": "#side"},
				"east": {"uv": [1, 1, 3, 3], "texture": "#side"},
				"south": {"uv": [1, 1, 3, 3], "texture": "#side"},
				"west": {"uv": [1, 2, 3, 3], "texture": "#side"},
				"up": {"uv": [1, 1, 3, 3], "rotation": 270, "texture": "#side"},
				"down": {"uv": [1, 2, 3, 3], "rotation": 90, "texture": "#side"}
			}
		},
		{
			"from": [11, 5, 1],
			"to": [13, 6, 2],
			"faces": {
				"north": {"uv": [3, 10, 5, 11], "texture": "#side"},
				"east": {"uv": [1, 1, 3, 3], "texture": "#side"},
				"south": {"uv": [1, 1, 3, 3], "texture": "#side"},
				"west": {"uv": [1, 2, 3, 3], "texture": "#side"},
				"up": {"uv": [2, 1, 3, 3], "rotation": 270, "texture": "#side"},
				"down": {"uv": [1, 2, 3, 3], "rotation": 90, "texture": "#side"}
			}
		},
		{
			"from": [3, 5, 1],
			"to": [5, 6, 2],
			"faces": {
				"north": {"uv": [11, 10, 13, 11], "texture": "#side"},
				"east": {"uv": [2, 1, 3, 3], "texture": "#side"},
				"south": {"uv": [1, 1, 3, 3], "texture": "#side"},
				"west": {"uv": [1, 2, 3, 3], "texture": "#side"},
				"up": {"uv": [2, 1, 3, 3], "rotation": 270, "texture": "#side"},
				"down": {"uv": [1, 2, 3, 3], "rotation": 90, "texture": "#side"}
			}
		},
		{
			"from": [3, 10, 1],
			"to": [5, 11, 2],
			"faces": {
				"north": {"uv": [11, 5, 13, 6], "texture": "#side"},
				"east": {"uv": [2, 1, 3, 3], "texture": "#side"},
				"south": {"uv": [1, 1, 3, 3], "texture": "#side"},
				"west": {"uv": [1, 2, 3, 3], "texture": "#side"},
				"up": {"uv": [1, 1, 3, 3], "rotation": 270, "texture": "#side"},
				"down": {"uv": [1, 2, 3, 3], "rotation": 90, "texture": "#side"}
			}
		},
		{
			"from": [3, 11, 1],
			"to": [6, 13, 2],
			"faces": {
				"north": {"uv": [10, 3, 13, 5], "texture": "#side"},
				"east": {"uv": [3, 3, 4, 5], "texture": "#side"},
				"south": {"uv": [1, 1, 3, 3], "texture": "#side"},
				"west": {"uv": [1, 2, 3, 3], "texture": "#side"},
				"up": {"uv": [1, 1, 3, 3], "rotation": 270, "texture": "#side"},
				"down": {"uv": [1, 2, 3, 3], "rotation": 90, "texture": "#side"}
			}
		},
		{
			"from": [6, 10, 2],
			"to": [10, 13, 3],
			"faces": {
				"north": {"uv": [6, 3, 10, 6], "texture": "#side"},
				"east": {"uv": [1, 1, 3, 3], "texture": "#side"},
				"south": {"uv": [1, 1, 3, 3], "texture": "#side"},
				"west": {"uv": [1, 2, 3, 3], "texture": "#side"},
				"up": {"uv": [1, 1, 3, 3], "rotation": 270, "texture": "#side"},
				"down": {"uv": [1, 2, 3, 3], "rotation": 90, "texture": "#side"}
			}
		},
		{
			"from": [6, 3, 2],
			"to": [10, 6, 3],
			"faces": {
				"north": {"uv": [6, 10, 10, 13], "texture": "#side"},
				"east": {"uv": [1, 1, 3, 3], "texture": "#side"},
				"south": {"uv": [1, 1, 3, 3], "texture": "#side"},
				"west": {"uv": [1, 2, 3, 3], "texture": "#side"},
				"up": {"uv": [2, 1, 3, 3], "rotation": 270, "texture": "#side"},
				"down": {"uv": [1, 2, 3, 3], "rotation": 90, "texture": "#side"}
			}
		},
		{
			"from": [7, 6, 3],
			"to": [9, 10, 4],
			"faces": {
				"north": {"uv": [7, 6, 9, 10], "texture": "#side"},
				"east": {"uv": [1, 1, 3, 3], "texture": "#side"},
				"south": {"uv": [1, 1, 3, 3], "texture": "#side"},
				"west": {"uv": [1, 2, 3, 3], "texture": "#side"},
				"up": {"uv": [1, 1, 3, 3], "rotation": 270, "texture": "#side"},
				"down": {"uv": [1, 2, 3, 3], "rotation": 90, "texture": "#side"}
			}
		},
		{
			"from": [9, 7, 3],
			"to": [10, 9, 4],
			"faces": {
				"north": {"uv": [6, 7, 7, 9], "texture": "#side"},
				"east": {"uv": [1, 1, 3, 3], "texture": "#side"},
				"south": {"uv": [1, 1, 3, 3], "texture": "#side"},
				"west": {"uv": [1, 2, 3, 3], "texture": "#side"},
				"up": {"uv": [1, 1, 3, 3], "rotation": 270, "texture": "#side"},
				"down": {"uv": [1, 2, 3, 3], "rotation": 90, "texture": "#side"}
			}
		},
		{
			"from": [6, 7, 3],
			"to": [7, 9, 4],
			"faces": {
				"north": {"uv": [9, 7, 10, 9], "texture": "#side"},
				"east": {"uv": [1, 1, 3, 3], "texture": "#side"},
				"south": {"uv": [1, 1, 3, 3], "texture": "#side"},
				"west": {"uv": [1, 2, 3, 3], "texture": "#side"},
				"up": {"uv": [1, 1, 3, 3], "rotation": 270, "texture": "#side"},
				"down": {"uv": [1, 2, 3, 3], "rotation": 90, "texture": "#side"}
			}
		},
		{
			"from": [10, 6, 2],
			"to": [13, 10, 3],
			"faces": {
				"north": {"uv": [3, 6, 6, 10], "texture": "#side"},
				"east": {"uv": [1, 1, 3, 3], "texture": "#side"},
				"south": {"uv": [1, 1, 3, 3], "texture": "#side"},
				"west": {"uv": [1, 2, 3, 3], "texture": "#side"},
				"up": {"uv": [1, 1, 3, 3], "rotation": 270, "texture": "#side"},
				"down": {"uv": [1, 2, 3, 3], "rotation": 90, "texture": "#side"}
			}
		},
		{
			"from": [3, 6, 2],
			"to": [6, 10, 3],
			"faces": {
				"north": {"uv": [10, 6, 13, 10], "texture": "#side"},
				"east": {"uv": [2, 1, 3, 3], "texture": "#side"},
				"south": {"uv": [1, 1, 3, 3], "texture": "#side"},
				"west": {"uv": [1, 2, 3, 3], "texture": "#side"},
				"up": {"uv": [1, 1, 3, 3], "rotation": 270, "texture": "#side"},
				"down": {"uv": [1, 2, 3, 3], "rotation": 90, "texture": "#side"}
			}
		},
		{
			"from": [5, 10, 2],
			"to": [6, 11, 3],
			"faces": {
				"north": {"uv": [10, 5, 11, 6], "texture": "#side"},
				"east": {"uv": [1, 1, 3, 3], "texture": "#side"},
				"south": {"uv": [1, 1, 3, 3], "texture": "#side"},
				"west": {"uv": [1, 2, 3, 3], "texture": "#side"},
				"up": {"uv": [1, 1, 3, 3], "rotation": 270, "texture": "#side"},
				"down": {"uv": [1, 2, 3, 3], "rotation": 90, "texture": "#side"}
			}
		},
		{
			"from": [10, 10, 2],
			"to": [11, 11, 3],
			"faces": {
				"north": {"uv": [5, 5, 6, 6], "texture": "#side"},
				"east": {"uv": [1, 1, 3, 3], "texture": "#side"},
				"south": {"uv": [1, 1, 3, 3], "texture": "#side"},
				"west": {"uv": [1, 2, 3, 3], "texture": "#side"},
				"up": {"uv": [1, 1, 3, 3], "rotation": 270, "texture": "#side"},
				"down": {"uv": [1, 2, 3, 3], "rotation": 90, "texture": "#side"}
			}
		},
		{
			"from": [9, 9, 2],
			"to": [10, 10, 3],
			"faces": {
				"north": {"uv": [6, 6, 7, 7], "texture": "#side"},
				"east": {"uv": [1, 1, 3, 3], "texture": "#side"},
				"south": {"uv": [1, 1, 3, 3], "texture": "#side"},
				"west": {"uv": [1, 2, 3, 3], "texture": "#side"},
				"up": {"uv": [1, 1, 3, 3], "rotation": 270, "texture": "#side"},
				"down": {"uv": [1, 2, 3, 3], "rotation": 90, "texture": "#side"}
			}
		},
		{
			"from": [6, 9, 2],
			"to": [7, 10, 3],
			"faces": {
				"north": {"uv": [9, 6, 10, 7], "texture": "#side"},
				"east": {"uv": [2, 1, 3, 3], "texture": "#side"},
				"south": {"uv": [1, 1, 3, 3], "texture": "#side"},
				"west": {"uv": [1, 2, 3, 3], "texture": "#side"},
				"up": {"uv": [1, 1, 3, 3], "rotation": 270, "texture": "#side"},
				"down": {"uv": [1, 2, 3, 3], "rotation": 90, "texture": "#side"}
			}
		},
		{
			"from": [6, 6, 2],
			"to": [7, 7, 3],
			"faces": {
				"north": {"uv": [9, 9, 10, 10], "texture": "#side"},
				"east": {"uv": [2, 1, 3, 3], "texture": "#side"},
				"south": {"uv": [1, 1, 3, 3], "texture": "#side"},
				"west": {"uv": [1, 2, 3, 3], "texture": "#side"},
				"up": {"uv": [2, 1, 3, 3], "rotation": 270, "texture": "#side"},
				"down": {"uv": [1, 2, 3, 3], "rotation": 90, "texture": "#side"}
			}
		},
		{
			"from": [9, 6, 2],
			"to": [10, 7, 3],
			"faces": {
				"north": {"uv": [6, 9, 7, 10], "texture": "#side"},
				"east": {"uv": [1, 1, 3, 3], "texture": "#side"},
				"south": {"uv": [1, 1, 3, 3], "texture": "#side"},
				"west": {"uv": [1, 2, 3, 3], "texture": "#side"},
				"up": {"uv": [2, 1, 3, 3], "rotation": 270, "texture": "#side"},
				"down": {"uv": [1, 2, 3, 3], "rotation": 90, "texture": "#side"}
			}
		},
		{
			"from": [10, 5, 2],
			"to": [11, 6, 3],
			"faces": {
				"north": {"uv": [5, 10, 6, 11], "texture": "#side"},
				"east": {"uv": [1, 1, 3, 3], "texture": "#side"},
				"south": {"uv": [1, 1, 3, 3], "texture": "#side"},
				"west": {"uv": [1, 2, 3, 3], "texture": "#side"},
				"up": {"uv": [1, 1, 3, 3], "rotation": 270, "texture": "#side"},
				"down": {"uv": [1, 2, 3, 3], "rotation": 90, "texture": "#side"}
			}
		},
		{
			"from": [5, 5, 2],
			"to": [6, 6, 3],
			"faces": {
				"north": {"uv": [10, 10, 11, 11], "texture": "#side"},
				"east": {"uv": [1, 1, 3, 3], "texture": "#side"},
				"south": {"uv": [1, 1, 3, 3], "texture": "#side"},
				"west": {"uv": [1, 2, 3, 3], "texture": "#side"},
				"up": {"uv": [1, 1, 3, 3], "rotation": 270, "texture": "#side"},
				"down": {"uv": [1, 2, 3, 3], "rotation": 90, "texture": "#side"}
			}
		},
		{
			"from": [3, 3, 1],
			"to": [6, 5, 2],
			"faces": {
				"north": {"uv": [10, 11, 13, 13], "texture": "#side"},
				"east": {"uv": [2, 6, 3, 8], "texture": "#side"},
				"south": {"uv": [1, 1, 3, 3], "texture": "#side"},
				"west": {"uv": [1, 2, 3, 3], "texture": "#side"},
				"up": {"uv": [1, 1, 3, 3], "rotation": 270, "texture": "#side"},
				"down": {"uv": [1, 2, 3, 3], "rotation": 90, "texture": "#side"}
			}
		},
		{
			"from": [10, 3, 1],
			"to": [13, 5, 2],
			"faces": {
				"north": {"uv": [3, 11, 6, 13], "texture": "#side"},
				"east": {"uv": [1, 1, 3, 3], "texture": "#side"},
				"south": {"uv": [1, 1, 3, 3], "texture": "#side"},
				"west": {"uv": [1, 2, 3, 3], "texture": "#side"},
				"up": {"uv": [2, 2, 3, 3], "rotation": 270, "texture": "#side"},
				"down": {"uv": [1, 2, 3, 3], "rotation": 90, "texture": "#side"}
			}
		},
		{
			"from": [3, 1, 1],
			"to": [13, 3, 2],
			"faces": {
				"north": {"uv": [3, 13, 13, 15], "texture": "#side"},
				"east": {"uv": [1, 1, 3, 3], "texture": "#side"},
				"south": {"uv": [1, 1, 3, 3], "texture": "#side"},
				"west": {"uv": [1, 2, 3, 3], "texture": "#side"},
				"up": {"uv": [2, 3, 3, 13], "rotation": 270, "texture": "#side"},
				"down": {"uv": [1, 2, 3, 3], "rotation": 90, "texture": "#side"}
			}
		},
		{
			"from": [13, 3, 1],
			"to": [14, 13, 2],
			"faces": {
				"north": {"uv": [2, 3, 3, 13], "texture": "#side"},
				"east": {"uv": [14, 3, 15, 13], "texture": "#side"},
				"south": {"uv": [1, 1, 3, 3], "texture": "#side"},
				"west": {"uv": [2, 3, 3, 13], "texture": "#side"},
				"up": {"uv": [1, 1, 3, 3], "rotation": 270, "texture": "#side"},
				"down": {"uv": [1, 2, 3, 3], "rotation": 90, "texture": "#side"}
			}
		},
		{
			"from": [2, 3, 1],
			"to": [3, 13, 2],
			"faces": {
				"north": {"uv": [13, 3, 14, 13], "texture": "#side"},
				"east": {"uv": [13, 3, 14, 13], "texture": "#side"},
				"south": {"uv": [1, 1, 3, 3], "texture": "#side"},
				"west": {"uv": [1, 3, 2, 13], "texture": "#side"},
				"up": {"uv": [1, 1, 3, 3], "rotation": 270, "texture": "#side"},
				"down": {"uv": [1, 2, 3, 3], "rotation": 90, "texture": "#side"}
			}
		},
		{
			"from": [13, 1, 0],
			"to": [15, 3, 1],
			"faces": {
				"north": {"uv": [1, 13, 3, 15], "texture": "#side"},
				"east": {"uv": [1, 1, 3, 3], "texture": "#side"},
				"south": {"uv": [1, 1, 3, 3], "texture": "#side"},
				"west": {"uv": [1, 2, 3, 3], "texture": "#side"},
				"up": {"uv": [1, 1, 2, 2], "rotation": 270, "texture": "#side"},
				"down": {"uv": [1, 2, 3, 3], "rotation": 90, "texture": "#side"}
			}
		},
		{
			"from": [1, 1, 0],
			"to": [3, 3, 1],
			"faces": {
				"north": {"uv": [13, 13, 15, 15], "texture": "#side"},
				"east": {"uv": [1, 1, 2, 3], "texture": "#side"},
				"south": {"uv": [1, 1, 3, 3], "texture": "#side"},
				"west": {"uv": [1, 2, 3, 3], "texture": "#side"},
				"up": {"uv": [12, 13, 13, 15], "rotation": 270, "texture": "#side"},
				"down": {"uv": [1, 2, 3, 3], "rotation": 90, "texture": "#side"}
			}
		},
		{
			"from": [1, 13, 0],
			"to": [3, 15, 1],
			"faces": {
				"north": {"uv": [13, 1, 15, 3], "texture": "#side"},
				"east": {"uv": [2, 1, 3, 3], "texture": "#side"},
				"south": {"uv": [1, 1, 3, 3], "texture": "#side"},
				"west": {"uv": [1, 2, 3, 3], "texture": "#side"},
				"up": {"uv": [1, 1, 3, 3], "rotation": 270, "texture": "#side"},
				"down": {"uv": [1, 2, 3, 3], "rotation": 90, "texture": "#side"}
			}
		}
	],
	"groups": [0, 1, 2, 3,
		{
			"name": "Top&bottom",
			"origin": [8, 8, 8],
			"children": [4, 5, 6, 7, 8, 9, 10, 11, 12]
		},
		{
			"name": "Top&bottom",
			"origin": [8, 8, 8],
			"children": [13, 14, 15, 16, 17, 18, 19, 20, 21]
		},
		{
			"name": "side",
			"origin": [8, 8, 8],
			"children": [22, 23, 24, 25, 26, 27, 28, 29, 30, 31, 32, 33, 34, 35, 36, 37, 38, 39, 40, 41, 42, 43, 44, 45, 46, 47, 48, 49, 50, 51, 52]
		},
		{
			"name": "side",
			"origin": [8, 8, 8],
			"children": [53, 54, 55, 56, 57, 58, 59, 60, 61, 62, 63, 64, 65, 66, 67, 68, 69, 70, 71, 72, 73, 74, 75, 76, 77, 78, 79, 80, 81, 82, 83]
		},
		{
			"name": "sidecropped",
			"origin": [8, 8, 8],
			"children": [84, 85, 86, 87, 88, 89, 90, 91, 92, 93, 94, 95, 96, 97, 98, 99, 100, 101, 102, 103, 104, 105, 106, 107, 108, 109, 110, 111, 112, 113, 114]
		},
		{
			"name": "sidecropped",
			"origin": [8, 8, 8],
			"children": [115, 116, 117, 118, 119, 120, 121, 122, 123, 124, 125, 126, 127, 128, 129, 130, 131, 132, 133, 134, 135, 136, 137, 138, 139, 140, 141, 142, 143, 144, 145]
		}
	]
}